solid OpenSCAD_Model
  facet normal -0.3775100567427729 -0.5195980168968001 -0.7664881329120374
    outer loop
      vertex -16.728265158971457 -18.578620636934858 5
      vertex -9.75 -16.887495373796554 0.41666666666666663
      vertex -12.5 -21.650635094610966 5
    endloop
  endfacet
  facet normal -0.4772910584943946 -0.42975479937554956 -0.7664881329120374
    outer loop
      vertex -20.225424859373685 -14.694631307311829 5
      vertex -13.048046823997735 -14.491324096809187 0.4166666666666671
      vertex -16.728265158971457 -18.578620636934858 5
    endloop
  endfacet
  facet normal 0 0 1
    outer loop
      vertex -20.225424859373685 -14.694631307311829 5
      vertex -16.728265158971457 -18.578620636934858 5
      vertex -19.07387821430921 -4.054277970946307 5
    endloop
  endfacet
  facet normal -0.47729105849439446 -0.42975479937555033 -0.7664881329120372
    outer loop
      vertex -20.225424859373685 -14.694631307311829 5
      vertex -15.775831390311476 -11.461812419703227 0.41666666666666635
      vertex -13.048046823997735 -14.491324096809187 0.4166666666666671
    endloop
  endfacet
  facet normal 0 0 1
    outer loop
      vertex -16.728265158971457 -18.578620636934858 5
      vertex -15.775831390311476 -11.461812419703227 5
      vertex -17.814136424030718 -7.931364539978104 5
    endloop
  endfacet
  facet normal 0 0 1
    outer loop
      vertex -16.728265158971457 -18.578620636934858 5
      vertex -12.5 -21.650635094610966 5
      vertex -15.775831390311476 -11.461812419703227 5
    endloop
  endfacet
  facet normal -0.37751005674277305 -0.5195980168967994 -0.7664881329120377
    outer loop
      vertex -16.728265158971457 -18.578620636934858 5
      vertex -13.048046823997735 -14.491324096809187 0.4166666666666671
      vertex -9.75 -16.887495373796554 0.41666666666666663
    endloop
  endfacet
  facet normal 0 0 1
    outer loop
      vertex -13.048046823997735 -14.491324096809187 5
      vertex -15.775831390311476 -11.461812419703227 5
      vertex -12.5 -21.650635094610966 5
    endloop
  endfacet
  facet normal -0.5562121506932085 -0.3211292349292643 -0.7664881329120373
    outer loop
      vertex -20.225424859373685 -14.694631307311829 5
      vertex -22.83863644106502 -10.168416076895005 5
      vertex -15.775831390311476 -11.461812419703227 0.41666666666666635
    endloop
  endfacet
  facet normal -0.5562121506932085 -0.3211292349292639 -0.7664881329120374
    outer loop
      vertex -22.83863644106502 -10.168416076895005 5
      vertex -17.814136424030718 -7.931364539978105 0.4166666666666684
      vertex -15.775831390311476 -11.461812419703227 0.41666666666666635
    endloop
  endfacet
  facet normal -0.6108241029047082 -0.19846878196753576 -0.7664881329120374
    outer loop
      vertex -22.83863644106502 -10.168416076895005 5
      vertex -24.453690018345142 -5.197792270443983 5
      vertex -17.814136424030718 -7.931364539978105 0.4166666666666684
    endloop
  endfacet
  facet normal 0 0 1
    outer loop
      vertex -20.225424859373685 -14.694631307311829 5
      vertex -19.07387821430921 -4.054277970946307 5
      vertex -19.5 0 5
    endloop
  endfacet
  facet normal 0 0 1
    outer loop
      vertex -22.83863644106502 -10.168416076895005 5
      vertex -24.453690018345142 5.197792270443983 5
      vertex -24.453690018345142 -5.197792270443983 5
    endloop
  endfacet
  facet normal 0 0 1
    outer loop
      vertex -20.225424859373685 -14.694631307311829 5
      vertex -22.83863644106502 10.168416076895005 5
      vertex -22.83863644106502 -10.168416076895005 5
    endloop
  endfacet
  facet normal -0.6387401107600312 -0.0671342908749464 -0.7664881329120374
    outer loop
      vertex -24.453690018345142 -5.197792270443983 5
      vertex -25 0 5
      vertex -19.07387821430921 -4.054277970946307 0.41666666666666663
    endloop
  endfacet
  facet normal -0.6108241029047082 -0.1984687819675357 -0.7664881329120373
    outer loop
      vertex -24.453690018345142 -5.197792270443983 5
      vertex -19.07387821430921 -4.054277970946307 0.41666666666666663
      vertex -17.814136424030718 -7.931364539978105 0.4166666666666684
    endloop
  endfacet
  facet normal -0.6387401107600312 -0.06713429087494639 -0.7664881329120374
    outer loop
      vertex -19.07387821430921 -4.054277970946307 0.41666666666666663
      vertex -25 0 5
      vertex -19.5 0 0.41666666666666663
    endloop
  endfacet
  facet normal 0 0 1
    outer loop
      vertex -16.728265158971457 -18.578620636934858 5
      vertex -17.814136424030718 -7.931364539978104 5
      vertex -19.07387821430921 -4.054277970946307 5
    endloop
  endfacet
  facet normal 0 0 1
    outer loop
      vertex -12.5 -21.650635094610966 5
      vertex -7.7254248593736845 -23.776412907378838 5
      vertex -9.75 -16.887495373796554 5
    endloop
  endfacet
  facet normal -0.26123005401725785 -0.5867323077717466 -0.7664881329120373
    outer loop
      vertex -12.5 -21.650635094610966 5
      vertex -9.75 -16.887495373796554 0.41666666666666663
      vertex -6.025831390311474 -18.545602067755492 0.4166666666666657
    endloop
  endfacet
  facet normal -0.26123005401725785 -0.5867323077717463 -0.7664881329120373
    outer loop
      vertex -12.5 -21.650635094610966 5
      vertex -6.025831390311474 -18.545602067755492 0.4166666666666657
      vertex -7.7254248593736845 -23.776412907378838 5
    endloop
  endfacet
  facet normal 0 0 1
    outer loop
      vertex -7.7254248593736845 -23.776412907378838 5
      vertex -6.025831390311474 -18.545602067755492 5
      vertex -9.75 -16.887495373796554 5
    endloop
  endfacet
  facet normal 0 0 1
    outer loop
      vertex -13.048046823997735 -14.491324096809187 5
      vertex -12.5 -21.650635094610966 5
      vertex -9.75 -16.887495373796554 5
    endloop
  endfacet
  facet normal 0 0 1
    outer loop
      vertex -7.7254248593736845 -23.776412907378838 5
      vertex -2.6132115816913366 -24.863047384206833 5
      vertex -6.025831390311474 -18.545602067755492 5
    endloop
  endfacet
  facet normal -0.13353304441031386 -0.6282235813430851 -0.7664881329120375
    outer loop
      vertex -7.7254248593736845 -23.776412907378838 5
      vertex -2.0383050337192428 -19.39317695968133 0.41666666666666785
      vertex -2.6132115816913366 -24.863047384206833 5
    endloop
  endfacet
  facet normal -0.1335330444103137 -0.6282235813430852 -0.7664881329120374
    outer loop
      vertex -7.7254248593736845 -23.776412907378838 5
      vertex -6.025831390311474 -18.545602067755492 0.4166666666666657
      vertex -2.0383050337192428 -19.39317695968133 0.41666666666666785
    endloop
  endfacet
  facet normal 0 0 1
    outer loop
      vertex -2.6132115816913366 -24.863047384206833 5
      vertex -2.0383050337192428 -19.39317695968133 5
      vertex -6.025831390311474 -18.545602067755492 5
    endloop
  endfacet
  facet normal 0 0 1
    outer loop
      vertex -2.6132115816913366 -24.863047384206833 5
      vertex 2.6132115816913366 -24.863047384206833 5
      vertex -2.0383050337192428 -19.39317695968133 5
    endloop
  endfacet
  facet normal 3.9480431773255184e-17 -0.642258469858529 -0.7664881329120374
    outer loop
      vertex -2.6132115816913366 -24.863047384206833 5
      vertex -2.0383050337192428 -19.39317695968133 0.41666666666666785
      vertex 2.0383050337192428 -19.39317695968133 0.41666666666666785
    endloop
  endfacet
  facet normal 0 0 1
    outer loop
      vertex -24.453690018345142 -5.197792270443983 5
      vertex -24.453690018345142 5.197792270443983 5
      vertex -25 0 5
    endloop
  endfacet
  facet normal -0.6387401107600312 0.0671342908749464 -0.7664881329120374
    outer loop
      vertex -25 0 5
      vertex -24.453690018345142 5.197792270443983 5
      vertex -19.5 0 0.41666666666666663
    endloop
  endfacet
  facet normal 0 0 1
    outer loop
      vertex -22.83863644106502 -10.168416076895005 5
      vertex -22.83863644106502 10.168416076895005 5
      vertex -24.453690018345142 5.197792270443983 5
    endloop
  endfacet
  facet normal -0.6387401107600312 0.06713429087494635 -0.7664881329120374
    outer loop
      vertex -24.453690018345142 5.197792270443983 5
      vertex -19.07387821430921 4.054277970946307 0.41666666666666663
      vertex -19.5 0 0.41666666666666663
    endloop
  endfacet
  facet normal 0 0 1
    outer loop
      vertex -20.225424859373685 -14.694631307311829 5
      vertex -19.5 0 5
      vertex -20.225424859373685 14.694631307311829 5
    endloop
  endfacet
  facet normal 0 0 1
    outer loop
      vertex -20.225424859373685 -14.694631307311829 5
      vertex -20.225424859373685 14.694631307311829 5
      vertex -22.83863644106502 10.168416076895005 5
    endloop
  endfacet
  facet normal -0.6108241029047081 0.19846878196753576 -0.7664881329120374
    outer loop
      vertex -24.453690018345142 5.197792270443983 5
      vertex -22.83863644106502 10.168416076895005 5
      vertex -19.07387821430921 4.054277970946307 0.41666666666666663
    endloop
  endfacet
  facet normal -0.6108241029047082 0.19846878196753578 -0.7664881329120374
    outer loop
      vertex -19.07387821430921 4.054277970946307 0.41666666666666663
      vertex -22.83863644106502 10.168416076895005 5
      vertex -17.814136424030718 7.931364539978104 0.4166666666666686
    endloop
  endfacet
  facet normal 0 0 1
    outer loop
      vertex -19.5 0 5
      vertex -19.07387821430921 4.054277970946307 5
      vertex -20.225424859373685 14.694631307311829 5
    endloop
  endfacet
  facet normal 0 0 1
    outer loop
      vertex -19.07387821430921 4.054277970946307 5
      vertex -17.814136424030718 7.931364539978104 5
      vertex -20.225424859373685 14.694631307311829 5
    endloop
  endfacet
  facet normal -0.5562121506932083 0.3211292349292642 -0.7664881329120374
    outer loop
      vertex -22.83863644106502 10.168416076895005 5
      vertex -20.225424859373685 14.694631307311829 5
      vertex -17.814136424030718 7.931364539978104 0.4166666666666686
    endloop
  endfacet
  facet normal -0.5562121506932085 0.321129234929264 -0.7664881329120374
    outer loop
      vertex -17.814136424030718 7.931364539978104 0.4166666666666686
      vertex -20.225424859373685 14.694631307311829 5
      vertex -15.775831390311476 11.461812419703227 0.41666666666666635
    endloop
  endfacet
  facet normal 0 0 1
    outer loop
      vertex -17.814136424030718 7.931364539978104 5
      vertex -15.775831390311476 11.461812419703227 5
      vertex -20.225424859373685 14.694631307311829 5
    endloop
  endfacet
  facet normal -0.4772910584943949 0.4297547993755497 -0.7664881329120373
    outer loop
      vertex -15.775831390311476 11.461812419703227 0.41666666666666635
      vertex -20.225424859373685 14.694631307311829 5
      vertex -16.728265158971457 18.578620636934858 5
    endloop
  endfacet
  facet normal 0 0 1
    outer loop
      vertex -15.775831390311476 11.461812419703227 5
      vertex -16.728265158971457 18.578620636934858 5
      vertex -20.225424859373685 14.694631307311829 5
    endloop
  endfacet
  facet normal -0.47729105849439435 0.42975479937555006 -0.7664881329120377
    outer loop
      vertex -15.775831390311476 11.461812419703227 0.41666666666666635
      vertex -16.728265158971457 18.578620636934858 5
      vertex -13.048046823997735 14.491324096809187 0.4166666666666671
    endloop
  endfacet
  facet normal 0 0 1
    outer loop
      vertex -15.775831390311476 11.461812419703227 5
      vertex -13.048046823997735 14.491324096809187 5
      vertex -16.728265158971457 18.578620636934858 5
    endloop
  endfacet
  facet normal -0.3775100567427727 0.5195980168967999 -0.7664881329120374
    outer loop
      vertex -16.728265158971457 18.578620636934858 5
      vertex -12.5 21.650635094610966 5
      vertex -13.048046823997735 14.491324096809187 0.4166666666666671
    endloop
  endfacet
  facet normal 0 0 1
    outer loop
      vertex -16.728265158971457 18.578620636934858 5
      vertex -13.048046823997735 14.491324096809187 5
      vertex -9.75 16.887495373796554 5
    endloop
  endfacet
  facet normal 0 0 1
    outer loop
      vertex -16.728265158971457 18.578620636934858 5
      vertex -9.75 16.887495373796554 5
      vertex -12.5 21.650635094610966 5
    endloop
  endfacet
  facet normal -0.3775100567427734 0.5195980168967997 -0.7664881329120374
    outer loop
      vertex -13.048046823997735 14.491324096809187 0.4166666666666671
      vertex -12.5 21.650635094610966 5
      vertex -9.75 16.887495373796554 0.41666666666666663
    endloop
  endfacet
  facet normal 0 0 1
    outer loop
      vertex -9.75 16.887495373796554 5
      vertex -6.025831390311474 18.545602067755492 5
      vertex -12.5 21.650635094610966 5
    endloop
  endfacet
  facet normal -0.2612300540172579 0.5867323077717466 -0.7664881329120374
    outer loop
      vertex -9.75 16.887495373796554 0.41666666666666663
      vertex -12.5 21.650635094610966 5
      vertex -7.7254248593736845 23.776412907378838 5
    endloop
  endfacet
  facet normal -0.2612300540172578 0.5867323077717466 -0.7664881329120374
    outer loop
      vertex -9.75 16.887495373796554 0.41666666666666663
      vertex -7.7254248593736845 23.776412907378838 5
      vertex -6.025831390311474 18.545602067755492 0.4166666666666657
    endloop
  endfacet
  facet normal 0 0 1
    outer loop
      vertex -12.5 21.650635094610966 5
      vertex -6.025831390311474 18.545602067755492 5
      vertex -7.7254248593736845 23.776412907378838 5
    endloop
  endfacet
  facet normal 0 0 1
    outer loop
      vertex -7.7254248593736845 23.776412907378838 5
      vertex -6.025831390311474 18.545602067755492 5
      vertex -2.0383050337192428 19.39317695968133 5
    endloop
  endfacet
  facet normal -0.13353304441031363 0.6282235813430852 -0.7664881329120374
    outer loop
      vertex -6.025831390311474 18.545602067755492 0.4166666666666657
      vertex -2.6132115816913366 24.863047384206833 5
      vertex -2.0383050337192428 19.39317695968133 0.41666666666666785
    endloop
  endfacet
  facet normal -0.13353304441031386 0.6282235813430852 -0.7664881329120373
    outer loop
      vertex -7.7254248593736845 23.776412907378838 5
      vertex -2.6132115816913366 24.863047384206833 5
      vertex -6.025831390311474 18.545602067755492 0.4166666666666657
    endloop
  endfacet
  facet normal 0 0 1
    outer loop
      vertex -7.7254248593736845 23.776412907378838 5
      vertex -2.0383050337192428 19.39317695968133 5
      vertex -2.6132115816913366 24.863047384206833 5
    endloop
  endfacet
  facet normal 0 0 1
    outer loop
      vertex -2.0383050337192428 19.39317695968133 5
      vertex 2.0383050337192428 19.39317695968133 5
      vertex -2.6132115816913366 24.863047384206833 5
    endloop
  endfacet
  facet normal -3.0794736783139047e-17 0.6422584698585289 -0.7664881329120375
    outer loop
      vertex -2.0383050337192428 19.39317695968133 0.41666666666666785
      vertex -2.6132115816913366 24.863047384206833 5
      vertex 2.6132115816913366 24.863047384206833 5
    endloop
  endfacet
  facet normal 0 -0.6422584698585289 -0.7664881329120375
    outer loop
      vertex -2.6132115816913366 -24.863047384206833 5
      vertex 2.0383050337192428 -19.39317695968133 0.41666666666666785
      vertex 2.6132115816913366 -24.863047384206833 5
    endloop
  endfacet
  facet normal 0 0 1
    outer loop
      vertex -2.0383050337192428 -19.39317695968133 5
      vertex 2.6132115816913366 -24.863047384206833 5
      vertex 2.0383050337192428 -19.39317695968133 5
    endloop
  endfacet
  facet normal 0 0 1
    outer loop
      vertex 2.6132115816913366 -24.863047384206833 5
      vertex 7.7254248593736845 -23.776412907378838 5
      vertex 2.0383050337192428 -19.39317695968133 5
    endloop
  endfacet
  facet normal 0.13353304441031386 -0.6282235813430852 -0.7664881329120373
    outer loop
      vertex 2.6132115816913366 -24.863047384206833 5
      vertex 6.025831390311474 -18.545602067755492 0.4166666666666657
      vertex 7.7254248593736845 -23.776412907378838 5
    endloop
  endfacet
  facet normal 0.13353304441031377 -0.6282235813430851 -0.7664881329120374
    outer loop
      vertex 2.6132115816913366 -24.863047384206833 5
      vertex 2.0383050337192428 -19.39317695968133 0.41666666666666785
      vertex 6.025831390311474 -18.545602067755492 0.4166666666666657
    endloop
  endfacet
  facet normal 0 0 1
    outer loop
      vertex 2.0383050337192428 -19.39317695968133 5
      vertex 7.7254248593736845 -23.776412907378838 5
      vertex 6.025831390311474 -18.545602067755492 5
    endloop
  endfacet
  facet normal 0 0 1
    outer loop
      vertex 6.025831390311474 -18.545602067755492 5
      vertex 7.7254248593736845 -23.776412907378838 5
      vertex 12.5 -21.650635094610966 5
    endloop
  endfacet
  facet normal 0.26123005401725785 -0.5867323077717466 -0.7664881329120374
    outer loop
      vertex 6.025831390311474 -18.545602067755492 0.4166666666666657
      vertex 9.75 -16.887495373796554 0.41666666666666663
      vertex 7.7254248593736845 -23.776412907378838 5
    endloop
  endfacet
  facet normal 0.2612300540172579 -0.5867323077717466 -0.7664881329120374
    outer loop
      vertex 7.7254248593736845 -23.776412907378838 5
      vertex 9.75 -16.887495373796554 0.41666666666666663
      vertex 12.5 -21.650635094610966 5
    endloop
  endfacet
  facet normal 0 0 1
    outer loop
      vertex 6.025831390311474 -18.545602067755492 5
      vertex 12.5 -21.650635094610966 5
      vertex 9.75 -16.887495373796554 5
    endloop
  endfacet
  facet normal 0.3775100567427733 -0.5195980168967997 -0.7664881329120374
    outer loop
      vertex 9.75 -16.887495373796554 0.41666666666666663
      vertex 13.048046823997735 -14.491324096809187 0.4166666666666671
      vertex 12.5 -21.650635094610966 5
    endloop
  endfacet
  facet normal 0 0 1
    outer loop
      vertex 9.75 -16.887495373796554 5
      vertex 12.5 -21.650635094610966 5
      vertex 16.728265158971457 -18.578620636934858 5
    endloop
  endfacet
  facet normal 0 0 1
    outer loop
      vertex 9.75 -16.887495373796554 5
      vertex 16.728265158971457 -18.578620636934858 5
      vertex 13.048046823997735 -14.491324096809187 5
    endloop
  endfacet
  facet normal 0.3775100567427727 -0.5195980168967999 -0.7664881329120374
    outer loop
      vertex 12.5 -21.650635094610966 5
      vertex 13.048046823997735 -14.491324096809187 0.4166666666666671
      vertex 16.728265158971457 -18.578620636934858 5
    endloop
  endfacet
  facet normal 0.4772910584943943 -0.42975479937555006 -0.7664881329120377
    outer loop
      vertex 13.048046823997735 -14.491324096809187 0.4166666666666671
      vertex 15.775831390311476 -11.461812419703227 0.41666666666666635
      vertex 16.728265158971457 -18.578620636934858 5
    endloop
  endfacet
  facet normal 0 0 1
    outer loop
      vertex 13.048046823997735 -14.491324096809187 5
      vertex 16.728265158971457 -18.578620636934858 5
      vertex 15.775831390311476 -11.461812419703227 5
    endloop
  endfacet
  facet normal 0.4772910584943949 -0.4297547993755497 -0.7664881329120374
    outer loop
      vertex 16.728265158971457 -18.578620636934858 5
      vertex 15.775831390311476 -11.461812419703227 0.41666666666666635
      vertex 20.225424859373685 -14.694631307311829 5
    endloop
  endfacet
  facet normal 0 0 1
    outer loop
      vertex 16.728265158971457 -18.578620636934858 5
      vertex 20.225424859373685 -14.694631307311829 5
      vertex 15.775831390311476 -11.461812419703227 5
    endloop
  endfacet
  facet normal 0.5562121506932087 -0.321129234929264 -0.7664881329120373
    outer loop
      vertex 20.225424859373685 -14.694631307311829 5
      vertex 15.775831390311476 -11.461812419703227 0.41666666666666635
      vertex 17.814136424030718 -7.931364539978104 0.4166666666666686
    endloop
  endfacet
  facet normal 0 0 1
    outer loop
      vertex 20.225424859373685 -14.694631307311829 5
      vertex 17.814136424030718 -7.931364539978104 5
      vertex 15.775831390311476 -11.461812419703227 5
    endloop
  endfacet
  facet normal 0.5562121506932083 -0.3211292349292642 -0.7664881329120374
    outer loop
      vertex 20.225424859373685 -14.694631307311829 5
      vertex 17.814136424030718 -7.931364539978104 0.4166666666666686
      vertex 22.83863644106502 -10.168416076895005 5
    endloop
  endfacet
  facet normal 0 0 1
    outer loop
      vertex 20.225424859373685 -14.694631307311829 5
      vertex 19.07387821430921 -4.054277970946307 5
      vertex 17.814136424030718 -7.931364539978104 5
    endloop
  endfacet
  facet normal 0.6108241029047082 -0.1984687819675358 -0.7664881329120374
    outer loop
      vertex 17.814136424030718 -7.931364539978104 0.4166666666666686
      vertex 19.07387821430921 -4.054277970946307 0.41666666666666663
      vertex 22.83863644106502 -10.168416076895005 5
    endloop
  endfacet
  facet normal 0 0 1
    outer loop
      vertex 20.225424859373685 -14.694631307311829 5
      vertex 19.5 0 5
      vertex 19.07387821430921 -4.054277970946307 5
    endloop
  endfacet
  facet normal 0.6108241029047081 -0.19846878196753576 -0.7664881329120374
    outer loop
      vertex 22.83863644106502 -10.168416076895005 5
      vertex 19.07387821430921 -4.054277970946307 0.41666666666666663
      vertex 24.453690018345142 -5.197792270443983 5
    endloop
  endfacet
  facet normal 0 0 1
    outer loop
      vertex 20.225424859373685 -14.694631307311829 5
      vertex 22.83863644106502 -10.168416076895005 5
      vertex 20.225424859373685 14.694631307311829 5
    endloop
  endfacet
  facet normal 0.6387401107600312 -0.06713429087494639 -0.7664881329120374
    outer loop
      vertex 19.07387821430921 -4.054277970946307 0.41666666666666663
      vertex 19.5 0 0.41666666666666663
      vertex 24.453690018345142 -5.197792270443983 5
    endloop
  endfacet
  facet normal 0.6387401107600312 -0.0671342908749464 -0.7664881329120374
    outer loop
      vertex 24.453690018345142 -5.197792270443983 5
      vertex 19.5 0 0.41666666666666663
      vertex 25 0 5
    endloop
  endfacet
  facet normal 0 0 1
    outer loop
      vertex 22.83863644106502 -10.168416076895005 5
      vertex 24.453690018345142 -5.197792270443983 5
      vertex 22.83863644106502 10.168416076895005 5
    endloop
  endfacet
  facet normal 0 0.6422584698585289 -0.7664881329120375
    outer loop
      vertex -2.0383050337192428 19.39317695968133 0.41666666666666785
      vertex 2.6132115816913366 24.863047384206833 5
      vertex 2.0383050337192428 19.39317695968133 0.41666666666666785
    endloop
  endfacet
  facet normal 0 0 1
    outer loop
      vertex -2.6132115816913366 24.863047384206833 5
      vertex 2.0383050337192428 19.39317695968133 5
      vertex 2.6132115816913366 24.863047384206833 5
    endloop
  endfacet
  facet normal 0 0 1
    outer loop
      vertex 6.025831390311474 18.545602067755492 5
      vertex 2.6132115816913366 24.863047384206833 5
      vertex 2.0383050337192428 19.39317695968133 5
    endloop
  endfacet
  facet normal 0.1335330444103137 0.6282235813430853 -0.7664881329120374
    outer loop
      vertex 6.025831390311474 18.545602067755492 0.4166666666666657
      vertex 2.0383050337192428 19.39317695968133 0.41666666666666785
      vertex 7.7254248593736845 23.776412907378838 5
    endloop
  endfacet
  facet normal 0.1335330444103139 0.6282235813430851 -0.7664881329120374
    outer loop
      vertex 2.0383050337192428 19.39317695968133 0.41666666666666785
      vertex 2.6132115816913366 24.863047384206833 5
      vertex 7.7254248593736845 23.776412907378838 5
    endloop
  endfacet
  facet normal 0 0 1
    outer loop
      vertex 6.025831390311474 18.545602067755492 5
      vertex 7.7254248593736845 23.776412907378838 5
      vertex 2.6132115816913366 24.863047384206833 5
    endloop
  endfacet
  facet normal 0 0 1
    outer loop
      vertex 9.75 16.887495373796554 5
      vertex 13.048046823997735 14.491324096809187 5
      vertex 12.5 21.650635094610966 5
    endloop
  endfacet
  facet normal 0 0 1
    outer loop
      vertex 6.025831390311474 18.545602067755492 5
      vertex 9.75 16.887495373796554 5
      vertex 7.7254248593736845 23.776412907378838 5
    endloop
  endfacet
  facet normal 0.26123005401725785 0.5867323077717463 -0.7664881329120373
    outer loop
      vertex 6.025831390311474 18.545602067755492 0.4166666666666657
      vertex 7.7254248593736845 23.776412907378838 5
      vertex 12.5 21.650635094610966 5
    endloop
  endfacet
  facet normal 0.26123005401725785 0.5867323077717465 -0.7664881329120374
    outer loop
      vertex 6.025831390311474 18.545602067755492 0.4166666666666657
      vertex 12.5 21.650635094610966 5
      vertex 9.75 16.887495373796554 0.41666666666666663
    endloop
  endfacet
  facet normal 0 0 1
    outer loop
      vertex 9.75 16.887495373796554 5
      vertex 12.5 21.650635094610966 5
      vertex 7.7254248593736845 23.776412907378838 5
    endloop
  endfacet
  facet normal 0 0 1
    outer loop
      vertex 17.814136424030718 7.931364539978104 5
      vertex 19.07387821430921 4.054277970946307 5
      vertex 16.728265158971457 18.578620636934858 5
    endloop
  endfacet
  facet normal 0 0 1
    outer loop
      vertex 20.225424859373685 -14.694631307311829 5
      vertex 20.225424859373685 14.694631307311829 5
      vertex 19.5 0 5
    endloop
  endfacet
  facet normal 0.6387401107600312 0.06713429087494639 -0.7664881329120374
    outer loop
      vertex 19.5 0 0.41666666666666663
      vertex 19.07387821430921 4.054277970946307 0.41666666666666663
      vertex 25 0 5
    endloop
  endfacet
  facet normal 0.6108241029047081 0.19846878196753576 -0.7664881329120374
    outer loop
      vertex 17.814136424030718 7.931364539978105 0.4166666666666684
      vertex 24.453690018345142 5.197792270443983 5
      vertex 19.07387821430921 4.054277970946307 0.41666666666666663
    endloop
  endfacet
  facet normal 0.6387401107600312 0.06713429087494645 -0.7664881329120374
    outer loop
      vertex 19.07387821430921 4.054277970946307 0.41666666666666663
      vertex 24.453690018345142 5.197792270443983 5
      vertex 25 0 5
    endloop
  endfacet
  facet normal 0 0 1
    outer loop
      vertex 24.453690018345142 -5.197792270443983 5
      vertex 25 0 5
      vertex 24.453690018345142 5.197792270443983 5
    endloop
  endfacet
  facet normal 0 0 1
    outer loop
      vertex 22.83863644106502 -10.168416076895005 5
      vertex 22.83863644106502 10.168416076895005 5
      vertex 20.225424859373685 14.694631307311829 5
    endloop
  endfacet
  facet normal 0 0 1
    outer loop
      vertex 24.453690018345142 -5.197792270443983 5
      vertex 24.453690018345142 5.197792270443983 5
      vertex 22.83863644106502 10.168416076895005 5
    endloop
  endfacet
  facet normal 0 0 1
    outer loop
      vertex 19.5 0 5
      vertex 20.225424859373685 14.694631307311829 5
      vertex 19.07387821430921 4.054277970946307 5
    endloop
  endfacet
  facet normal 0.6108241029047082 0.19846878196753576 -0.7664881329120374
    outer loop
      vertex 17.814136424030718 7.931364539978105 0.4166666666666684
      vertex 22.83863644106502 10.168416076895005 5
      vertex 24.453690018345142 5.197792270443983 5
    endloop
  endfacet
  facet normal 0.5562121506932084 0.321129234929264 -0.7664881329120374
    outer loop
      vertex 17.814136424030718 7.931364539978105 0.4166666666666684
      vertex 15.775831390311476 11.461812419703227 0.41666666666666635
      vertex 22.83863644106502 10.168416076895005 5
    endloop
  endfacet
  facet normal 0.5562121506932084 0.3211292349292643 -0.7664881329120372
    outer loop
      vertex 15.775831390311476 11.461812419703227 0.41666666666666635
      vertex 20.225424859373685 14.694631307311829 5
      vertex 22.83863644106502 10.168416076895005 5
    endloop
  endfacet
  facet normal 0.3775100567427731 0.5195980168967994 -0.7664881329120377
    outer loop
      vertex 9.75 16.887495373796554 0.41666666666666663
      vertex 16.728265158971457 18.578620636934858 5
      vertex 13.048046823997735 14.491324096809187 0.4166666666666671
    endloop
  endfacet
  facet normal 0 0 1
    outer loop
      vertex 15.775831390311476 11.461812419703227 5
      vertex 12.5 21.650635094610966 5
      vertex 13.048046823997735 14.491324096809187 5
    endloop
  endfacet
  facet normal 0 0 1
    outer loop
      vertex 15.775831390311476 11.461812419703227 5
      vertex 16.728265158971457 18.578620636934858 5
      vertex 12.5 21.650635094610966 5
    endloop
  endfacet
  facet normal 0.47729105849439457 0.42975479937555033 -0.7664881329120373
    outer loop
      vertex 15.775831390311476 11.461812419703227 0.41666666666666635
      vertex 13.048046823997735 14.491324096809187 0.4166666666666671
      vertex 20.225424859373685 14.694631307311829 5
    endloop
  endfacet
  facet normal 0 0 1
    outer loop
      vertex 17.814136424030718 7.931364539978104 5
      vertex 16.728265158971457 18.578620636934858 5
      vertex 15.775831390311476 11.461812419703227 5
    endloop
  endfacet
  facet normal 0 0 1
    outer loop
      vertex 19.07387821430921 4.054277970946307 5
      vertex 20.225424859373685 14.694631307311829 5
      vertex 16.728265158971457 18.578620636934858 5
    endloop
  endfacet
  facet normal 0.47729105849439474 0.42975479937554956 -0.7664881329120377
    outer loop
      vertex 13.048046823997735 14.491324096809187 0.4166666666666671
      vertex 16.728265158971457 18.578620636934858 5
      vertex 20.225424859373685 14.694631307311829 5
    endloop
  endfacet
  facet normal 0.3775100567427729 0.5195980168968001 -0.7664881329120373
    outer loop
      vertex 9.75 16.887495373796554 0.41666666666666663
      vertex 12.5 21.650635094610966 5
      vertex 16.728265158971457 18.578620636934858 5
    endloop
  endfacet
  facet normal -0.7431448254773939 -0.6691306063588586 4.057620784045082e-16
    outer loop
      vertex -13.048046823997735 -14.491324096809187 0.4166666666666671
      vertex -15.775831390311476 -11.461812419703227 0.41666666666666635
      vertex -15.775831390311476 -11.461812419703227 0
    endloop
  endfacet
  facet normal -0.7431448254773939 -0.6691306063588585 0
    outer loop
      vertex -13.048046823997735 -14.491324096809187 0
      vertex -13.048046823997735 -14.491324096809187 0.4166666666666671
      vertex -15.775831390311476 -11.461812419703227 0
    endloop
  endfacet
  facet normal 0 0 -1
    outer loop
      vertex -13.048046823997735 -14.491324096809187 0
      vertex -15.775831390311476 -11.461812419703227 0
      vertex -12.713481520818306 -14.11975168407049 0
    endloop
  endfacet
  facet normal -0.7431448254773939 -0.6691306063588586 0
    outer loop
      vertex -13.048046823997735 -14.491324096809187 5
      vertex -13.048046823997735 -14.491324096809187 140
      vertex -15.775831390311476 -11.461812419703227 5
    endloop
  endfacet
  facet normal -0.9945218953682734 -0.10452846326765322 0
    outer loop
      vertex -19.07387821430921 -4.054277970946307 0
      vertex -19.07387821430921 -4.054277970946307 0.41666666666666663
      vertex -19.5 0 0
    endloop
  endfacet
  facet normal 0 0 -1
    outer loop
      vertex -19.07387821430921 -4.054277970946307 0
      vertex -19 0 0
      vertex -18.584804413942308 -3.9503221255374275 0
    endloop
  endfacet
  facet normal -0.9945218953682734 -0.10452846326765322 4.738430790293733e-18
    outer loop
      vertex -19.07387821430921 -4.054277970946307 0.41666666666666663
      vertex -19.5 0 0.41666666666666663
      vertex -19.5 0 0
    endloop
  endfacet
  facet normal -0.8660254037844387 -0.4999999999999998 0
    outer loop
      vertex -15.775831390311476 -11.461812419703227 0
      vertex -15.775831390311476 -11.461812419703227 0.41666666666666635
      vertex -17.814136424030718 -7.931364539978104 0
    endloop
  endfacet
  facet normal 0 0 -1
    outer loop
      vertex -15.775831390311476 -11.461812419703227 0
      vertex -17.814136424030718 -7.931364539978104 0
      vertex -15.371322893124002 -11.16791979355699 0
    endloop
  endfacet
  facet normal -0.9510565162951535 -0.30901699437494756 -8.168762547341176e-16
    outer loop
      vertex -19.07387821430921 -4.054277970946307 0
      vertex -17.814136424030718 -7.931364539978104 0
      vertex -17.814136424030718 -7.931364539978105 0.4166666666666684
    endloop
  endfacet
  facet normal 0 0 -1
    outer loop
      vertex -19.07387821430921 -4.054277970946307 0
      vertex -17.357363695209415 -7.727996218440204 0
      vertex -17.814136424030718 -7.931364539978104 0
    endloop
  endfacet
  facet normal -0.8660254037844387 -0.49999999999999994 -1.314659990466409e-15
    outer loop
      vertex -15.775831390311476 -11.461812419703227 0.41666666666666635
      vertex -17.814136424030718 -7.931364539978105 0.4166666666666684
      vertex -17.814136424030718 -7.931364539978104 0
    endloop
  endfacet
  facet normal 0 0 -1
    outer loop
      vertex -17.814136424030718 -7.931364539978104 0
      vertex -17.357363695209415 -7.727996218440204 0
      vertex -15.371322893124002 -11.16791979355699 0
    endloop
  endfacet
  facet normal 0 0 -1
    outer loop
      vertex -15.775831390311476 -11.461812419703227 0
      vertex -15.371322893124002 -11.16791979355699 0
      vertex -12.713481520818306 -14.11975168407049 0
    endloop
  endfacet
  facet normal -0.9510565162951535 -0.3090169943749475 0
    outer loop
      vertex -19.07387821430921 -4.054277970946307 0
      vertex -17.814136424030718 -7.931364539978105 0.4166666666666684
      vertex -19.07387821430921 -4.054277970946307 0.41666666666666663
    endloop
  endfacet
  facet normal 0 0 -1
    outer loop
      vertex -19.07387821430921 -4.054277970946307 0
      vertex -18.584804413942308 -3.9503221255374275 0
      vertex -17.357363695209415 -7.727996218440204 0
    endloop
  endfacet
  facet normal -0.9945218953682733 -0.10452846326765322 0
    outer loop
      vertex -19.07387821430921 -4.054277970946307 5
      vertex -19.07387821430921 -4.054277970946307 140
      vertex -19.5 0 5
    endloop
  endfacet
  facet normal -0.8660254037844388 -0.4999999999999998 0
    outer loop
      vertex -15.775831390311476 -11.461812419703227 5
      vertex -15.775831390311476 -11.461812419703227 140
      vertex -17.814136424030718 -7.931364539978104 5
    endloop
  endfacet
  facet normal -0.9510565162951534 -0.30901699437494756 -4.88169484554027e-19
    outer loop
      vertex -19.07387821430921 -4.054277970946307 5
      vertex -17.814136424030718 -7.931364539978104 5
      vertex -17.814136424030718 -7.931364539978104 140
    endloop
  endfacet
  facet normal -0.5877852522924734 -0.8090169943749473 -2.2640030998623456e-16
    outer loop
      vertex -13.048046823997735 -14.491324096809187 0
      vertex -9.75 -16.887495373796554 0
      vertex -9.75 -16.887495373796554 0.41666666666666663
    endloop
  endfacet
  facet normal 0 0 -1
    outer loop
      vertex -13.048046823997735 -14.491324096809187 0
      vertex -9.5 -16.454482671904334 0
      vertex -9.75 -16.887495373796554 0
    endloop
  endfacet
  facet normal -0.5877852522924734 -0.8090169943749473 0
    outer loop
      vertex -13.048046823997735 -14.491324096809187 0
      vertex -9.75 -16.887495373796554 0.41666666666666663
      vertex -13.048046823997735 -14.491324096809187 0.4166666666666671
    endloop
  endfacet
  facet normal 0 0 -1
    outer loop
      vertex -13.048046823997735 -14.491324096809187 0
      vertex -12.713481520818306 -14.11975168407049 0
      vertex -9.5 -16.454482671904334 0
    endloop
  endfacet
  facet normal -0.4067366430757996 -0.9135454576426012 0
    outer loop
      vertex -9.75 -16.887495373796554 0
      vertex -6.025831390311474 -18.545602067755492 0.4166666666666657
      vertex -9.75 -16.887495373796554 0.41666666666666663
    endloop
  endfacet
  facet normal 0 0 -1
    outer loop
      vertex -9.75 -16.887495373796554 0
      vertex -9.5 -16.454482671904334 0
      vertex -5.871322893124001 -18.070073809607916 0
    endloop
  endfacet
  facet normal -0.40673664307579954 -0.9135454576426011 -1.9944625700717544e-16
    outer loop
      vertex -9.75 -16.887495373796554 0
      vertex -6.025831390311474 -18.545602067755492 0
      vertex -6.025831390311474 -18.545602067755492 0.4166666666666657
    endloop
  endfacet
  facet normal 0 0 -1
    outer loop
      vertex -9.75 -16.887495373796554 0
      vertex -5.871322893124001 -18.070073809607916 0
      vertex -6.025831390311474 -18.545602067755492 0
    endloop
  endfacet
  facet normal -0.20791169081775995 -0.9781476007338055 2.4820839411823456e-17
    outer loop
      vertex -2.0383050337192428 -19.39317695968133 0.41666666666666785
      vertex -6.025831390311474 -18.545602067755492 0.4166666666666657
      vertex -6.025831390311474 -18.545602067755492 0
    endloop
  endfacet
  facet normal 0 0 -1
    outer loop
      vertex -2.0383050337192428 -19.39317695968133 0
      vertex -6.025831390311474 -18.545602067755492 0
      vertex -5.871322893124001 -18.070073809607916 0
    endloop
  endfacet
  facet normal -0.20791169081775995 -0.9781476007338055 0
    outer loop
      vertex -2.0383050337192428 -19.39317695968133 0
      vertex -2.0383050337192428 -19.39317695968133 0.41666666666666785
      vertex -6.025831390311474 -18.545602067755492 0
    endloop
  endfacet
  facet normal 0 0 -1
    outer loop
      vertex -2.0383050337192428 -19.39317695968133 0
      vertex -5.871322893124001 -18.070073809607916 0
      vertex -1.986040802085416 -18.895916011997194 0
    endloop
  endfacet
  facet normal 0 -1 0
    outer loop
      vertex -2.0383050337192428 -19.39317695968133 0
      vertex 2.0383050337192428 -19.39317695968133 0.41666666666666785
      vertex -2.0383050337192428 -19.39317695968133 0.41666666666666785
    endloop
  endfacet
  facet normal 0 0 -1
    outer loop
      vertex -2.0383050337192428 -19.39317695968133 0
      vertex -1.986040802085416 -18.895916011997194 0
      vertex 2.0383050337192428 -19.39317695968133 0
    endloop
  endfacet
  facet normal -0.5877852522924734 -0.8090169943749473 -6.987663888464029e-19
    outer loop
      vertex -13.048046823997735 -14.491324096809187 5
      vertex -9.75 -16.887495373796554 5
      vertex -9.75 -16.887495373796554 140
    endloop
  endfacet
  facet normal -0.40673664307579965 -0.9135454576426012 -6.155748673060958e-19
    outer loop
      vertex -9.75 -16.887495373796554 5
      vertex -6.025831390311474 -18.545602067755492 5
      vertex -6.025831390311474 -18.545602067755492 140
    endloop
  endfacet
  facet normal -0.20791169081775998 -0.9781476007338056 0
    outer loop
      vertex -2.0383050337192428 -19.39317695968133 5
      vertex -2.0383050337192428 -19.39317695968133 140
      vertex -6.025831390311474 -18.545602067755492 5
    endloop
  endfacet
  facet normal -0.7431448254773939 -0.6691306063588586 0
    outer loop
      vertex -15.775831390311476 -11.461812419703227 5
      vertex -13.048046823997735 -14.491324096809187 140
      vertex -15.775831390311476 -11.461812419703227 140
    endloop
  endfacet
  facet normal 0 0 1
    outer loop
      vertex -13.048046823997735 -14.491324096809187 140
      vertex -12.713481520818306 -14.11975168407049 140
      vertex -15.371322893124002 -11.16791979355699 140
    endloop
  endfacet
  facet normal -0.9945218953682733 -0.10452846326765322 1.462478638979547e-20
    outer loop
      vertex -19.07387821430921 -4.054277970946307 140
      vertex -19.5 0 140
      vertex -19.5 0 5
    endloop
  endfacet
  facet normal -0.8660254037844388 -0.4999999999999998 0
    outer loop
      vertex -17.814136424030718 -7.931364539978104 5
      vertex -15.775831390311476 -11.461812419703227 140
      vertex -17.814136424030718 -7.931364539978104 140
    endloop
  endfacet
  facet normal -0.9510565162951534 -0.30901699437494756 0
    outer loop
      vertex -19.07387821430921 -4.054277970946307 5
      vertex -17.814136424030718 -7.931364539978104 140
      vertex -19.07387821430921 -4.054277970946307 140
    endloop
  endfacet
  facet normal 0 0 1
    outer loop
      vertex -19.07387821430921 -4.054277970946307 140
      vertex -18.584804413942308 -3.9503221255374275 140
      vertex -19 0 140
    endloop
  endfacet
  facet normal 0 0 1
    outer loop
      vertex -15.775831390311476 -11.461812419703227 140
      vertex -15.371322893124002 -11.16791979355699 140
      vertex -17.357363695209415 -7.727996218440204 140
    endloop
  endfacet
  facet normal 0 0 1
    outer loop
      vertex -17.814136424030718 -7.931364539978104 140
      vertex -17.357363695209415 -7.727996218440204 140
      vertex -18.584804413942308 -3.9503221255374275 140
    endloop
  endfacet
  facet normal 0 0 1
    outer loop
      vertex -15.775831390311476 -11.461812419703227 140
      vertex -17.357363695209415 -7.727996218440204 140
      vertex -17.814136424030718 -7.931364539978104 140
    endloop
  endfacet
  facet normal 0 0 1
    outer loop
      vertex -13.048046823997735 -14.491324096809187 140
      vertex -15.371322893124002 -11.16791979355699 140
      vertex -15.775831390311476 -11.461812419703227 140
    endloop
  endfacet
  facet normal 0 0 1
    outer loop
      vertex -19.07387821430921 -4.054277970946307 140
      vertex -17.814136424030718 -7.931364539978104 140
      vertex -18.584804413942308 -3.9503221255374275 140
    endloop
  endfacet
  facet normal -0.5877852522924734 -0.8090169943749473 0
    outer loop
      vertex -13.048046823997735 -14.491324096809187 5
      vertex -9.75 -16.887495373796554 140
      vertex -13.048046823997735 -14.491324096809187 140
    endloop
  endfacet
  facet normal -0.40673664307579965 -0.9135454576426012 0
    outer loop
      vertex -9.75 -16.887495373796554 5
      vertex -6.025831390311474 -18.545602067755492 140
      vertex -9.75 -16.887495373796554 140
    endloop
  endfacet
  facet normal -0.20791169081775998 -0.9781476007338056 0
    outer loop
      vertex -6.025831390311474 -18.545602067755492 5
      vertex -2.0383050337192428 -19.39317695968133 140
      vertex -6.025831390311474 -18.545602067755492 140
    endloop
  endfacet
  facet normal 0 -1 0
    outer loop
      vertex -2.0383050337192428 -19.39317695968133 5
      vertex 2.0383050337192428 -19.39317695968133 140
      vertex -2.0383050337192428 -19.39317695968133 140
    endloop
  endfacet
  facet normal 0 0 1
    outer loop
      vertex -9.75 -16.887495373796554 140
      vertex -9.5 -16.454482671904334 140
      vertex -12.713481520818306 -14.11975168407049 140
    endloop
  endfacet
  facet normal 0 0 1
    outer loop
      vertex -13.048046823997735 -14.491324096809187 140
      vertex -9.75 -16.887495373796554 140
      vertex -12.713481520818306 -14.11975168407049 140
    endloop
  endfacet
  facet normal 0 0 1
    outer loop
      vertex -9.75 -16.887495373796554 140
      vertex -6.025831390311474 -18.545602067755492 140
      vertex -9.5 -16.454482671904334 140
    endloop
  endfacet
  facet normal 0 0 1
    outer loop
      vertex -6.025831390311474 -18.545602067755492 140
      vertex -5.871322893124001 -18.070073809607916 140
      vertex -9.5 -16.454482671904334 140
    endloop
  endfacet
  facet normal 0 0 1
    outer loop
      vertex -2.0383050337192428 -19.39317695968133 140
      vertex -5.871322893124001 -18.070073809607916 140
      vertex -6.025831390311474 -18.545602067755492 140
    endloop
  endfacet
  facet normal 0 0 1
    outer loop
      vertex -2.0383050337192428 -19.39317695968133 140
      vertex -1.986040802085416 -18.895916011997194 140
      vertex -5.871322893124001 -18.070073809607916 140
    endloop
  endfacet
  facet normal 0 0 1
    outer loop
      vertex -2.0383050337192428 -19.39317695968133 140
      vertex 1.986040802085416 -18.895916011997194 140
      vertex -1.986040802085416 -18.895916011997194 140
    endloop
  endfacet
  facet normal 0 0 -1
    outer loop
      vertex -19.07387821430921 -4.054277970946307 0
      vertex -19.5 0 0
      vertex -19.07387821430921 4.054277970946307 0
    endloop
  endfacet
  facet normal 0 0 -1
    outer loop
      vertex -19.07387821430921 -4.054277970946307 0
      vertex -19.07387821430921 4.054277970946307 0
      vertex -19 0 0
    endloop
  endfacet
  facet normal -0.9945218953682734 0.10452846326765322 0
    outer loop
      vertex -19.5 0 0
      vertex -19.5 0 0.41666666666666663
      vertex -19.07387821430921 4.054277970946307 0
    endloop
  endfacet
  facet normal -0.9945218953682734 0.10452846326765322 -4.738430790293733e-18
    outer loop
      vertex -19.5 0 0.41666666666666663
      vertex -19.07387821430921 4.054277970946307 0.41666666666666663
      vertex -19.07387821430921 4.054277970946307 0
    endloop
  endfacet
  facet normal 0 0 -1
    outer loop
      vertex -19 0 0
      vertex -19.07387821430921 4.054277970946307 0
      vertex -18.584804413942308 3.9503221255374275 0
    endloop
  endfacet
  facet normal -0.9510565162951534 0.30901699437494756 0
    outer loop
      vertex -19.07387821430921 4.054277970946307 0
      vertex -19.07387821430921 4.054277970946307 0.41666666666666663
      vertex -17.814136424030718 7.931364539978104 0
    endloop
  endfacet
  facet normal 0 0 -1
    outer loop
      vertex -19.07387821430921 4.054277970946307 0
      vertex -17.814136424030718 7.931364539978104 0
      vertex -18.584804413942308 3.9503221255374275 0
    endloop
  endfacet
  facet normal -0.9510565162951535 0.3090169943749476 1.5816691299550405e-16
    outer loop
      vertex -19.07387821430921 4.054277970946307 0.41666666666666663
      vertex -17.814136424030718 7.931364539978104 0.4166666666666686
      vertex -17.814136424030718 7.931364539978104 0
    endloop
  endfacet
  facet normal 0 0 -1
    outer loop
      vertex -18.584804413942308 3.9503221255374275 0
      vertex -17.814136424030718 7.931364539978104 0
      vertex -17.357363695209415 7.727996218440204 0
    endloop
  endfacet
  facet normal -0.8660254037844387 0.4999999999999997 0
    outer loop
      vertex -17.814136424030718 7.931364539978104 0
      vertex -17.814136424030718 7.931364539978104 0.4166666666666686
      vertex -15.775831390311476 11.461812419703227 0
    endloop
  endfacet
  facet normal 0 0 -1
    outer loop
      vertex -17.357363695209415 7.727996218440204 0
      vertex -17.814136424030718 7.931364539978104 0
      vertex -15.775831390311476 11.461812419703227 0
    endloop
  endfacet
  facet normal -0.8660254037844387 0.4999999999999998 -2.5401705150024396e-16
    outer loop
      vertex -17.814136424030718 7.931364539978104 0.4166666666666686
      vertex -15.775831390311476 11.461812419703227 0.41666666666666635
      vertex -15.775831390311476 11.461812419703227 0
    endloop
  endfacet
  facet normal 0 0 -1
    outer loop
      vertex -17.357363695209415 7.727996218440204 0
      vertex -15.775831390311476 11.461812419703227 0
      vertex -15.371322893124002 11.16791979355699 0
    endloop
  endfacet
  facet normal 0 0 -1
    outer loop
      vertex -15.775831390311476 11.461812419703227 0
      vertex -13.048046823997735 14.491324096809187 0
      vertex -15.371322893124002 11.16791979355699 0
    endloop
  endfacet
  facet normal -0.9945218953682733 0.10452846326765322 0
    outer loop
      vertex -19.5 0 5
      vertex -19.5 0 140
      vertex -19.07387821430921 4.054277970946307 5
    endloop
  endfacet
  facet normal -0.9510565162951534 0.30901699437494756 0
    outer loop
      vertex -19.07387821430921 4.054277970946307 5
      vertex -19.07387821430921 4.054277970946307 140
      vertex -17.814136424030718 7.931364539978104 5
    endloop
  endfacet
  facet normal -0.8660254037844388 0.4999999999999998 0
    outer loop
      vertex -17.814136424030718 7.931364539978104 5
      vertex -17.814136424030718 7.931364539978104 140
      vertex -15.775831390311476 11.461812419703227 5
    endloop
  endfacet
  facet normal -0.7431448254773939 0.6691306063588586 0
    outer loop
      vertex -15.775831390311476 11.461812419703227 0
      vertex -15.775831390311476 11.461812419703227 0.41666666666666635
      vertex -13.048046823997735 14.491324096809187 0
    endloop
  endfacet
  facet normal -0.7431448254773939 0.6691306063588585 -4.0576207840450745e-16
    outer loop
      vertex -15.775831390311476 11.461812419703227 0.41666666666666635
      vertex -13.048046823997735 14.491324096809187 0.4166666666666671
      vertex -13.048046823997735 14.491324096809187 0
    endloop
  endfacet
  facet normal 0 0 -1
    outer loop
      vertex -15.371322893124002 11.16791979355699 0
      vertex -13.048046823997735 14.491324096809187 0
      vertex -12.713481520818306 14.11975168407049 0
    endloop
  endfacet
  facet normal -0.7431448254773939 0.6691306063588586 0
    outer loop
      vertex -15.775831390311476 11.461812419703227 5
      vertex -15.775831390311476 11.461812419703227 140
      vertex -13.048046823997735 14.491324096809187 5
    endloop
  endfacet
  facet normal -0.5877852522924734 0.8090169943749473 0
    outer loop
      vertex -13.048046823997735 14.491324096809187 0
      vertex -13.048046823997735 14.491324096809187 0.4166666666666671
      vertex -9.75 16.887495373796554 0
    endloop
  endfacet
  facet normal 0 0 -1
    outer loop
      vertex -13.048046823997735 14.491324096809187 0
      vertex -9.75 16.887495373796554 0
      vertex -12.713481520818306 14.11975168407049 0
    endloop
  endfacet
  facet normal 0 0 -1
    outer loop
      vertex -12.713481520818306 14.11975168407049 0
      vertex -9.75 16.887495373796554 0
      vertex -9.5 16.454482671904334 0
    endloop
  endfacet
  facet normal -0.5877852522924734 0.8090169943749473 2.2640030998623456e-16
    outer loop
      vertex -13.048046823997735 14.491324096809187 0.4166666666666671
      vertex -9.75 16.887495373796554 0.41666666666666663
      vertex -9.75 16.887495373796554 0
    endloop
  endfacet
  facet normal -0.4067366430757996 0.9135454576426012 0
    outer loop
      vertex -9.75 16.887495373796554 0
      vertex -9.75 16.887495373796554 0.41666666666666663
      vertex -6.025831390311474 18.545602067755492 0
    endloop
  endfacet
  facet normal 0 0 -1
    outer loop
      vertex -9.5 16.454482671904334 0
      vertex -9.75 16.887495373796554 0
      vertex -6.025831390311474 18.545602067755492 0
    endloop
  endfacet
  facet normal 0 0 -1
    outer loop
      vertex -9.5 16.454482671904334 0
      vertex -6.025831390311474 18.545602067755492 0
      vertex -5.871322893124001 18.070073809607916 0
    endloop
  endfacet
  facet normal -0.4067366430757996 0.9135454576426011 1.994462570071755e-16
    outer loop
      vertex -9.75 16.887495373796554 0.41666666666666663
      vertex -6.025831390311474 18.545602067755492 0.4166666666666657
      vertex -6.025831390311474 18.545602067755492 0
    endloop
  endfacet
  facet normal -0.20791169081775995 0.9781476007338055 0
    outer loop
      vertex -6.025831390311474 18.545602067755492 0
      vertex -6.025831390311474 18.545602067755492 0.4166666666666657
      vertex -2.0383050337192428 19.39317695968133 0
    endloop
  endfacet
  facet normal 0 0 -1
    outer loop
      vertex -5.871322893124001 18.070073809607916 0
      vertex -6.025831390311474 18.545602067755492 0
      vertex -2.0383050337192428 19.39317695968133 0
    endloop
  endfacet
  facet normal 0 0 -1
    outer loop
      vertex -5.871322893124001 18.070073809607916 0
      vertex -2.0383050337192428 19.39317695968133 0
      vertex -1.986040802085416 18.895916011997194 0
    endloop
  endfacet
  facet normal -0.20791169081775995 0.9781476007338055 -2.4820839411823326e-17
    outer loop
      vertex -6.025831390311474 18.545602067755492 0.4166666666666657
      vertex -2.0383050337192428 19.39317695968133 0.41666666666666785
      vertex -2.0383050337192428 19.39317695968133 0
    endloop
  endfacet
  facet normal 0 0 -1
    outer loop
      vertex -1.986040802085416 18.895916011997194 0
      vertex -2.0383050337192428 19.39317695968133 0
      vertex 1.986040802085416 18.895916011997194 0
    endloop
  endfacet
  facet normal 0 1 0
    outer loop
      vertex -2.0383050337192428 19.39317695968133 0
      vertex -2.0383050337192428 19.39317695968133 0.41666666666666785
      vertex 2.0383050337192428 19.39317695968133 0
    endloop
  endfacet
  facet normal -0.5877852522924734 0.8090169943749473 0
    outer loop
      vertex -13.048046823997735 14.491324096809187 5
      vertex -13.048046823997735 14.491324096809187 140
      vertex -9.75 16.887495373796554 5
    endloop
  endfacet
  facet normal -0.40673664307579965 0.9135454576426012 0
    outer loop
      vertex -9.75 16.887495373796554 5
      vertex -9.75 16.887495373796554 140
      vertex -6.025831390311474 18.545602067755492 5
    endloop
  endfacet
  facet normal -0.20791169081775998 0.9781476007338056 0
    outer loop
      vertex -6.025831390311474 18.545602067755492 5
      vertex -6.025831390311474 18.545602067755492 140
      vertex -2.0383050337192428 19.39317695968133 5
    endloop
  endfacet
  facet normal 0 1 0
    outer loop
      vertex -2.0383050337192428 19.39317695968133 5
      vertex -2.0383050337192428 19.39317695968133 140
      vertex 2.0383050337192428 19.39317695968133 5
    endloop
  endfacet
  facet normal -0.9945218953682733 0.10452846326765322 0
    outer loop
      vertex -19.07387821430921 4.054277970946307 5
      vertex -19.5 0 140
      vertex -19.07387821430921 4.054277970946307 140
    endloop
  endfacet
  facet normal -0.9510565162951534 0.30901699437494756 0
    outer loop
      vertex -17.814136424030718 7.931364539978104 5
      vertex -19.07387821430921 4.054277970946307 140
      vertex -17.814136424030718 7.931364539978104 140
    endloop
  endfacet
  facet normal -0.8660254037844388 0.4999999999999998 0
    outer loop
      vertex -15.775831390311476 11.461812419703227 5
      vertex -17.814136424030718 7.931364539978104 140
      vertex -15.775831390311476 11.461812419703227 140
    endloop
  endfacet
  facet normal 0 0 1
    outer loop
      vertex -19.07387821430921 -4.054277970946307 140
      vertex -19.07387821430921 4.054277970946307 140
      vertex -19.5 0 140
    endloop
  endfacet
  facet normal 0 0 1
    outer loop
      vertex -19.07387821430921 -4.054277970946307 140
      vertex -19 0 140
      vertex -19.07387821430921 4.054277970946307 140
    endloop
  endfacet
  facet normal 0 0 1
    outer loop
      vertex -19.07387821430921 4.054277970946307 140
      vertex -19 0 140
      vertex -18.584804413942308 3.9503221255374275 140
    endloop
  endfacet
  facet normal 0 0 1
    outer loop
      vertex -19.07387821430921 4.054277970946307 140
      vertex -18.584804413942308 3.9503221255374275 140
      vertex -17.357363695209415 7.727996218440204 140
    endloop
  endfacet
  facet normal 0 0 1
    outer loop
      vertex -19.07387821430921 4.054277970946307 140
      vertex -17.357363695209415 7.727996218440204 140
      vertex -17.814136424030718 7.931364539978104 140
    endloop
  endfacet
  facet normal 0 0 1
    outer loop
      vertex -17.814136424030718 7.931364539978104 140
      vertex -17.357363695209415 7.727996218440204 140
      vertex -15.371322893124002 11.16791979355699 140
    endloop
  endfacet
  facet normal 0 0 1
    outer loop
      vertex -17.814136424030718 7.931364539978104 140
      vertex -15.371322893124002 11.16791979355699 140
      vertex -15.775831390311476 11.461812419703227 140
    endloop
  endfacet
  facet normal 0 0 1
    outer loop
      vertex -15.775831390311476 11.461812419703227 140
      vertex -15.371322893124002 11.16791979355699 140
      vertex -12.713481520818306 14.11975168407049 140
    endloop
  endfacet
  facet normal -0.7431448254773939 0.6691306063588586 0
    outer loop
      vertex -13.048046823997735 14.491324096809187 5
      vertex -15.775831390311476 11.461812419703227 140
      vertex -13.048046823997735 14.491324096809187 140
    endloop
  endfacet
  facet normal 0 0 1
    outer loop
      vertex -15.775831390311476 11.461812419703227 140
      vertex -12.713481520818306 14.11975168407049 140
      vertex -13.048046823997735 14.491324096809187 140
    endloop
  endfacet
  facet normal -0.5877852522924734 0.8090169943749473 0
    outer loop
      vertex -9.75 16.887495373796554 5
      vertex -13.048046823997735 14.491324096809187 140
      vertex -9.75 16.887495373796554 140
    endloop
  endfacet
  facet normal -0.40673664307579965 0.9135454576426012 0
    outer loop
      vertex -6.025831390311474 18.545602067755492 5
      vertex -9.75 16.887495373796554 140
      vertex -6.025831390311474 18.545602067755492 140
    endloop
  endfacet
  facet normal -0.20791169081775998 0.9781476007338056 0
    outer loop
      vertex -2.0383050337192428 19.39317695968133 5
      vertex -6.025831390311474 18.545602067755492 140
      vertex -2.0383050337192428 19.39317695968133 140
    endloop
  endfacet
  facet normal 0 0 1
    outer loop
      vertex -13.048046823997735 14.491324096809187 140
      vertex -12.713481520818306 14.11975168407049 140
      vertex -9.5 16.454482671904334 140
    endloop
  endfacet
  facet normal 0 0 1
    outer loop
      vertex -13.048046823997735 14.491324096809187 140
      vertex -9.5 16.454482671904334 140
      vertex -9.75 16.887495373796554 140
    endloop
  endfacet
  facet normal 0 0 1
    outer loop
      vertex -9.75 16.887495373796554 140
      vertex -9.5 16.454482671904334 140
      vertex -5.871322893124001 18.070073809607916 140
    endloop
  endfacet
  facet normal 0 0 1
    outer loop
      vertex -9.75 16.887495373796554 140
      vertex -5.871322893124001 18.070073809607916 140
      vertex -6.025831390311474 18.545602067755492 140
    endloop
  endfacet
  facet normal 0 0 1
    outer loop
      vertex -6.025831390311474 18.545602067755492 140
      vertex -5.871322893124001 18.070073809607916 140
      vertex -1.986040802085416 18.895916011997194 140
    endloop
  endfacet
  facet normal 0 0 1
    outer loop
      vertex -6.025831390311474 18.545602067755492 140
      vertex -1.986040802085416 18.895916011997194 140
      vertex -2.0383050337192428 19.39317695968133 140
    endloop
  endfacet
  facet normal 0 0 1
    outer loop
      vertex -2.0383050337192428 19.39317695968133 140
      vertex -1.986040802085416 18.895916011997194 140
      vertex 2.0383050337192428 19.39317695968133 140
    endloop
  endfacet
  facet normal 0 -1 0
    outer loop
      vertex -2.0383050337192428 -19.39317695968133 0
      vertex 2.0383050337192428 -19.39317695968133 0
      vertex 2.0383050337192428 -19.39317695968133 0.41666666666666785
    endloop
  endfacet
  facet normal 0 0 -1
    outer loop
      vertex 2.0383050337192428 -19.39317695968133 0
      vertex -1.986040802085416 -18.895916011997194 0
      vertex 1.986040802085416 -18.895916011997194 0
    endloop
  endfacet
  facet normal 0.20791169081775995 -0.9781476007338055 0
    outer loop
      vertex 2.0383050337192428 -19.39317695968133 0
      vertex 6.025831390311474 -18.545602067755492 0.4166666666666657
      vertex 2.0383050337192428 -19.39317695968133 0.41666666666666785
    endloop
  endfacet
  facet normal 0 0 -1
    outer loop
      vertex 2.0383050337192428 -19.39317695968133 0
      vertex 1.986040802085416 -18.895916011997194 0
      vertex 5.871322893124001 -18.070073809607916 0
    endloop
  endfacet
  facet normal 0 0 -1
    outer loop
      vertex 2.0383050337192428 -19.39317695968133 0
      vertex 5.871322893124001 -18.070073809607916 0
      vertex 6.025831390311474 -18.545602067755492 0
    endloop
  endfacet
  facet normal 0.20791169081775995 -0.9781476007338055 -2.4820839411823456e-17
    outer loop
      vertex 2.0383050337192428 -19.39317695968133 0
      vertex 6.025831390311474 -18.545602067755492 0
      vertex 6.025831390311474 -18.545602067755492 0.4166666666666657
    endloop
  endfacet
  facet normal 0.40673664307579954 -0.9135454576426011 0
    outer loop
      vertex 6.025831390311474 -18.545602067755492 0
      vertex 9.75 -16.887495373796554 0.41666666666666663
      vertex 6.025831390311474 -18.545602067755492 0.4166666666666657
    endloop
  endfacet
  facet normal 0 0 -1
    outer loop
      vertex 6.025831390311474 -18.545602067755492 0
      vertex 5.871322893124001 -18.070073809607916 0
      vertex 9.5 -16.454482671904334 0
    endloop
  endfacet
  facet normal 0 0 -1
    outer loop
      vertex 6.025831390311474 -18.545602067755492 0
      vertex 9.5 -16.454482671904334 0
      vertex 9.75 -16.887495373796554 0
    endloop
  endfacet
  facet normal 0.4067366430757996 -0.9135454576426012 1.9944625700717505e-16
    outer loop
      vertex 6.025831390311474 -18.545602067755492 0
      vertex 9.75 -16.887495373796554 0
      vertex 9.75 -16.887495373796554 0.41666666666666663
    endloop
  endfacet
  facet normal 0.5877852522924734 -0.8090169943749473 0
    outer loop
      vertex 9.75 -16.887495373796554 0
      vertex 13.048046823997735 -14.491324096809187 0.4166666666666671
      vertex 9.75 -16.887495373796554 0.41666666666666663
    endloop
  endfacet
  facet normal 0 0 -1
    outer loop
      vertex 9.75 -16.887495373796554 0
      vertex 9.5 -16.454482671904334 0
      vertex 12.713481520818306 -14.11975168407049 0
    endloop
  endfacet
  facet normal 0 0 -1
    outer loop
      vertex 9.75 -16.887495373796554 0
      vertex 12.713481520818306 -14.11975168407049 0
      vertex 13.048046823997735 -14.491324096809187 0
    endloop
  endfacet
  facet normal 0.5877852522924734 -0.8090169943749473 2.264003099862343e-16
    outer loop
      vertex 9.75 -16.887495373796554 0
      vertex 13.048046823997735 -14.491324096809187 0
      vertex 13.048046823997735 -14.491324096809187 0.4166666666666671
    endloop
  endfacet
  facet normal 0 -1 0
    outer loop
      vertex -2.0383050337192428 -19.39317695968133 5
      vertex 2.0383050337192428 -19.39317695968133 5
      vertex 2.0383050337192428 -19.39317695968133 140
    endloop
  endfacet
  facet normal 0.20791169081775998 -0.9781476007338056 -7.660752904883764e-20
    outer loop
      vertex 2.0383050337192428 -19.39317695968133 5
      vertex 6.025831390311474 -18.545602067755492 5
      vertex 6.025831390311474 -18.545602067755492 140
    endloop
  endfacet
  facet normal 0.40673664307579965 -0.9135454576426012 6.155748673060958e-19
    outer loop
      vertex 6.025831390311474 -18.545602067755492 5
      vertex 9.75 -16.887495373796554 5
      vertex 9.75 -16.887495373796554 140
    endloop
  endfacet
  facet normal 0.5877852522924734 -0.8090169943749473 6.987663888464029e-19
    outer loop
      vertex 9.75 -16.887495373796554 5
      vertex 13.048046823997735 -14.491324096809187 5
      vertex 13.048046823997735 -14.491324096809187 140
    endloop
  endfacet
  facet normal 0 0 -1
    outer loop
      vertex 13.048046823997735 -14.491324096809187 0
      vertex 12.713481520818306 -14.11975168407049 0
      vertex 15.371322893124002 -11.16791979355699 0
    endloop
  endfacet
  facet normal 0.7431448254773939 -0.6691306063588585 0
    outer loop
      vertex 13.048046823997735 -14.491324096809187 0
      vertex 15.775831390311476 -11.461812419703227 0.41666666666666635
      vertex 13.048046823997735 -14.491324096809187 0.4166666666666671
    endloop
  endfacet
  facet normal 0.7431448254773939 -0.6691306063588586 -4.057620784045082e-16
    outer loop
      vertex 13.048046823997735 -14.491324096809187 0
      vertex 15.775831390311476 -11.461812419703227 0
      vertex 15.775831390311476 -11.461812419703227 0.41666666666666635
    endloop
  endfacet
  facet normal 0.7431448254773939 -0.6691306063588586 -1.2523520938410738e-18
    outer loop
      vertex 13.048046823997735 -14.491324096809187 5
      vertex 15.775831390311476 -11.461812419703227 5
      vertex 15.775831390311476 -11.461812419703227 140
    endloop
  endfacet
  facet normal 0 0 -1
    outer loop
      vertex 13.048046823997735 -14.491324096809187 0
      vertex 15.371322893124002 -11.16791979355699 0
      vertex 15.775831390311476 -11.461812419703227 0
    endloop
  endfacet
  facet normal 0 0 -1
    outer loop
      vertex 15.775831390311476 -11.461812419703227 0
      vertex 15.371322893124002 -11.16791979355699 0
      vertex 17.357363695209415 -7.727996218440204 0
    endloop
  endfacet
  facet normal 0.8660254037844387 -0.4999999999999998 0
    outer loop
      vertex 15.775831390311476 -11.461812419703227 0
      vertex 17.814136424030718 -7.931364539978104 0.4166666666666686
      vertex 15.775831390311476 -11.461812419703227 0.41666666666666635
    endloop
  endfacet
  facet normal 0 0 -1
    outer loop
      vertex 15.775831390311476 -11.461812419703227 0
      vertex 17.357363695209415 -7.727996218440204 0
      vertex 17.814136424030718 -7.931364539978104 0
    endloop
  endfacet
  facet normal 0.8660254037844387 -0.4999999999999997 -2.540170515002426e-16
    outer loop
      vertex 15.775831390311476 -11.461812419703227 0
      vertex 17.814136424030718 -7.931364539978104 0
      vertex 17.814136424030718 -7.931364539978104 0.4166666666666686
    endloop
  endfacet
  facet normal 0 0 -1
    outer loop
      vertex 17.814136424030718 -7.931364539978104 0
      vertex 17.357363695209415 -7.727996218440204 0
      vertex 18.584804413942308 -3.9503221255374275 0
    endloop
  endfacet
  facet normal 0.9510565162951535 -0.3090169943749476 0
    outer loop
      vertex 17.814136424030718 -7.931364539978104 0
      vertex 19.07387821430921 -4.054277970946307 0.41666666666666663
      vertex 17.814136424030718 -7.931364539978104 0.4166666666666686
    endloop
  endfacet
  facet normal 0 0 -1
    outer loop
      vertex 17.814136424030718 -7.931364539978104 0
      vertex 18.584804413942308 -3.9503221255374275 0
      vertex 19.07387821430921 -4.054277970946307 0
    endloop
  endfacet
  facet normal 0.9510565162951534 -0.30901699437494756 1.5816691299550479e-16
    outer loop
      vertex 17.814136424030718 -7.931364539978104 0
      vertex 19.07387821430921 -4.054277970946307 0
      vertex 19.07387821430921 -4.054277970946307 0.41666666666666663
    endloop
  endfacet
  facet normal 0 0 -1
    outer loop
      vertex 19.07387821430921 -4.054277970946307 0
      vertex 18.584804413942308 -3.9503221255374275 0
      vertex 19 0 0
    endloop
  endfacet
  facet normal 0.9945218953682734 -0.10452846326765322 0
    outer loop
      vertex 19.07387821430921 -4.054277970946307 0
      vertex 19.5 0 0.41666666666666663
      vertex 19.07387821430921 -4.054277970946307 0.41666666666666663
    endloop
  endfacet
  facet normal 0.9945218953682734 -0.10452846326765322 -4.738430790293733e-18
    outer loop
      vertex 19.07387821430921 -4.054277970946307 0
      vertex 19.5 0 0
      vertex 19.5 0 0.41666666666666663
    endloop
  endfacet
  facet normal 0.8660254037844388 -0.4999999999999998 -7.840032453711227e-19
    outer loop
      vertex 15.775831390311476 -11.461812419703227 5
      vertex 17.814136424030718 -7.931364539978104 5
      vertex 17.814136424030718 -7.931364539978104 140
    endloop
  endfacet
  facet normal 0.9510565162951534 -0.30901699437494756 4.88169484554027e-19
    outer loop
      vertex 17.814136424030718 -7.931364539978104 5
      vertex 19.07387821430921 -4.054277970946307 5
      vertex 19.07387821430921 -4.054277970946307 140
    endloop
  endfacet
  facet normal 0.9945218953682733 -0.10452846326765322 -1.462478638979547e-20
    outer loop
      vertex 19.07387821430921 -4.054277970946307 5
      vertex 19.5 0 5
      vertex 19.5 0 140
    endloop
  endfacet
  facet normal 0.20791169081775998 -0.9781476007338056 0
    outer loop
      vertex 2.0383050337192428 -19.39317695968133 5
      vertex 6.025831390311474 -18.545602067755492 140
      vertex 2.0383050337192428 -19.39317695968133 140
    endloop
  endfacet
  facet normal 0.40673664307579965 -0.9135454576426012 0
    outer loop
      vertex 6.025831390311474 -18.545602067755492 5
      vertex 9.75 -16.887495373796554 140
      vertex 6.025831390311474 -18.545602067755492 140
    endloop
  endfacet
  facet normal 0.5877852522924734 -0.8090169943749473 0
    outer loop
      vertex 9.75 -16.887495373796554 5
      vertex 13.048046823997735 -14.491324096809187 140
      vertex 9.75 -16.887495373796554 140
    endloop
  endfacet
  facet normal 0 0 1
    outer loop
      vertex -2.0383050337192428 -19.39317695968133 140
      vertex 2.0383050337192428 -19.39317695968133 140
      vertex 1.986040802085416 -18.895916011997194 140
    endloop
  endfacet
  facet normal 0 0 1
    outer loop
      vertex 2.0383050337192428 -19.39317695968133 140
      vertex 6.025831390311474 -18.545602067755492 140
      vertex 1.986040802085416 -18.895916011997194 140
    endloop
  endfacet
  facet normal 0 0 1
    outer loop
      vertex 6.025831390311474 -18.545602067755492 140
      vertex 5.871322893124001 -18.070073809607916 140
      vertex 1.986040802085416 -18.895916011997194 140
    endloop
  endfacet
  facet normal 0 0 1
    outer loop
      vertex 6.025831390311474 -18.545602067755492 140
      vertex 9.75 -16.887495373796554 140
      vertex 5.871322893124001 -18.070073809607916 140
    endloop
  endfacet
  facet normal 0 0 1
    outer loop
      vertex 9.75 -16.887495373796554 140
      vertex 9.5 -16.454482671904334 140
      vertex 5.871322893124001 -18.070073809607916 140
    endloop
  endfacet
  facet normal 0 0 1
    outer loop
      vertex 9.75 -16.887495373796554 140
      vertex 13.048046823997735 -14.491324096809187 140
      vertex 9.5 -16.454482671904334 140
    endloop
  endfacet
  facet normal 0 0 1
    outer loop
      vertex 13.048046823997735 -14.491324096809187 140
      vertex 12.713481520818306 -14.11975168407049 140
      vertex 9.5 -16.454482671904334 140
    endloop
  endfacet
  facet normal 0.7431448254773939 -0.6691306063588586 0
    outer loop
      vertex 13.048046823997735 -14.491324096809187 5
      vertex 15.775831390311476 -11.461812419703227 140
      vertex 13.048046823997735 -14.491324096809187 140
    endloop
  endfacet
  facet normal 0 0 1
    outer loop
      vertex 13.048046823997735 -14.491324096809187 140
      vertex 15.775831390311476 -11.461812419703227 140
      vertex 12.713481520818306 -14.11975168407049 140
    endloop
  endfacet
  facet normal 0.8660254037844388 -0.4999999999999998 0
    outer loop
      vertex 15.775831390311476 -11.461812419703227 5
      vertex 17.814136424030718 -7.931364539978104 140
      vertex 15.775831390311476 -11.461812419703227 140
    endloop
  endfacet
  facet normal 0.9510565162951534 -0.30901699437494756 0
    outer loop
      vertex 17.814136424030718 -7.931364539978104 5
      vertex 19.07387821430921 -4.054277970946307 140
      vertex 17.814136424030718 -7.931364539978104 140
    endloop
  endfacet
  facet normal 0.9945218953682733 -0.10452846326765322 0
    outer loop
      vertex 19.07387821430921 -4.054277970946307 5
      vertex 19.5 0 140
      vertex 19.07387821430921 -4.054277970946307 140
    endloop
  endfacet
  facet normal 0 0 1
    outer loop
      vertex 15.775831390311476 -11.461812419703227 140
      vertex 15.371322893124002 -11.16791979355699 140
      vertex 12.713481520818306 -14.11975168407049 140
    endloop
  endfacet
  facet normal 0 0 1
    outer loop
      vertex 15.775831390311476 -11.461812419703227 140
      vertex 17.814136424030718 -7.931364539978104 140
      vertex 15.371322893124002 -11.16791979355699 140
    endloop
  endfacet
  facet normal 0 0 1
    outer loop
      vertex 17.814136424030718 -7.931364539978104 140
      vertex 17.357363695209415 -7.727996218440204 140
      vertex 15.371322893124002 -11.16791979355699 140
    endloop
  endfacet
  facet normal 0 0 1
    outer loop
      vertex 17.814136424030718 -7.931364539978104 140
      vertex 19.07387821430921 -4.054277970946307 140
      vertex 17.357363695209415 -7.727996218440204 140
    endloop
  endfacet
  facet normal 0 0 1
    outer loop
      vertex 19.07387821430921 -4.054277970946307 140
      vertex 18.584804413942308 -3.9503221255374275 140
      vertex 17.357363695209415 -7.727996218440204 140
    endloop
  endfacet
  facet normal 0 0 1
    outer loop
      vertex 19.07387821430921 -4.054277970946307 140
      vertex 19 0 140
      vertex 18.584804413942308 -3.9503221255374275 140
    endloop
  endfacet
  facet normal 0 0 -1
    outer loop
      vertex -2.0383050337192428 19.39317695968133 0
      vertex 2.0383050337192428 19.39317695968133 0
      vertex 1.986040802085416 18.895916011997194 0
    endloop
  endfacet
  facet normal 0 1 0
    outer loop
      vertex -2.0383050337192428 19.39317695968133 0.41666666666666785
      vertex 2.0383050337192428 19.39317695968133 0.41666666666666785
      vertex 2.0383050337192428 19.39317695968133 0
    endloop
  endfacet
  facet normal 0 0 -1
    outer loop
      vertex 5.871322893124001 18.070073809607916 0
      vertex 1.986040802085416 18.895916011997194 0
      vertex 2.0383050337192428 19.39317695968133 0
    endloop
  endfacet
  facet normal 0.20791169081775995 0.9781476007338055 2.4820839411823326e-17
    outer loop
      vertex 6.025831390311474 18.545602067755492 0
      vertex 2.0383050337192428 19.39317695968133 0
      vertex 2.0383050337192428 19.39317695968133 0.41666666666666785
    endloop
  endfacet
  facet normal 0 0 -1
    outer loop
      vertex 5.871322893124001 18.070073809607916 0
      vertex 2.0383050337192428 19.39317695968133 0
      vertex 6.025831390311474 18.545602067755492 0
    endloop
  endfacet
  facet normal 0.20791169081775995 0.9781476007338055 0
    outer loop
      vertex 6.025831390311474 18.545602067755492 0
      vertex 2.0383050337192428 19.39317695968133 0.41666666666666785
      vertex 6.025831390311474 18.545602067755492 0.4166666666666657
    endloop
  endfacet
  facet normal 0 0 -1
    outer loop
      vertex 5.871322893124001 18.070073809607916 0
      vertex 6.025831390311474 18.545602067755492 0
      vertex 9.75 16.887495373796554 0
    endloop
  endfacet
  facet normal 0.40673664307579954 0.9135454576426011 0
    outer loop
      vertex 6.025831390311474 18.545602067755492 0
      vertex 6.025831390311474 18.545602067755492 0.4166666666666657
      vertex 9.75 16.887495373796554 0
    endloop
  endfacet
  facet normal 0 0 -1
    outer loop
      vertex 5.871322893124001 18.070073809607916 0
      vertex 9.75 16.887495373796554 0
      vertex 9.5 16.454482671904334 0
    endloop
  endfacet
  facet normal 0.4067366430757996 0.9135454576426013 -1.9944625700717505e-16
    outer loop
      vertex 6.025831390311474 18.545602067755492 0.4166666666666657
      vertex 9.75 16.887495373796554 0.41666666666666663
      vertex 9.75 16.887495373796554 0
    endloop
  endfacet
  facet normal 0 0 -1
    outer loop
      vertex 9.5 16.454482671904334 0
      vertex 13.048046823997735 14.491324096809187 0
      vertex 12.713481520818306 14.11975168407049 0
    endloop
  endfacet
  facet normal 0.5877852522924734 0.8090169943749473 -2.264003099862343e-16
    outer loop
      vertex 9.75 16.887495373796554 0.41666666666666663
      vertex 13.048046823997735 14.491324096809187 0.4166666666666671
      vertex 13.048046823997735 14.491324096809187 0
    endloop
  endfacet
  facet normal 0 0 -1
    outer loop
      vertex 9.5 16.454482671904334 0
      vertex 9.75 16.887495373796554 0
      vertex 13.048046823997735 14.491324096809187 0
    endloop
  endfacet
  facet normal 0.5877852522924734 0.8090169943749473 0
    outer loop
      vertex 9.75 16.887495373796554 0
      vertex 9.75 16.887495373796554 0.41666666666666663
      vertex 13.048046823997735 14.491324096809187 0
    endloop
  endfacet
  facet normal 0.20791169081775998 0.9781476007338056 7.660752904883764e-20
    outer loop
      vertex 6.025831390311474 18.545602067755492 5
      vertex 2.0383050337192428 19.39317695968133 5
      vertex 2.0383050337192428 19.39317695968133 140
    endloop
  endfacet
  facet normal 0.40673664307579965 0.9135454576426012 0
    outer loop
      vertex 6.025831390311474 18.545602067755492 5
      vertex 6.025831390311474 18.545602067755492 140
      vertex 9.75 16.887495373796554 5
    endloop
  endfacet
  facet normal 0.5877852522924734 0.8090169943749473 0
    outer loop
      vertex 9.75 16.887495373796554 5
      vertex 9.75 16.887495373796554 140
      vertex 13.048046823997735 14.491324096809187 5
    endloop
  endfacet
  facet normal 0 0 -1
    outer loop
      vertex 18.584804413942308 3.9503221255374275 0
      vertex 17.357363695209415 7.727996218440204 0
      vertex 19.07387821430921 4.054277970946307 0
    endloop
  endfacet
  facet normal 0.9510565162951535 0.3090169943749475 2.2890843991031755e-16
    outer loop
      vertex 17.814136424030718 7.931364539978105 0.4166666666666684
      vertex 19.07387821430921 4.054277970946307 0.41666666666666663
      vertex 19.07387821430921 4.054277970946307 0
    endloop
  endfacet
  facet normal 0 0 -1
    outer loop
      vertex 15.371322893124002 11.16791979355699 0
      vertex 12.713481520818306 14.11975168407049 0
      vertex 15.775831390311476 11.461812419703227 0
    endloop
  endfacet
  facet normal 0 0 -1
    outer loop
      vertex 15.371322893124002 11.16791979355699 0
      vertex 17.814136424030718 7.931364539978104 0
      vertex 17.357363695209415 7.727996218440204 0
    endloop
  endfacet
  facet normal 0.8660254037844387 0.49999999999999994 -1.0658141036401457e-15
    outer loop
      vertex 17.814136424030718 7.931364539978104 0
      vertex 15.775831390311476 11.461812419703227 0.41666666666666635
      vertex 17.814136424030718 7.931364539978105 0.4166666666666684
    endloop
  endfacet
  facet normal 0 0 -1
    outer loop
      vertex 17.357363695209415 7.727996218440204 0
      vertex 17.814136424030718 7.931364539978104 0
      vertex 19.07387821430921 4.054277970946307 0
    endloop
  endfacet
  facet normal 0.9510565162951535 0.30901699437494756 -6.587093417386136e-16
    outer loop
      vertex 17.814136424030718 7.931364539978104 0
      vertex 17.814136424030718 7.931364539978105 0.4166666666666684
      vertex 19.07387821430921 4.054277970946307 0
    endloop
  endfacet
  facet normal 0 0 -1
    outer loop
      vertex 15.371322893124002 11.16791979355699 0
      vertex 15.775831390311476 11.461812419703227 0
      vertex 17.814136424030718 7.931364539978104 0
    endloop
  endfacet
  facet normal 0.8660254037844387 0.4999999999999998 2.5401705150024396e-16
    outer loop
      vertex 17.814136424030718 7.931364539978104 0
      vertex 15.775831390311476 11.461812419703227 0
      vertex 15.775831390311476 11.461812419703227 0.41666666666666635
    endloop
  endfacet
  facet normal 0 0 -1
    outer loop
      vertex 19.07387821430921 -4.054277970946307 0
      vertex 19 0 0
      vertex 19.07387821430921 4.054277970946307 0
    endloop
  endfacet
  facet normal 0 0 -1
    outer loop
      vertex 19.07387821430921 -4.054277970946307 0
      vertex 19.07387821430921 4.054277970946307 0
      vertex 19.5 0 0
    endloop
  endfacet
  facet normal 0.9945218953682734 0.10452846326765322 0
    outer loop
      vertex 19.5 0 0
      vertex 19.07387821430921 4.054277970946307 0.41666666666666663
      vertex 19.5 0 0.41666666666666663
    endloop
  endfacet
  facet normal 0 0 -1
    outer loop
      vertex 18.584804413942308 3.9503221255374275 0
      vertex 19.07387821430921 4.054277970946307 0
      vertex 19 0 0
    endloop
  endfacet
  facet normal 0.9945218953682734 0.10452846326765322 4.738430790293733e-18
    outer loop
      vertex 19.5 0 0
      vertex 19.07387821430921 4.054277970946307 0
      vertex 19.07387821430921 4.054277970946307 0.41666666666666663
    endloop
  endfacet
  facet normal 0.9510565162951534 0.30901699437494756 0
    outer loop
      vertex 17.814136424030718 7.931364539978104 5
      vertex 17.814136424030718 7.931364539978104 140
      vertex 19.07387821430921 4.054277970946307 5
    endloop
  endfacet
  facet normal 0.8660254037844388 0.4999999999999998 7.840032453711227e-19
    outer loop
      vertex 17.814136424030718 7.931364539978104 5
      vertex 15.775831390311476 11.461812419703227 5
      vertex 15.775831390311476 11.461812419703227 140
    endloop
  endfacet
  facet normal 0.9945218953682733 0.10452846326765322 1.462478638979547e-20
    outer loop
      vertex 19.5 0 5
      vertex 19.07387821430921 4.054277970946307 5
      vertex 19.07387821430921 4.054277970946307 140
    endloop
  endfacet
  facet normal 0 0 -1
    outer loop
      vertex 15.775831390311476 11.461812419703227 0
      vertex 12.713481520818306 14.11975168407049 0
      vertex 13.048046823997735 14.491324096809187 0
    endloop
  endfacet
  facet normal 0.7431448254773939 0.6691306063588585 4.0576207840450745e-16
    outer loop
      vertex 15.775831390311476 11.461812419703227 0
      vertex 13.048046823997735 14.491324096809187 0
      vertex 13.048046823997735 14.491324096809187 0.4166666666666671
    endloop
  endfacet
  facet normal 0.7431448254773939 0.6691306063588586 0
    outer loop
      vertex 15.775831390311476 11.461812419703227 0
      vertex 13.048046823997735 14.491324096809187 0.4166666666666671
      vertex 15.775831390311476 11.461812419703227 0.41666666666666635
    endloop
  endfacet
  facet normal 0.7431448254773939 0.6691306063588586 1.2523520938410738e-18
    outer loop
      vertex 15.775831390311476 11.461812419703227 5
      vertex 13.048046823997735 14.491324096809187 5
      vertex 13.048046823997735 14.491324096809187 140
    endloop
  endfacet
  facet normal 0 1 0
    outer loop
      vertex -2.0383050337192428 19.39317695968133 140
      vertex 2.0383050337192428 19.39317695968133 140
      vertex 2.0383050337192428 19.39317695968133 5
    endloop
  endfacet
  facet normal 0.20791169081775998 0.9781476007338056 0
    outer loop
      vertex 6.025831390311474 18.545602067755492 5
      vertex 2.0383050337192428 19.39317695968133 140
      vertex 6.025831390311474 18.545602067755492 140
    endloop
  endfacet
  facet normal 0.40673664307579965 0.9135454576426012 0
    outer loop
      vertex 9.75 16.887495373796554 5
      vertex 6.025831390311474 18.545602067755492 140
      vertex 9.75 16.887495373796554 140
    endloop
  endfacet
  facet normal 0.5877852522924734 0.8090169943749473 0
    outer loop
      vertex 13.048046823997735 14.491324096809187 5
      vertex 9.75 16.887495373796554 140
      vertex 13.048046823997735 14.491324096809187 140
    endloop
  endfacet
  facet normal 0 0 1
    outer loop
      vertex 2.0383050337192428 19.39317695968133 140
      vertex -1.986040802085416 18.895916011997194 140
      vertex 1.986040802085416 18.895916011997194 140
    endloop
  endfacet
  facet normal 0 0 1
    outer loop
      vertex 2.0383050337192428 19.39317695968133 140
      vertex 1.986040802085416 18.895916011997194 140
      vertex 5.871322893124001 18.070073809607916 140
    endloop
  endfacet
  facet normal 0 0 1
    outer loop
      vertex 6.025831390311474 18.545602067755492 140
      vertex 2.0383050337192428 19.39317695968133 140
      vertex 5.871322893124001 18.070073809607916 140
    endloop
  endfacet
  facet normal 0 0 1
    outer loop
      vertex 6.025831390311474 18.545602067755492 140
      vertex 5.871322893124001 18.070073809607916 140
      vertex 9.5 16.454482671904334 140
    endloop
  endfacet
  facet normal 0 0 1
    outer loop
      vertex 6.025831390311474 18.545602067755492 140
      vertex 9.5 16.454482671904334 140
      vertex 9.75 16.887495373796554 140
    endloop
  endfacet
  facet normal 0 0 1
    outer loop
      vertex 9.75 16.887495373796554 140
      vertex 12.713481520818306 14.11975168407049 140
      vertex 13.048046823997735 14.491324096809187 140
    endloop
  endfacet
  facet normal 0 0 1
    outer loop
      vertex 9.75 16.887495373796554 140
      vertex 9.5 16.454482671904334 140
      vertex 12.713481520818306 14.11975168407049 140
    endloop
  endfacet
  facet normal 0.9510565162951534 0.30901699437494756 0
    outer loop
      vertex 19.07387821430921 4.054277970946307 5
      vertex 17.814136424030718 7.931364539978104 140
      vertex 19.07387821430921 4.054277970946307 140
    endloop
  endfacet
  facet normal 0.8660254037844388 0.4999999999999998 0
    outer loop
      vertex 17.814136424030718 7.931364539978104 5
      vertex 15.775831390311476 11.461812419703227 140
      vertex 17.814136424030718 7.931364539978104 140
    endloop
  endfacet
  facet normal 0.9945218953682733 0.10452846326765322 0
    outer loop
      vertex 19.5 0 5
      vertex 19.07387821430921 4.054277970946307 140
      vertex 19.5 0 140
    endloop
  endfacet
  facet normal 0 0 1
    outer loop
      vertex 17.814136424030718 7.931364539978104 140
      vertex 18.584804413942308 3.9503221255374275 140
      vertex 19.07387821430921 4.054277970946307 140
    endloop
  endfacet
  facet normal 0 0 1
    outer loop
      vertex 15.775831390311476 11.461812419703227 140
      vertex 13.048046823997735 14.491324096809187 140
      vertex 15.371322893124002 11.16791979355699 140
    endloop
  endfacet
  facet normal 0 0 1
    outer loop
      vertex 17.814136424030718 7.931364539978104 140
      vertex 15.775831390311476 11.461812419703227 140
      vertex 17.357363695209415 7.727996218440204 140
    endloop
  endfacet
  facet normal 0 0 1
    outer loop
      vertex 17.814136424030718 7.931364539978104 140
      vertex 17.357363695209415 7.727996218440204 140
      vertex 18.584804413942308 3.9503221255374275 140
    endloop
  endfacet
  facet normal 0 0 1
    outer loop
      vertex 15.775831390311476 11.461812419703227 140
      vertex 15.371322893124002 11.16791979355699 140
      vertex 17.357363695209415 7.727996218440204 140
    endloop
  endfacet
  facet normal 0 0 1
    outer loop
      vertex 19.07387821430921 -4.054277970946307 140
      vertex 19.07387821430921 4.054277970946307 140
      vertex 19 0 140
    endloop
  endfacet
  facet normal 0 0 1
    outer loop
      vertex 19.07387821430921 -4.054277970946307 140
      vertex 19.5 0 140
      vertex 19.07387821430921 4.054277970946307 140
    endloop
  endfacet
  facet normal 0 0 1
    outer loop
      vertex 19.07387821430921 4.054277970946307 140
      vertex 18.584804413942308 3.9503221255374275 140
      vertex 19 0 140
    endloop
  endfacet
  facet normal 0.7431448254773939 0.6691306063588586 0
    outer loop
      vertex 15.775831390311476 11.461812419703227 5
      vertex 13.048046823997735 14.491324096809187 140
      vertex 15.775831390311476 11.461812419703227 140
    endloop
  endfacet
  facet normal 0 0 1
    outer loop
      vertex 13.048046823997735 14.491324096809187 140
      vertex 12.713481520818306 14.11975168407049 140
      vertex 15.371322893124002 11.16791979355699 140
    endloop
  endfacet
  facet normal 0.9945218953682734 0.10452846326765322 -1.1297620715221799e-20
    outer loop
      vertex -18.584804413942308 -3.9503221255374275 0
      vertex -19 0 0
      vertex -19 0 140
    endloop
  endfacet
  facet normal 0.8660254037844392 0.49999999999999917 3.6078444667435057e-19
    outer loop
      vertex -15.371322893124002 -11.16791979355699 0
      vertex -17.357363695209415 -7.727996218440204 0
      vertex -17.357363695209415 -7.727996218440204 140
    endloop
  endfacet
  facet normal 0.7431448254773939 0.6691306063588587 -6.096450199113772e-19
    outer loop
      vertex -12.713481520818306 -14.11975168407049 0
      vertex -15.371322893124002 -11.16791979355699 0
      vertex -15.371322893124002 -11.16791979355699 140
    endloop
  endfacet
  facet normal 0.9510565162951534 0.3090169943749482 2.839519169943595e-19
    outer loop
      vertex -17.357363695209415 -7.727996218440204 0
      vertex -18.584804413942308 -3.9503221255374275 0
      vertex -18.584804413942308 -3.9503221255374275 140
    endloop
  endfacet
  facet normal 0.5877852522924732 0.8090169943749475 0
    outer loop
      vertex -9.5 -16.454482671904334 0
      vertex -12.713481520818306 -14.11975168407049 0
      vertex -9.5 -16.454482671904334 140
    endloop
  endfacet
  facet normal 0.40673664307579993 0.9135454576426011 0
    outer loop
      vertex -5.871322893124001 -18.070073809607916 0
      vertex -9.5 -16.454482671904334 0
      vertex -5.871322893124001 -18.070073809607916 140
    endloop
  endfacet
  facet normal 0.20791169081776006 0.9781476007338055 0
    outer loop
      vertex -1.986040802085416 -18.895916011997194 0
      vertex -5.871322893124001 -18.070073809607916 0
      vertex -1.986040802085416 -18.895916011997194 140
    endloop
  endfacet
  facet normal 0.7431448254773939 0.6691306063588587 -6.096450199113772e-19
    outer loop
      vertex -15.371322893124002 -11.16791979355699 140
      vertex -12.713481520818306 -14.11975168407049 140
      vertex -12.713481520818306 -14.11975168407049 0
    endloop
  endfacet
  facet normal 0.8660254037844392 0.49999999999999917 3.6078444667435057e-19
    outer loop
      vertex -17.357363695209415 -7.727996218440204 140
      vertex -15.371322893124002 -11.16791979355699 140
      vertex -15.371322893124002 -11.16791979355699 0
    endloop
  endfacet
  facet normal 0.9510565162951534 0.3090169943749482 2.839519169943595e-19
    outer loop
      vertex -18.584804413942308 -3.9503221255374275 140
      vertex -17.357363695209415 -7.727996218440204 140
      vertex -17.357363695209415 -7.727996218440204 0
    endloop
  endfacet
  facet normal 0.9945218953682734 0.10452846326765322 0
    outer loop
      vertex -18.584804413942308 -3.9503221255374275 0
      vertex -19 0 140
      vertex -18.584804413942308 -3.9503221255374275 140
    endloop
  endfacet
  facet normal 0.5877852522924732 0.8090169943749475 0
    outer loop
      vertex -12.713481520818306 -14.11975168407049 140
      vertex -9.5 -16.454482671904334 140
      vertex -12.713481520818306 -14.11975168407049 0
    endloop
  endfacet
  facet normal 0.40673664307579993 0.9135454576426011 0
    outer loop
      vertex -9.5 -16.454482671904334 140
      vertex -5.871322893124001 -18.070073809607916 140
      vertex -9.5 -16.454482671904334 0
    endloop
  endfacet
  facet normal 0 1 0
    outer loop
      vertex -1.986040802085416 -18.895916011997194 0
      vertex -1.986040802085416 -18.895916011997194 140
      vertex 1.986040802085416 -18.895916011997194 140
    endloop
  endfacet
  facet normal 0.20791169081776006 0.9781476007338055 0
    outer loop
      vertex -5.871322893124001 -18.070073809607916 140
      vertex -1.986040802085416 -18.895916011997194 140
      vertex -5.871322893124001 -18.070073809607916 0
    endloop
  endfacet
  facet normal 0.9945218953682734 -0.10452846326765322 1.1297620715221799e-20
    outer loop
      vertex -19 0 0
      vertex -18.584804413942308 3.9503221255374275 0
      vertex -18.584804413942308 3.9503221255374275 140
    endloop
  endfacet
  facet normal 0.9510565162951534 -0.3090169943749482 -2.839519169943595e-19
    outer loop
      vertex -18.584804413942308 3.9503221255374275 0
      vertex -17.357363695209415 7.727996218440204 0
      vertex -17.357363695209415 7.727996218440204 140
    endloop
  endfacet
  facet normal 0.8660254037844392 -0.49999999999999917 -3.6078444667435057e-19
    outer loop
      vertex -17.357363695209415 7.727996218440204 0
      vertex -15.371322893124002 11.16791979355699 0
      vertex -15.371322893124002 11.16791979355699 140
    endloop
  endfacet
  facet normal 0.7431448254773939 -0.6691306063588587 6.096450199113772e-19
    outer loop
      vertex -15.371322893124002 11.16791979355699 0
      vertex -12.713481520818306 14.11975168407049 0
      vertex -12.713481520818306 14.11975168407049 140
    endloop
  endfacet
  facet normal 0.5877852522924732 -0.8090169943749475 0
    outer loop
      vertex -12.713481520818306 14.11975168407049 0
      vertex -9.5 16.454482671904334 0
      vertex -12.713481520818306 14.11975168407049 140
    endloop
  endfacet
  facet normal 0.40673664307579993 -0.9135454576426011 0
    outer loop
      vertex -9.5 16.454482671904334 0
      vertex -5.871322893124001 18.070073809607916 0
      vertex -9.5 16.454482671904334 140
    endloop
  endfacet
  facet normal 0.20791169081776006 -0.9781476007338055 0
    outer loop
      vertex -5.871322893124001 18.070073809607916 0
      vertex -1.986040802085416 18.895916011997194 0
      vertex -5.871322893124001 18.070073809607916 140
    endloop
  endfacet
  facet normal 0 -1 0
    outer loop
      vertex -1.986040802085416 18.895916011997194 0
      vertex 1.986040802085416 18.895916011997194 0
      vertex -1.986040802085416 18.895916011997194 140
    endloop
  endfacet
  facet normal 0.9945218953682734 -0.10452846326765322 1.1297620715221799e-20
    outer loop
      vertex -18.584804413942308 3.9503221255374275 140
      vertex -19 0 140
      vertex -19 0 0
    endloop
  endfacet
  facet normal 0.9510565162951534 -0.3090169943749482 -2.839519169943595e-19
    outer loop
      vertex -17.357363695209415 7.727996218440204 140
      vertex -18.584804413942308 3.9503221255374275 140
      vertex -18.584804413942308 3.9503221255374275 0
    endloop
  endfacet
  facet normal 0.8660254037844392 -0.49999999999999917 -3.6078444667435057e-19
    outer loop
      vertex -15.371322893124002 11.16791979355699 140
      vertex -17.357363695209415 7.727996218440204 140
      vertex -17.357363695209415 7.727996218440204 0
    endloop
  endfacet
  facet normal 0.7431448254773939 -0.6691306063588587 6.096450199113772e-19
    outer loop
      vertex -12.713481520818306 14.11975168407049 140
      vertex -15.371322893124002 11.16791979355699 140
      vertex -15.371322893124002 11.16791979355699 0
    endloop
  endfacet
  facet normal 0.5877852522924732 -0.8090169943749475 0
    outer loop
      vertex -9.5 16.454482671904334 140
      vertex -12.713481520818306 14.11975168407049 140
      vertex -9.5 16.454482671904334 0
    endloop
  endfacet
  facet normal 0.40673664307579993 -0.9135454576426011 0
    outer loop
      vertex -5.871322893124001 18.070073809607916 140
      vertex -9.5 16.454482671904334 140
      vertex -5.871322893124001 18.070073809607916 0
    endloop
  endfacet
  facet normal 0.20791169081776006 -0.9781476007338055 0
    outer loop
      vertex -1.986040802085416 18.895916011997194 140
      vertex -5.871322893124001 18.070073809607916 140
      vertex -1.986040802085416 18.895916011997194 0
    endloop
  endfacet
  facet normal 0 1 0
    outer loop
      vertex 1.986040802085416 -18.895916011997194 140
      vertex 1.986040802085416 -18.895916011997194 0
      vertex -1.986040802085416 -18.895916011997194 0
    endloop
  endfacet
  facet normal -0.20791169081776006 0.9781476007338055 0
    outer loop
      vertex 5.871322893124001 -18.070073809607916 0
      vertex 1.986040802085416 -18.895916011997194 0
      vertex 5.871322893124001 -18.070073809607916 140
    endloop
  endfacet
  facet normal -0.40673664307579993 0.9135454576426011 0
    outer loop
      vertex 9.5 -16.454482671904334 0
      vertex 5.871322893124001 -18.070073809607916 0
      vertex 9.5 -16.454482671904334 140
    endloop
  endfacet
  facet normal -0.5877852522924732 0.8090169943749475 0
    outer loop
      vertex 12.713481520818306 -14.11975168407049 0
      vertex 9.5 -16.454482671904334 0
      vertex 12.713481520818306 -14.11975168407049 140
    endloop
  endfacet
  facet normal -0.7431448254773939 0.6691306063588587 0
    outer loop
      vertex 12.713481520818306 -14.11975168407049 0
      vertex 12.713481520818306 -14.11975168407049 140
      vertex 15.371322893124002 -11.16791979355699 0
    endloop
  endfacet
  facet normal -0.8660254037844392 0.49999999999999917 -3.6078444667435057e-19
    outer loop
      vertex 17.357363695209415 -7.727996218440204 0
      vertex 15.371322893124002 -11.16791979355699 0
      vertex 15.371322893124002 -11.16791979355699 140
    endloop
  endfacet
  facet normal -0.9510565162951534 0.3090169943749482 -2.839519169943595e-19
    outer loop
      vertex 18.584804413942308 -3.9503221255374275 0
      vertex 17.357363695209415 -7.727996218440204 0
      vertex 17.357363695209415 -7.727996218440204 140
    endloop
  endfacet
  facet normal -0.9945218953682734 0.10452846326765322 0
    outer loop
      vertex 18.584804413942308 -3.9503221255374275 0
      vertex 18.584804413942308 -3.9503221255374275 140
      vertex 19 0 0
    endloop
  endfacet
  facet normal -0.20791169081776006 0.9781476007338055 0
    outer loop
      vertex 1.986040802085416 -18.895916011997194 140
      vertex 5.871322893124001 -18.070073809607916 140
      vertex 1.986040802085416 -18.895916011997194 0
    endloop
  endfacet
  facet normal -0.40673664307579993 0.9135454576426011 0
    outer loop
      vertex 5.871322893124001 -18.070073809607916 140
      vertex 9.5 -16.454482671904334 140
      vertex 5.871322893124001 -18.070073809607916 0
    endloop
  endfacet
  facet normal -0.5877852522924732 0.8090169943749475 0
    outer loop
      vertex 9.5 -16.454482671904334 140
      vertex 12.713481520818306 -14.11975168407049 140
      vertex 9.5 -16.454482671904334 0
    endloop
  endfacet
  facet normal -0.7431448254773939 0.6691306063588587 6.096450199113772e-19
    outer loop
      vertex 12.713481520818306 -14.11975168407049 140
      vertex 15.371322893124002 -11.16791979355699 140
      vertex 15.371322893124002 -11.16791979355699 0
    endloop
  endfacet
  facet normal -0.8660254037844392 0.49999999999999917 -3.6078444667435057e-19
    outer loop
      vertex 15.371322893124002 -11.16791979355699 140
      vertex 17.357363695209415 -7.727996218440204 140
      vertex 17.357363695209415 -7.727996218440204 0
    endloop
  endfacet
  facet normal -0.9510565162951534 0.3090169943749482 -2.839519169943595e-19
    outer loop
      vertex 17.357363695209415 -7.727996218440204 140
      vertex 18.584804413942308 -3.9503221255374275 140
      vertex 18.584804413942308 -3.9503221255374275 0
    endloop
  endfacet
  facet normal -0.9945218953682734 0.10452846326765322 1.1297620715221799e-20
    outer loop
      vertex 18.584804413942308 -3.9503221255374275 140
      vertex 19 0 140
      vertex 19 0 0
    endloop
  endfacet
  facet normal -0.20791169081776006 -0.9781476007338055 0
    outer loop
      vertex 1.986040802085416 18.895916011997194 0
      vertex 5.871322893124001 18.070073809607916 0
      vertex 1.986040802085416 18.895916011997194 140
    endloop
  endfacet
  facet normal -0.40673664307579993 -0.9135454576426011 0
    outer loop
      vertex 5.871322893124001 18.070073809607916 0
      vertex 9.5 16.454482671904334 0
      vertex 5.871322893124001 18.070073809607916 140
    endloop
  endfacet
  facet normal -0.5877852522924732 -0.8090169943749475 0
    outer loop
      vertex 9.5 16.454482671904334 0
      vertex 12.713481520818306 14.11975168407049 0
      vertex 9.5 16.454482671904334 140
    endloop
  endfacet
  facet normal -0.9510565162951534 -0.3090169943749482 2.839519169943595e-19
    outer loop
      vertex 17.357363695209415 7.727996218440204 0
      vertex 18.584804413942308 3.9503221255374275 0
      vertex 18.584804413942308 3.9503221255374275 140
    endloop
  endfacet
  facet normal -0.7431448254773939 -0.6691306063588587 -6.096450199113772e-19
    outer loop
      vertex 12.713481520818306 14.11975168407049 0
      vertex 15.371322893124002 11.16791979355699 0
      vertex 15.371322893124002 11.16791979355699 140
    endloop
  endfacet
  facet normal -0.8660254037844392 -0.49999999999999917 3.6078444667435057e-19
    outer loop
      vertex 15.371322893124002 11.16791979355699 0
      vertex 17.357363695209415 7.727996218440204 0
      vertex 17.357363695209415 7.727996218440204 140
    endloop
  endfacet
  facet normal -0.9945218953682734 -0.10452846326765322 0
    outer loop
      vertex 19 0 0
      vertex 19 0 140
      vertex 18.584804413942308 3.9503221255374275 0
    endloop
  endfacet
  facet normal -0.20791169081776006 -0.9781476007338055 0
    outer loop
      vertex 5.871322893124001 18.070073809607916 140
      vertex 1.986040802085416 18.895916011997194 140
      vertex 5.871322893124001 18.070073809607916 0
    endloop
  endfacet
  facet normal 0 -1 0
    outer loop
      vertex -1.986040802085416 18.895916011997194 140
      vertex 1.986040802085416 18.895916011997194 0
      vertex 1.986040802085416 18.895916011997194 140
    endloop
  endfacet
  facet normal -0.40673664307579993 -0.9135454576426011 0
    outer loop
      vertex 9.5 16.454482671904334 140
      vertex 5.871322893124001 18.070073809607916 140
      vertex 9.5 16.454482671904334 0
    endloop
  endfacet
  facet normal -0.5877852522924732 -0.8090169943749475 0
    outer loop
      vertex 12.713481520818306 14.11975168407049 140
      vertex 9.5 16.454482671904334 140
      vertex 12.713481520818306 14.11975168407049 0
    endloop
  endfacet
  facet normal -0.9945218953682734 -0.10452846326765322 0
    outer loop
      vertex 18.584804413942308 3.9503221255374275 0
      vertex 19 0 140
      vertex 18.584804413942308 3.9503221255374275 140
    endloop
  endfacet
  facet normal -0.9510565162951534 -0.3090169943749482 2.839519169943595e-19
    outer loop
      vertex 18.584804413942308 3.9503221255374275 140
      vertex 17.357363695209415 7.727996218440204 140
      vertex 17.357363695209415 7.727996218440204 0
    endloop
  endfacet
  facet normal -0.8660254037844392 -0.49999999999999917 3.6078444667435057e-19
    outer loop
      vertex 17.357363695209415 7.727996218440204 140
      vertex 15.371322893124002 11.16791979355699 140
      vertex 15.371322893124002 11.16791979355699 0
    endloop
  endfacet
  facet normal -0.7431448254773939 -0.6691306063588587 -6.096450199113772e-19
    outer loop
      vertex 15.371322893124002 11.16791979355699 140
      vertex 12.713481520818306 14.11975168407049 140
      vertex 12.713481520818306 14.11975168407049 0
    endloop
  endfacet
endsolid OpenSCAD_Model
