solid OpenSCAD_Model
  facet normal 0 0 -1
    outer loop
      vertex -20.66608652115517 -21.400359060074873 0
      vertex -20.250696494258992 -18.233809023278887 0
      vertex -20.28945121185933 -21.75777262317032 0
    endloop
  endfacet
  facet normal 0 0 -1
    outer loop
      vertex -22.108558557952477 -19.906635539176033 0
      vertex -22.452610011627467 -19.51775611246759 0
      vertex -22.045713096717318 -16.017148124969893 0
    endloop
  endfacet
  facet normal 0 0 -1
    outer loop
      vertex -22.108558557952477 -19.906635539176033 0
      vertex -21.473293035783172 -16.77677520262419 0
      vertex -21.75777262317032 -20.28945121185933 0
    endloop
  endfacet
  facet normal 0 0 -1
    outer loop
      vertex -21.400359060074873 -20.66608652115517 0
      vertex -21.75777262317032 -20.28945121185933 0
      vertex -21.177227449702457 -17.14898065610807 0
    endloop
  endfacet
  facet normal 0 0 -1
    outer loop
      vertex -21.03642674029979 -21.03642674029979 0
      vertex -21.400359060074873 -20.66608652115517 0
      vertex -20.874711074992153 -17.515962363958195 0
    endloop
  endfacet
  facet normal 0 0 -1
    outer loop
      vertex -21.03642674029979 -21.03642674029979 0
      vertex -20.565836061070538 -17.877608539991325 0
      vertex -20.66608652115517 -21.400359060074873 0
    endloop
  endfacet
  facet normal 0 0 -1
    outer loop
      vertex -21.400359060074873 -20.66608652115517 0
      vertex -21.177227449702457 -17.14898065610807 0
      vertex -20.874711074992153 -17.515962363958195 0
    endloop
  endfacet
  facet normal 0 0 -1
    outer loop
      vertex -21.03642674029979 -21.03642674029979 0
      vertex -20.874711074992153 -17.515962363958195 0
      vertex -20.565836061070538 -17.877608539991325 0
    endloop
  endfacet
  facet normal 0 0 -1
    outer loop
      vertex -20.66608652115517 -21.400359060074873 0
      vertex -20.565836061070538 -17.877608539991325 0
      vertex -20.250696494258992 -18.233809023278887 0
    endloop
  endfacet
  facet normal 0 0 -1
    outer loop
      vertex -19.906635539176033 -22.108558557952477 0
      vertex -20.28945121185933 -21.75777262317032 0
      vertex -19.602009559228247 -18.929440595007677 0
    endloop
  endfacet
  facet normal 0 0 -1
    outer loop
      vertex -19.906635539176033 -22.108558557952477 0
      vertex -19.268659787333423 -19.268659787333423 0
      vertex -19.51775611246759 -22.452610011627467 0
    endloop
  endfacet
  facet normal 0 0 -1
    outer loop
      vertex -19.122931388174543 -22.789822182789596 0
      vertex -19.51775611246759 -22.452610011627467 0
      vertex -18.929440595007677 -19.602009559228247 0
    endloop
  endfacet
  facet normal 0 0 -1
    outer loop
      vertex -19.122931388174543 -22.789822182789596 0
      vertex -18.584455311703085 -19.929388369122396 0
      vertex -18.722281633732663 -23.120092353344884 0
    endloop
  endfacet
  facet normal 0 0 -1
    outer loop
      vertex -18.722281633732663 -23.120092353344884 0
      vertex -18.233809023278887 -20.250696494258992 0
      vertex -18.315928890938334 -23.443319919799976 0
    endloop
  endfacet
  facet normal 0 0 -1
    outer loop
      vertex -19.51775611246759 -22.452610011627467 0
      vertex -19.268659787333423 -19.268659787333423 0
      vertex -18.929440595007677 -19.602009559228247 0
    endloop
  endfacet
  facet normal 0 0 -1
    outer loop
      vertex -19.122931388174543 -22.789822182789596 0
      vertex -18.929440595007677 -19.602009559228247 0
      vertex -18.584455311703085 -19.929388369122396 0
    endloop
  endfacet
  facet normal 0 0 -1
    outer loop
      vertex -18.722281633732663 -23.120092353344884 0
      vertex -18.584455311703085 -19.929388369122396 0
      vertex -18.233809023278887 -20.250696494258992 0
    endloop
  endfacet
  facet normal 0 0 -1
    outer loop
      vertex -18.315928890938334 -23.443319919799976 0
      vertex -18.233809023278887 -20.250696494258992 0
      vertex -17.877608539991325 -20.565836061070538 0
    endloop
  endfacet
  facet normal 0 0 -1
    outer loop
      vertex -20.28945121185933 -21.75777262317032 0
      vertex -20.250696494258992 -18.233809023278887 0
      vertex -19.929388369122396 -18.584455311703085 0
    endloop
  endfacet
  facet normal 0 0 -1
    outer loop
      vertex -20.28945121185933 -21.75777262317032 0
      vertex -19.929388369122396 -18.584455311703085 0
      vertex -19.602009559228247 -18.929440595007677 0
    endloop
  endfacet
  facet normal 0 0 -1
    outer loop
      vertex -19.906635539176033 -22.108558557952477 0
      vertex -19.602009559228247 -18.929440595007677 0
      vertex -19.268659787333423 -19.268659787333423 0
    endloop
  endfacet
  facet normal -0.7825597196374845 -0.6004791925830953 -0.16439289667031126
    outer loop
      vertex -23.443319919799976 -18.315928890938334 0
      vertex -28.950537239214366 -21.81579458926175 39
      vertex -23.759406423906963 -17.903996938773435 0
    endloop
  endfacet
  facet normal -0.7719607250756825 -0.6140452869821337 -0.16439289667031132
    outer loop
      vertex -23.443319919799976 -18.315928890938334 0
      vertex -23.120092353344884 -18.722281633732663 0
      vertex -28.56538981824367 -22.317728480555115 39
    endloop
  endfacet
  facet normal -0.7929203389278655 -0.5867301864050146 -0.16439289667031126
    outer loop
      vertex -24.068255582654686 -17.486611255701074 0
      vertex -23.759406423906963 -17.903996938773435 0
      vertex -29.326866046091844 -21.30721539560215 39
    endloop
  endfacet
  facet normal -0.8030394270018126 -0.5728024565283782 -0.16439289667031123
    outer loop
      vertex -24.369773317597506 -17.06389898144362 0
      vertex -24.068255582654686 -17.486611255701074 0
      vertex -29.69426160547595 -20.79214581772542 39
    endloop
  endfacet
  facet normal -0.7387661324604484 -0.6536050619860402 -0.16439289667031126
    outer loop
      vertex -22.108558557952477 -19.906635539176033 0
      vertex -27.358222283075484 -23.782139800905888 39
      vertex -22.452610011627467 -19.51775611246759 0
    endloop
  endfacet
  facet normal -0.7500605959914282 -0.6406122679634912 -0.16439289667031132
    outer loop
      vertex -22.789822182789596 -19.122931388174543 0
      vertex -22.452610011627467 -19.51775611246759 0
      vertex -27.769111063062955 -23.30105085113705 39
    endloop
  endfacet
  facet normal -0.7155056083878277 -0.6789894696458177 -0.16439289667031126
    outer loop
      vertex -21.400359060074873 -20.66608652115517 0
      vertex -26.51157168369493 -24.72244055226557 39
      vertex -21.75777262317032 -20.28945121185933 0
    endloop
  endfacet
  facet normal -0.7035466332271492 -0.6913733509465688 -0.1643928966703113
    outer loop
      vertex -21.03642674029979 -21.03642674029979 0
      vertex -26.076067762276107 -25.18136592913865 39
      vertex -21.400359060074873 -20.66608652115517 0
    endloop
  endfacet
  facet normal -0.7272466336089327 -0.6663987615750941 -0.16439289667031132
    outer loop
      vertex -22.108558557952477 -19.906635539176033 0
      vertex -21.75777262317032 -20.28945121185933 0
      vertex -26.938999923555542 -24.255984480508612 39
    endloop
  endfacet
  facet normal -0.7611265837988638 -0.6274243372383762 -0.16439289667031123
    outer loop
      vertex -23.120092353344884 -18.722281633732663 0
      vertex -22.789822182789596 -19.122931388174543 0
      vertex -28.171541102815194 -22.812864175556605 39
    endloop
  endfacet
  facet normal -0.6913733509465688 -0.7035466332271492 -0.1643928966703113
    outer loop
      vertex -21.03642674029979 -21.03642674029979 0
      vertex -20.66608652115517 -21.400359060074873 0
      vertex -25.18136592913865 -26.076067762276107 39
    endloop
  endfacet
  facet normal -0.6789894696458177 -0.7155056083878277 -0.16439289667031126
    outer loop
      vertex -20.66608652115517 -21.400359060074873 0
      vertex -20.28945121185933 -21.75777262317032 0
      vertex -24.72244055226557 -26.51157168369493 39
    endloop
  endfacet
  facet normal -0.6536050619860402 -0.7387661324604484 -0.16439289667031126
    outer loop
      vertex -19.906635539176033 -22.108558557952477 0
      vertex -19.51775611246759 -22.452610011627467 0
      vertex -23.782139800905888 -27.358222283075484 39
    endloop
  endfacet
  facet normal -0.6406122679634912 -0.7500605959914282 -0.16439289667031132
    outer loop
      vertex -19.122931388174543 -22.789822182789596 0
      vertex -23.30105085113705 -27.769111063062955 39
      vertex -19.51775611246759 -22.452610011627467 0
    endloop
  endfacet
  facet normal -0.6663987615750941 -0.7272466336089327 -0.16439289667031132
    outer loop
      vertex -19.906635539176033 -22.108558557952477 0
      vertex -24.255984480508612 -26.938999923555542 39
      vertex -20.28945121185933 -21.75777262317032 0
    endloop
  endfacet
  facet normal -0.6140452869821337 -0.7719607250756825 -0.16439289667031134
    outer loop
      vertex -18.722281633732663 -23.120092353344884 0
      vertex -18.315928890938334 -23.443319919799976 0
      vertex -22.317728480555115 -28.56538981824367 39
    endloop
  endfacet
  facet normal -0.6004791925830953 -0.7825597196374845 -0.16439289667031126
    outer loop
      vertex -18.315928890938334 -23.443319919799976 0
      vertex -17.903996938773435 -23.759406423906963 0
      vertex -21.81579458926175 -28.950537239214366 39
    endloop
  endfacet
  facet normal -0.5867301864050146 -0.7929203389278655 -0.16439289667031126
    outer loop
      vertex -17.486611255701074 -24.068255582654686 0
      vertex -21.30721539560215 -29.326866046091844 39
      vertex -17.903996938773435 -23.759406423906963 0
    endloop
  endfacet
  facet normal -0.5728024565283782 -0.8030394270018126 -0.16439289667031123
    outer loop
      vertex -17.06389898144362 -24.369773317597506 0
      vertex -20.79214581772542 -29.69426160547595 39
      vertex -17.486611255701074 -24.068255582654686 0
    endloop
  endfacet
  facet normal -0.6274243372383762 -0.7611265837988638 -0.16439289667031123
    outer loop
      vertex -19.122931388174543 -22.789822182789596 0
      vertex -18.722281633732663 -23.120092353344884 0
      vertex -22.812864175556605 -28.171541102815194 39
    endloop
  endfacet
  facet normal 0 0 -1
    outer loop
      vertex -27.3850193902101 -11.624251072555895 0
      vertex -27.146305523000066 -2.374993989873685 0
      vertex -27.177977364867377 -12.100415131505056 0
    endloop
  endfacet
  facet normal 0 0 -1
    outer loop
      vertex -27.3850193902101 -11.624251072555895 0
      vertex -27.183620369580208 -1.9008639095274145 0
      vertex -27.146305523000066 -2.374993989873685 0
    endloop
  endfacet
  facet normal 0 0 -1
    outer loop
      vertex -27.3850193902101 -11.624251072555895 0
      vertex -27.212654822062138 -1.4261548076202195 0
      vertex -27.183620369580208 -1.9008639095274145 0
    endloop
  endfacet
  facet normal 0 0 -1
    outer loop
      vertex -27.3850193902101 -11.624251072555895 0
      vertex -27.23340003627036 -0.9510112851431514 0
      vertex -27.212654822062138 -1.4261548076202195 0
    endloop
  endfacet
  facet normal 0 0 -1
    outer loop
      vertex -29.460475045061717 -4.140399753561947 0
      vertex -29.528248011329328 -3.6256129663031373 0
      vertex -29.460475045061717 4.140399753561947 0
    endloop
  endfacet
  facet normal 0 0 -1
    outer loop
      vertex -29.58702638720613 -3.1097217822126906 0
      vertex -29.63679226822943 -2.5928833467428305 0
      vertex -29.58702638720613 3.1097217822126906 0
    endloop
  endfacet
  facet normal 0 0 -1
    outer loop
      vertex -29.528248011329328 -3.6256129663031373 0
      vertex -29.58702638720613 -3.1097217822126906 0
      vertex -29.528248011329328 3.6256129663031373 0
    endloop
  endfacet
  facet normal 0 0 -1
    outer loop
      vertex -29.63679226822943 -2.5928833467428305 0
      vertex -29.67753049522977 -2.0752550938877277 0
      vertex -29.63679226822943 2.5928833467428305 0
    endloop
  endfacet
  facet normal 0 0 -1
    outer loop
      vertex -29.7318771038181 -1.0382600268994038 0
      vertex -29.74546893090264 -0.5192090915091845 0
      vertex -29.7318771038181 1.0382600268994038 0
    endloop
  endfacet
  facet normal 0 0 -1
    outer loop
      vertex -29.67753049522977 -2.0752550938877277 0
      vertex -29.70922865894857 -1.556994698227579 0
      vertex -29.67753049522977 2.0752550938877277 0
    endloop
  endfacet
  facet normal 0 0 -1
    outer loop
      vertex -29.70922865894857 -1.556994698227579 0
      vertex -29.7318771038181 -1.0382600268994038 0
      vertex -29.70922865894857 1.556994698227579 0
    endloop
  endfacet
  facet normal 0 0 -1
    outer loop
      vertex -28.293931359780817 -9.193255582654684 0
      vertex -28.450066489900305 -8.698058215501419 0
      vertex -28.293931359780817 9.193255582654684 0
    endloop
  endfacet
  facet normal 0 0 -1
    outer loop
      vertex -28.597535454164987 -8.200211335555725 0
      vertex -28.736293332099784 -7.699866591799992 0
      vertex -28.597535454164987 8.200211335555725 0
    endloop
  endfacet
  facet normal 0 0 -1
    outer loop
      vertex -28.736293332099784 -7.699866591799992 0
      vertex -28.866297856710894 -7.197176394090115 0
      vertex -28.736293332099784 7.699866591799992 0
    endloop
  endfacet
  facet normal 0 0 -1
    outer loop
      vertex -28.450066489900305 -8.698058215501419 0
      vertex -28.597535454164987 -8.200211335555725 0
      vertex -28.450066489900305 8.698058215501419 0
    endloop
  endfacet
  facet normal 0 0 -1
    outer loop
      vertex -27.3850193902101 -11.624251072555895 0
      vertex -27.245849693011664 -0.4755780754159757 0
      vertex -27.23340003627036 -0.9510112851431514 0
    endloop
  endfacet
  facet normal 0 0 -1
    outer loop
      vertex -27.3850193902101 -11.624251072555895 0
      vertex -27.25 0 0
      vertex -27.245849693011664 -0.4755780754159757 0
    endloop
  endfacet
  facet normal 0 0 -1
    outer loop
      vertex -27.774017688291753 -10.661446498972683 0
      vertex -27.583719673361927 11.144546154123383 0
      vertex -27.583719673361927 -11.144546154123383 0
    endloop
  endfacet
  facet normal 0 0 -1
    outer loop
      vertex -27.3850193902101 -11.624251072555895 0
      vertex -27.583719673361927 -11.144546154123383 0
      vertex -27.3850193902101 11.624251072555895 0
    endloop
  endfacet
  facet normal 0 0 -1
    outer loop
      vertex -27.3850193902101 -11.624251072555895 0
      vertex -27.245849693011664 0.4755780754159757 0
      vertex -27.25 0 0
    endloop
  endfacet
  facet normal 0 0 -1
    outer loop
      vertex -28.129177624079677 -9.685652595100413 0
      vertex -28.293931359780817 -9.193255582654684 0
      vertex -28.129177624079677 9.685652595100413 0
    endloop
  endfacet
  facet normal 0 0 -1
    outer loop
      vertex -28.129177624079677 -9.685652595100413 0
      vertex -27.955855468380776 10.175099263938645 0
      vertex -27.955855468380776 -10.175099263938645 0
    endloop
  endfacet
  facet normal 0 0 -1
    outer loop
      vertex -27.774017688291753 -10.661446498972683 0
      vertex -27.955855468380776 -10.175099263938645 0
      vertex -27.774017688291753 10.661446498972683 0
    endloop
  endfacet
  facet normal 0 0 -1
    outer loop
      vertex -29.203408707568002 -5.6765676124522075 0
      vertex -29.298030652113187 -5.166033285591177 0
      vertex -29.203408707568002 5.6765676124522075 0
    endloop
  endfacet
  facet normal 0 0 -1
    outer loop
      vertex -28.866297856710894 -7.197176394090115 0
      vertex -28.98750942736075 -6.692293866729984 0
      vertex -28.866297856710894 7.197176394090115 0
    endloop
  endfacet
  facet normal 0 0 -1
    outer loop
      vertex -28.98750942736075 -6.692293866729984 0
      vertex -29.09989112183072 -6.185372801828341 0
      vertex -28.98750942736075 6.692293866729984 0
    endloop
  endfacet
  facet normal 0 0 -1
    outer loop
      vertex -29.203408707568002 -5.6765676124522075 0
      vertex -29.09989112183072 6.185372801828341 0
      vertex -29.09989112183072 -6.185372801828341 0
    endloop
  endfacet
  facet normal 0 0 -1
    outer loop
      vertex -29.298030652113187 -5.166033285591177 0
      vertex -29.38372813270535 -4.6539253349468686 0
      vertex -29.298030652113187 5.166033285591177 0
    endloop
  endfacet
  facet normal 0 0 -1
    outer loop
      vertex -29.38372813270535 -4.6539253349468686 0
      vertex -29.460475045061717 -4.140399753561947 0
      vertex -29.38372813270535 4.6539253349468686 0
    endloop
  endfacet
  facet normal 0 0 -1
    outer loop
      vertex -24.950449396376367 -16.203011291697056 0
      vertex -25.22943086065367 -15.765098110937846 0
      vertex -24.894113720760874 -11.083573523815556 0
    endloop
  endfacet
  facet normal 0 0 -1
    outer loop
      vertex -25.50072719588784 -15.32238272857411 0
      vertex -25.083757256579002 -10.647423251332711 0
      vertex -25.22943086065367 -15.765098110937846 0
    endloop
  endfacet
  facet normal 0 0 -1
    outer loop
      vertex -24.068255582654686 -17.486611255701074 0
      vertex -23.599192253125953 -13.625 0
      vertex -23.759406423906963 -17.903996938773435 0
    endloop
  endfacet
  facet normal 0 0 -1
    outer loop
      vertex -23.443319919799976 -18.315928890938334 0
      vertex -23.109310620262608 -14.440299950354834 0
      vertex -23.120092353344884 -18.722281633732663 0
    endloop
  endfacet
  facet normal 0 0 -1
    outer loop
      vertex -23.120092353344884 -18.722281633732663 0
      vertex -22.59127385212489 -15.238006619577853 0
      vertex -22.789822182789596 -19.122931388174543 0
    endloop
  endfacet
  facet normal 0 0 -1
    outer loop
      vertex -23.443319919799976 -18.315928890938334 0
      vertex -23.759406423906963 -17.903996938773435 0
      vertex -23.35780894413256 -14.034787541298975 0
    endloop
  endfacet
  facet normal 0 0 -1
    outer loop
      vertex -23.120092353344884 -18.722281633732663 0
      vertex -23.109310620262608 -14.440299950354834 0
      vertex -22.853772976512804 -14.841413704159487 0
    endloop
  endfacet
  facet normal 0 0 -1
    outer loop
      vertex -23.120092353344884 -18.722281633732663 0
      vertex -22.853772976512804 -14.841413704159487 0
      vertex -22.59127385212489 -15.238006619577853 0
    endloop
  endfacet
  facet normal 0 0 -1
    outer loop
      vertex -24.369773317597506 -17.06389898144362 0
      vertex -24.66386778351249 -16.63598887825472 0
      vertex -24.279927784133026 -12.37124111790265 0
    endloop
  endfacet
  facet normal 0 0 -1
    outer loop
      vertex -24.950449396376367 -16.203011291697056 0
      vertex -24.4921377616523 -11.94561375000236 0
      vertex -24.66386778351249 -16.63598887825472 0
    endloop
  endfacet
  facet normal 0 0 -1
    outer loop
      vertex -24.369773317597506 -17.06389898144362 0
      vertex -24.06032190540576 -12.793100085915524 0
      vertex -24.068255582654686 -17.486611255701074 0
    endloop
  endfacet
  facet normal 0 0 -1
    outer loop
      vertex -24.068255582654686 -17.486611255701074 0
      vertex -23.833387019548535 -13.211062151712685 0
      vertex -23.599192253125953 -13.625 0
    endloop
  endfacet
  facet normal 0 0 -1
    outer loop
      vertex -24.66386778351249 -16.63598887825472 0
      vertex -24.4921377616523 -11.94561375000236 0
      vertex -24.279927784133026 -12.37124111790265 0
    endloop
  endfacet
  facet normal 0 0 -1
    outer loop
      vertex -24.068255582654686 -17.486611255701074 0
      vertex -24.06032190540576 -12.793100085915524 0
      vertex -23.833387019548535 -13.211062151712685 0
    endloop
  endfacet
  facet normal 0 0 -1
    outer loop
      vertex -24.369773317597506 -17.06389898144362 0
      vertex -24.279927784133026 -12.37124111790265 0
      vertex -24.06032190540576 -12.793100085915524 0
    endloop
  endfacet
  facet normal 0 0 -1
    outer loop
      vertex -23.443319919799976 -18.315928890938334 0
      vertex -23.35780894413256 -14.034787541298975 0
      vertex -23.109310620262608 -14.440299950354834 0
    endloop
  endfacet
  facet normal 0 0 -1
    outer loop
      vertex -23.759406423906963 -17.903996938773435 0
      vertex -23.599192253125953 -13.625 0
      vertex -23.35780894413256 -14.034787541298975 0
    endloop
  endfacet
  facet normal 0 0 -1
    outer loop
      vertex -26.267690887553076 -13.96677899288025 0
      vertex -25.916290069042933 -8.420713096717316 0
      vertex -26.019936287397023 -14.423086202328527 0
    endloop
  endfacet
  facet normal 0 0 -1
    outer loop
      vertex -26.267690887553076 -13.96677899288025 0
      vertex -26.507444094603944 -13.506217367251518 0
      vertex -26.19438121431919 -7.511117946013227 0
    endloop
  endfacet
  facet normal 0 0 -1
    outer loop
      vertex -25.50072719588784 -15.32238272857411 0
      vertex -25.764255762587048 -14.875 0
      vertex -25.440066622048747 -9.765526625109432 0
    endloop
  endfacet
  facet normal 0 0 -1
    outer loop
      vertex -25.764255762587048 -14.875 0
      vertex -26.019936287397023 -14.423086202328527 0
      vertex -25.606623916416005 -9.320048905624473 0
    endloop
  endfacet
  facet normal 0 0 -1
    outer loop
      vertex -25.22943086065367 -15.765098110937846 0
      vertex -25.083757256579002 -10.647423251332711 0
      vertex -24.894113720760874 -11.083573523815556 0
    endloop
  endfacet
  facet normal 0 0 -1
    outer loop
      vertex -25.50072719588784 -15.32238272857411 0
      vertex -25.265760036944958 -10.208029670583603 0
      vertex -25.083757256579002 -10.647423251332711 0
    endloop
  endfacet
  facet normal 0 0 -1
    outer loop
      vertex -25.50072719588784 -15.32238272857411 0
      vertex -25.440066622048747 -9.765526625109432 0
      vertex -25.265760036944958 -10.208029670583603 0
    endloop
  endfacet
  facet normal 0 0 -1
    outer loop
      vertex -26.73912287740022 -13.041541616975055 0
      vertex -26.962656664340336 -12.572893286785808 0
      vertex -26.654522119996205 -5.665593574783942 0
    endloop
  endfacet
  facet normal 0 0 -1
    outer loop
      vertex -26.73912287740022 -13.041541616975055 0
      vertex -26.440558541020906 -6.592371655090946 0
      vertex -26.507444094603944 -13.506217367251518 0
    endloop
  endfacet
  facet normal 0 0 -1
    outer loop
      vertex -26.962656664340336 -12.572893286785808 0
      vertex -27.177977364867377 -12.100415131505056 0
      vertex -26.914507281217503 -4.2628391723462915 0
    endloop
  endfacet
  facet normal 0 0 -1
    outer loop
      vertex -26.267690887553076 -13.96677899288025 0
      vertex -26.059304599992714 -7.967128953694577 0
      vertex -25.916290069042933 -8.420713096717316 0
    endloop
  endfacet
  facet normal 0 0 -1
    outer loop
      vertex -26.267690887553076 -13.96677899288025 0
      vertex -26.19438121431919 -7.511117946013227 0
      vertex -26.059304599992714 -7.967128953694577 0
    endloop
  endfacet
  facet normal 0 0 -1
    outer loop
      vertex -26.507444094603944 -13.506217367251518 0
      vertex -26.321478766377112 -7.05281897904369 0
      vertex -26.19438121431919 -7.511117946013227 0
    endloop
  endfacet
  facet normal 0 0 -1
    outer loop
      vertex -26.019936287397023 -14.423086202328527 0
      vertex -25.765381185081385 -8.87173220895752 0
      vertex -25.606623916416005 -9.320048905624473 0
    endloop
  endfacet
  facet normal 0 0 -1
    outer loop
      vertex -25.764255762587048 -14.875 0
      vertex -25.606623916416005 -9.320048905624473 0
      vertex -25.440066622048747 -9.765526625109432 0
    endloop
  endfacet
  facet normal 0 0 -1
    outer loop
      vertex -26.019936287397023 -14.423086202328527 0
      vertex -25.916290069042933 -8.420713096717316 0
      vertex -25.765381185081385 -8.87173220895752 0
    endloop
  endfacet
  facet normal 0 0 -1
    outer loop
      vertex -24.950449396376367 -16.203011291697056 0
      vertex -24.696887196748712 -11.51634763243406 0
      vertex -24.4921377616523 -11.94561375000236 0
    endloop
  endfacet
  facet normal 0 0 -1
    outer loop
      vertex -24.950449396376367 -16.203011291697056 0
      vertex -24.894113720760874 -11.083573523815556 0
      vertex -24.696887196748712 -11.51634763243406 0
    endloop
  endfacet
  facet normal 0 0 -1
    outer loop
      vertex -22.789822182789596 -19.122931388174543 0
      vertex -22.321893206875025 -15.629957890566004 0
      vertex -22.452610011627467 -19.51775611246759 0
    endloop
  endfacet
  facet normal 0 0 -1
    outer loop
      vertex -22.452610011627467 -19.51775611246759 0
      vertex -22.321893206875025 -15.629957890566004 0
      vertex -22.045713096717318 -16.017148124969893 0
    endloop
  endfacet
  facet normal 0 0 -1
    outer loop
      vertex -22.108558557952477 -19.906635539176033 0
      vertex -21.76281764878873 -16.399459380893315 0
      vertex -21.473293035783172 -16.77677520262419 0
    endloop
  endfacet
  facet normal 0 0 -1
    outer loop
      vertex -22.108558557952477 -19.906635539176033 0
      vertex -22.045713096717318 -16.017148124969893 0
      vertex -21.76281764878873 -16.399459380893315 0
    endloop
  endfacet
  facet normal 0 0 -1
    outer loop
      vertex -22.789822182789596 -19.122931388174543 0
      vertex -22.59127385212489 -15.238006619577853 0
      vertex -22.321893206875025 -15.629957890566004 0
    endloop
  endfacet
  facet normal 0 0 -1
    outer loop
      vertex -21.75777262317032 -20.28945121185933 0
      vertex -21.473293035783172 -16.77677520262419 0
      vertex -21.177227449702457 -17.14898065610807 0
    endloop
  endfacet
  facet normal 0 0 -1
    outer loop
      vertex -26.73912287740022 -13.041541616975055 0
      vertex -26.654522119996205 -5.665593574783942 0
      vertex -26.55158426539766 -6.129916230870322 0
    endloop
  endfacet
  facet normal 0 0 -1
    outer loop
      vertex -26.507444094603944 -13.506217367251518 0
      vertex -26.440558541020906 -6.592371655090946 0
      vertex -26.321478766377112 -7.05281897904369 0
    endloop
  endfacet
  facet normal 0 0 -1
    outer loop
      vertex -26.73912287740022 -13.041541616975055 0
      vertex -26.55158426539766 -6.129916230870322 0
      vertex -26.440558541020906 -6.592371655090946 0
    endloop
  endfacet
  facet normal 0 0 -1
    outer loop
      vertex -26.962656664340336 -12.572893286785808 0
      vertex -26.749340748948843 -5.199545124010846 0
      vertex -26.654522119996205 -5.665593574783942 0
    endloop
  endfacet
  facet normal 0 0 -1
    outer loop
      vertex -26.962656664340336 -12.572893286785808 0
      vertex -26.83601126958267 -4.731912841423852 0
      vertex -26.749340748948843 -5.199545124010846 0
    endloop
  endfacet
  facet normal 0 0 -1
    outer loop
      vertex -26.962656664340336 -12.572893286785808 0
      vertex -26.914507281217503 -4.2628391723462915 0
      vertex -26.83601126958267 -4.731912841423852 0
    endloop
  endfacet
  facet normal 0 0 -1
    outer loop
      vertex -27.177977364867377 -12.100415131505056 0
      vertex -26.984804873207793 -3.7924670011617834 0
      vertex -26.914507281217503 -4.2628391723462915 0
    endloop
  endfacet
  facet normal 0 0 -1
    outer loop
      vertex -27.177977364867377 -12.100415131505056 0
      vertex -27.046882632226023 -3.320939607790269 0
      vertex -26.984804873207793 -3.7924670011617834 0
    endloop
  endfacet
  facet normal 0 0 -1
    outer loop
      vertex -27.177977364867377 -12.100415131505056 0
      vertex -27.10072164878545 -2.848400624043557 0
      vertex -27.046882632226023 -3.320939607790269 0
    endloop
  endfacet
  facet normal 0 0 -1
    outer loop
      vertex -27.177977364867377 -12.100415131505056 0
      vertex -27.146305523000066 -2.374993989873685 0
      vertex -27.10072164878545 -2.848400624043557 0
    endloop
  endfacet
  facet normal -0.8410399428376493 -0.5153899398280761 -0.16439289667031132
    outer loop
      vertex -25.50072719588784 -15.32238272857411 0
      vertex -25.22943086065367 -15.765098110937846 0
      vertex -31.07231465045157 -18.670130215489465 39
    endloop
  endfacet
  facet normal -0.8499066430842541 -0.5006332725314994 -0.16439289667031132
    outer loop
      vertex -25.50072719588784 -15.32238272857411 0
      vertex -31.3934208871859 -18.125 39
      vertex -25.764255762587048 -14.875 0
    endloop
  endfacet
  facet normal -0.8749429966130202 -0.4554664951477471 -0.16439289667031137
    outer loop
      vertex -26.267690887553076 -13.96677899288025 0
      vertex -32.29898650182834 -16.457155615558573 39
      vertex -26.507444094603944 -13.506217367251518 0
    endloop
  endfacet
  facet normal -0.8827587249486363 -0.4401272646080929 -0.16439289667031118
    outer loop
      vertex -26.73912287740022 -13.041541616975055 0
      vertex -26.507444094603944 -13.506217367251518 0
      vertex -32.5812841783448 -15.890954071104058 39
    endloop
  endfacet
  facet normal -0.8903055564251631 -0.4246539670400188 -0.1643928966703112
    outer loop
      vertex -26.73912287740022 -13.041541616975055 0
      vertex -32.85365728007856 -15.319911988100355 39
      vertex -26.962656664340336 -12.572893286785808 0
    endloop
  endfacet
  facet normal -0.8585144535341441 -0.4857241074903676 -0.16439289667031126
    outer loop
      vertex -25.764255762587048 -14.875 0
      vertex -31.704964383803095 -17.574348733929718 39
      vertex -26.019936287397023 -14.423086202328527 0
    endloop
  endfacet
  facet normal -0.8668607521648699 -0.47066698618078184 -0.16439289667031143
    outer loop
      vertex -26.267690887553076 -13.96677899288025 0
      vertex -26.019936287397023 -14.423086202328527 0
      vertex -32.00685024113611 -17.018344150988543 39
    endloop
  endfacet
  facet normal -0.9113100950396695 -0.3774770008929457 -0.1643928966703113
    outer loop
      vertex -27.3850193902101 -11.624251072555895 0
      vertex -33.610414728046045 -13.57948901132681 39
      vertex -27.583719673361927 -11.144546154123383 0
    endloop
  endfacet
  facet normal -0.917759180138476 -0.36151495514832666 -0.16439289667031126
    outer loop
      vertex -27.774017688291753 -10.661446498972683 0
      vertex -27.583719673361927 -11.144546154123383 0
      vertex -33.842290460523564 -12.990838171017135 39
    endloop
  endfacet
  facet normal -0.9298167960280617 -0.32926539652452735 -0.16439289667031126
    outer loop
      vertex -28.129177624079677 -9.685652595100413 0
      vertex -27.955855468380776 -10.175099263938645 0
      vertex -34.275048365475236 -11.80184559907193 39
    endloop
  endfacet
  facet normal -0.9239287069004795 -0.3454427884462957 -0.16439289667031132
    outer loop
      vertex -27.774017688291753 -10.661446498972683 0
      vertex -34.06385750348918 -12.398230195555492 39
      vertex -27.955855468380776 -10.175099263938645 0
    endloop
  endfacet
  facet normal -0.9354216539522408 -0.31298770717329893 -0.1643928966703112
    outer loop
      vertex -28.129177624079677 -9.685652595100413 0
      vertex -34.47579871569931 -11.201866046091842 39
      vertex -28.293931359780817 -9.193255582654684 0
    endloop
  endfacet
  facet normal -0.9407415733789858 -0.29661467873450686 -0.16439289667031134
    outer loop
      vertex -28.293931359780817 -9.193255582654684 0
      vertex -34.66604740366004 -10.598474296199209 39
      vertex -28.450066489900305 -8.698058215501419 0
    endloop
  endfacet
  facet normal -0.8975811922046125 -0.4090513157598824 -0.1643928966703112
    outer loop
      vertex -26.962656664340336 -12.572893286785808 0
      vertex -33.11602283954428 -14.744203311497758 39
      vertex -27.177977364867377 -12.100415131505056 0
    endloop
  endfacet
  facet normal -0.9045834160578548 -0.39332406348639076 -0.16439289667031132
    outer loop
      vertex -27.3850193902101 -11.624251072555895 0
      vertex -27.177977364867377 -12.100415131505056 0
      vertex -33.368300937650964 -14.164003407736175 39
    endloop
  endfacet
  facet normal -0.9800542498914057 -0.11166307712999146 -0.16439289667031123
    outer loop
      vertex -29.528248011329328 -3.6256129663031373 0
      vertex -36.051418707099906 -3.789156793452438 39
      vertex -29.58702638720613 -3.1097217822126906 0
    endloop
  endfacet
  facet normal -0.9818537722882578 -0.09454176520280572 -0.1643928966703113
    outer loop
      vertex -29.58702638720613 -3.1097217822126906 0
      vertex -36.11205780582578 -3.1593956746026084 39
      vertex -29.63679226822943 -2.5928833467428305 0
    endloop
  endfacet
  facet normal -0.9833542125146412 -0.07739165493807668 -0.1643928966703112
    outer loop
      vertex -29.63679226822943 -2.5928833467428305 0
      vertex -36.161696821918625 -2.528672173224542 39
      vertex -29.67753049522977 -2.0752550938877277 0
    endloop
  endfacet
  facet normal -0.9845551135219252 -0.06021797042555726 -0.16439289667031118
    outer loop
      vertex -29.67753049522977 -2.0752550938877277 0
      vertex -36.2003206348533 -1.897178413806714 39
      vertex -29.70922865894857 -1.556994698227579 0
    endloop
  endfacet
  facet normal -0.9854561095040308 -0.04302594293590536 -0.16439289667031118
    outer loop
      vertex -29.70922865894857 -1.556994698227579 0
      vertex -36.22791747944222 -1.26510675546566 39
      vertex -29.7318771038181 -1.0382600268994038 0
    endloop
  endfacet
  facet normal -0.9860569260088545 -0.025820809327217698 -0.1643928966703113
    outer loop
      vertex -29.7318771038181 -1.0382600268994038 0
      vertex -36.24447894941918 -0.6326497333515273 39
      vertex -29.74546893090264 -0.5192090915091845 0
    endloop
  endfacet
  facet normal -0.9863573800218678 -0.00860781044989035 -0.1643928966703113
    outer loop
      vertex -29.74546893090264 -0.5192090915091845 0
      vertex -36.25 0 39
      vertex -29.75 0 0
    endloop
  endfacet
  facet normal -0.9457749338093152 -0.2801512985911893 -0.16439289667031134
    outer loop
      vertex -28.450066489900305 -8.698058215501419 0
      vertex -34.84573647776406 -9.991854148366219 39
      vertex -28.597535454164987 -8.200211335555725 0
    endloop
  endfacet
  facet normal -0.9505202020328782 -0.26360258164843653 -0.16439289667031123
    outer loop
      vertex -28.597535454164987 -8.200211335555725 0
      vertex -35.01481120297873 -9.382190384966377 39
      vertex -28.736293332099784 -7.699866591799992 0
    endloop
  endfacet
  facet normal -0.9630134403095967 -0.21349493977005454 -0.16439289667031118
    outer loop
      vertex -28.98750942736075 -6.692293866729984 0
      vertex -35.45785052660045 -7.5367987921437765 39
      vertex -29.09989112183072 -6.185372801828341 0
    endloop
  endfacet
  facet normal -0.9549759325950088 -0.24697356880572774 -0.16439289667031134
    outer loop
      vertex -28.736293332099784 -7.699866591799992 0
      vertex -35.17322007750487 -8.769668715487954 39
      vertex -28.866297856710894 -7.197176394090115 0
    endloop
  endfacet
  facet normal -0.9591407682370063 -0.2302693254214937 -0.16439289667031118
    outer loop
      vertex -28.866297856710894 -7.197176394090115 0
      vertex -35.320914848464774 -8.154475719965106 39
      vertex -28.98750942736075 -6.692293866729984 0
    endloop
  endfacet
  facet normal -0.9665927691593488 -0.1966555214917861 -0.16439289667031134
    outer loop
      vertex -29.203408707568002 -5.6765676124522075 0
      vertex -29.09989112183072 -6.185372801828341 0
      vertex -35.58398539997782 -6.916826082399749 39
    endloop
  endfacet
  facet normal -0.969877664488019 -0.1797562000366329 -0.16439289667031132
    outer loop
      vertex -29.203408707568002 -5.6765676124522075 0
      vertex -35.69928104669254 -6.294746440426224 39
      vertex -29.298030652113187 -5.166033285591177 0
    endloop
  endfacet
  facet normal -0.972867125684668 -0.16280212310162445 -0.1643928966703112
    outer loop
      vertex -29.298030652113187 -5.166033285591177 0
      vertex -35.80370234657374 -5.670749357708369 39
      vertex -29.38372813270535 -4.6539253349468686 0
    endloop
  endfacet
  facet normal -0.9755602421304633 -0.1457984550627893 -0.16439289667031132
    outer loop
      vertex -29.38372813270535 -4.6539253349468686 0
      vertex -35.897217491881925 -5.045024909802372 39
      vertex -29.460475045061717 -4.140399753561947 0
    endloop
  endfacet
  facet normal -0.9779561934760383 -0.12875037540217876 -0.16439289667031137
    outer loop
      vertex -29.460475045061717 -4.140399753561947 0
      vertex -35.979797996997924 -4.417763698436596 39
      vertex -29.528248011329328 -3.6256129663031373 0
    endloop
  endfacet
  facet normal -0.8319170536771244 -0.5299896143562784 -0.16439289667031132
    outer loop
      vertex -24.950449396376367 -16.203011291697056 0
      vertex -30.74174348567044 -19.20957332845368 39
      vertex -25.22943086065367 -15.765098110937846 0
    endloop
  endfacet
  facet normal -0.8225407545230796 -0.5444278489138367 -0.16439289667031123
    outer loop
      vertex -24.950449396376367 -16.203011291697056 0
      vertex -24.66386778351249 -16.63598887825472 0
      vertex -30.40180808802162 -19.743165019294732 39
    endloop
  endfacet
  facet normal -0.8129139014870784 -0.5587002454746203 -0.16439289667031134
    outer loop
      vertex -24.369773317597506 -17.06389898144362 0
      vertex -30.052612005120263 -20.270742750814577 39
      vertex -24.66386778351249 -16.63598887825472 0
    endloop
  endfacet
  facet normal 0 0 -1
    outer loop
      vertex -10.175099263938645 -27.955855468380776 0
      vertex -9.320048905624473 -25.606623916416005 0
      vertex -9.685652595100413 -28.129177624079677 0
    endloop
  endfacet
  facet normal 0 0 -1
    outer loop
      vertex -9.685652595100413 -28.129177624079677 0
      vertex -8.87173220895752 -25.765381185081385 0
      vertex -9.193255582654684 -28.293931359780817 0
    endloop
  endfacet
  facet normal 0 0 -1
    outer loop
      vertex -17.06389898144362 -24.369773317597506 0
      vertex -17.486611255701074 -24.068255582654686 0
      vertex -16.77677520262419 -21.473293035783172 0
    endloop
  endfacet
  facet normal 0 0 -1
    outer loop
      vertex -17.486611255701074 -24.068255582654686 0
      vertex -17.903996938773435 -23.759406423906963 0
      vertex -17.14898065610807 -21.177227449702457 0
    endloop
  endfacet
  facet normal 0 0 -1
    outer loop
      vertex -16.203011291697056 -24.950449396376367 0
      vertex -16.63598887825472 -24.66386778351249 0
      vertex -16.017148124969893 -22.045713096717318 0
    endloop
  endfacet
  facet normal 0 0 -1
    outer loop
      vertex -16.203011291697056 -24.950449396376367 0
      vertex -15.629957890566004 -22.321893206875025 0
      vertex -15.765098110937846 -25.22943086065367 0
    endloop
  endfacet
  facet normal 0 0 -1
    outer loop
      vertex -17.06389898144362 -24.369773317597506 0
      vertex -16.399459380893315 -21.76281764878873 0
      vertex -16.63598887825472 -24.66386778351249 0
    endloop
  endfacet
  facet normal 0 0 -1
    outer loop
      vertex -16.63598887825472 -24.66386778351249 0
      vertex -16.399459380893315 -21.76281764878873 0
      vertex -16.017148124969893 -22.045713096717318 0
    endloop
  endfacet
  facet normal 0 0 -1
    outer loop
      vertex -16.203011291697056 -24.950449396376367 0
      vertex -16.017148124969893 -22.045713096717318 0
      vertex -15.629957890566004 -22.321893206875025 0
    endloop
  endfacet
  facet normal 0 0 -1
    outer loop
      vertex -14.875 -25.764255762587048 0
      vertex -14.034787541298975 -23.35780894413256 0
      vertex -14.423086202328527 -26.019936287397023 0
    endloop
  endfacet
  facet normal 0 0 -1
    outer loop
      vertex -13.96677899288025 -26.267690887553076 0
      vertex -14.423086202328527 -26.019936287397023 0
      vertex -13.625 -23.599192253125953 0
    endloop
  endfacet
  facet normal 0 0 -1
    outer loop
      vertex -15.32238272857411 -25.50072719588784 0
      vertex -15.765098110937846 -25.22943086065367 0
      vertex -15.238006619577853 -22.59127385212489 0
    endloop
  endfacet
  facet normal 0 0 -1
    outer loop
      vertex -15.32238272857411 -25.50072719588784 0
      vertex -14.841413704159487 -22.853772976512804 0
      vertex -14.875 -25.764255762587048 0
    endloop
  endfacet
  facet normal 0 0 -1
    outer loop
      vertex -15.765098110937846 -25.22943086065367 0
      vertex -15.629957890566004 -22.321893206875025 0
      vertex -15.238006619577853 -22.59127385212489 0
    endloop
  endfacet
  facet normal 0 0 -1
    outer loop
      vertex -15.32238272857411 -25.50072719588784 0
      vertex -15.238006619577853 -22.59127385212489 0
      vertex -14.841413704159487 -22.853772976512804 0
    endloop
  endfacet
  facet normal 0 0 -1
    outer loop
      vertex -14.875 -25.764255762587048 0
      vertex -14.440299950354834 -23.109310620262608 0
      vertex -14.034787541298975 -23.35780894413256 0
    endloop
  endfacet
  facet normal 0 0 -1
    outer loop
      vertex -14.875 -25.764255762587048 0
      vertex -14.841413704159487 -22.853772976512804 0
      vertex -14.440299950354834 -23.109310620262608 0
    endloop
  endfacet
  facet normal 0 0 -1
    outer loop
      vertex -13.96677899288025 -26.267690887553076 0
      vertex -13.625 -23.599192253125953 0
      vertex -13.211062151712685 -23.833387019548535 0
    endloop
  endfacet
  facet normal 0 0 -1
    outer loop
      vertex -14.423086202328527 -26.019936287397023 0
      vertex -14.034787541298975 -23.35780894413256 0
      vertex -13.625 -23.599192253125953 0
    endloop
  endfacet
  facet normal 0 0 -1
    outer loop
      vertex -18.315928890938334 -23.443319919799976 0
      vertex -17.877608539991325 -20.565836061070538 0
      vertex -17.903996938773435 -23.759406423906963 0
    endloop
  endfacet
  facet normal 0 0 -1
    outer loop
      vertex -17.903996938773435 -23.759406423906963 0
      vertex -17.877608539991325 -20.565836061070538 0
      vertex -17.515962363958195 -20.874711074992153 0
    endloop
  endfacet
  facet normal 0 0 -1
    outer loop
      vertex -17.486611255701074 -24.068255582654686 0
      vertex -17.14898065610807 -21.177227449702457 0
      vertex -16.77677520262419 -21.473293035783172 0
    endloop
  endfacet
  facet normal 0 0 -1
    outer loop
      vertex -17.903996938773435 -23.759406423906963 0
      vertex -17.515962363958195 -20.874711074992153 0
      vertex -17.14898065610807 -21.177227449702457 0
    endloop
  endfacet
  facet normal 0 0 -1
    outer loop
      vertex -17.06389898144362 -24.369773317597506 0
      vertex -16.77677520262419 -21.473293035783172 0
      vertex -16.399459380893315 -21.76281764878873 0
    endloop
  endfacet
  facet normal 0 0 -1
    outer loop
      vertex -13.96677899288025 -26.267690887553076 0
      vertex -13.211062151712685 -23.833387019548535 0
      vertex -13.506217367251518 -26.507444094603944 0
    endloop
  endfacet
  facet normal 0 0 -1
    outer loop
      vertex -13.041541616975055 -26.73912287740022 0
      vertex -13.506217367251518 -26.507444094603944 0
      vertex -12.793100085915524 -24.06032190540576 0
    endloop
  endfacet
  facet normal 0 0 -1
    outer loop
      vertex -13.041541616975055 -26.73912287740022 0
      vertex -12.37124111790265 -24.279927784133026 0
      vertex -12.572893286785808 -26.962656664340336 0
    endloop
  endfacet
  facet normal 0 0 -1
    outer loop
      vertex -13.041541616975055 -26.73912287740022 0
      vertex -12.793100085915524 -24.06032190540576 0
      vertex -12.37124111790265 -24.279927784133026 0
    endloop
  endfacet
  facet normal 0 0 -1
    outer loop
      vertex -12.572893286785808 -26.962656664340336 0
      vertex -11.94561375000236 -24.4921377616523 0
      vertex -12.100415131505056 -27.177977364867377 0
    endloop
  endfacet
  facet normal 0 0 -1
    outer loop
      vertex -11.624251072555895 -27.3850193902101 0
      vertex -12.100415131505056 -27.177977364867377 0
      vertex -11.51634763243406 -24.696887196748712 0
    endloop
  endfacet
  facet normal 0 0 -1
    outer loop
      vertex -12.572893286785808 -26.962656664340336 0
      vertex -12.37124111790265 -24.279927784133026 0
      vertex -11.94561375000236 -24.4921377616523 0
    endloop
  endfacet
  facet normal 0 0 -1
    outer loop
      vertex -11.624251072555895 -27.3850193902101 0
      vertex -11.51634763243406 -24.696887196748712 0
      vertex -11.083573523815556 -24.894113720760874 0
    endloop
  endfacet
  facet normal 0 0 -1
    outer loop
      vertex -12.100415131505056 -27.177977364867377 0
      vertex -11.94561375000236 -24.4921377616523 0
      vertex -11.51634763243406 -24.696887196748712 0
    endloop
  endfacet
  facet normal 0 0 -1
    outer loop
      vertex -13.506217367251518 -26.507444094603944 0
      vertex -13.211062151712685 -23.833387019548535 0
      vertex -12.793100085915524 -24.06032190540576 0
    endloop
  endfacet
  facet normal 0 0 -1
    outer loop
      vertex -11.144546154123383 -27.583719673361927 0
      vertex -10.647423251332711 -25.083757256579002 0
      vertex -10.661446498972683 -27.774017688291753 0
    endloop
  endfacet
  facet normal 0 0 -1
    outer loop
      vertex -11.624251072555895 -27.3850193902101 0
      vertex -11.083573523815556 -24.894113720760874 0
      vertex -11.144546154123383 -27.583719673361927 0
    endloop
  endfacet
  facet normal 0 0 -1
    outer loop
      vertex -10.661446498972683 -27.774017688291753 0
      vertex -9.765526625109432 -25.440066622048747 0
      vertex -10.175099263938645 -27.955855468380776 0
    endloop
  endfacet
  facet normal 0 0 -1
    outer loop
      vertex -10.661446498972683 -27.774017688291753 0
      vertex -10.208029670583603 -25.265760036944958 0
      vertex -9.765526625109432 -25.440066622048747 0
    endloop
  endfacet
  facet normal 0 0 -1
    outer loop
      vertex -11.144546154123383 -27.583719673361927 0
      vertex -11.083573523815556 -24.894113720760874 0
      vertex -10.647423251332711 -25.083757256579002 0
    endloop
  endfacet
  facet normal 0 0 -1
    outer loop
      vertex -10.661446498972683 -27.774017688291753 0
      vertex -10.647423251332711 -25.083757256579002 0
      vertex -10.208029670583603 -25.265760036944958 0
    endloop
  endfacet
  facet normal 0 0 -1
    outer loop
      vertex -10.175099263938645 -27.955855468380776 0
      vertex -9.765526625109432 -25.440066622048747 0
      vertex -9.320048905624473 -25.606623916416005 0
    endloop
  endfacet
  facet normal 0 0 -1
    outer loop
      vertex -9.685652595100413 -28.129177624079677 0
      vertex -9.320048905624473 -25.606623916416005 0
      vertex -8.87173220895752 -25.765381185081385 0
    endloop
  endfacet
  facet normal 0 0 -1
    outer loop
      vertex -9.193255582654684 -28.293931359780817 0
      vertex -8.420713096717316 -25.916290069042933 0
      vertex -8.698058215501419 -28.450066489900305 0
    endloop
  endfacet
  facet normal 0 0 -1
    outer loop
      vertex -8.698058215501419 -28.450066489900305 0
      vertex -7.967128953694577 -26.059304599992714 0
      vertex -8.200211335555725 -28.597535454164987 0
    endloop
  endfacet
  facet normal 0 0 -1
    outer loop
      vertex -8.200211335555725 -28.597535454164987 0
      vertex -7.511117946013227 -26.19438121431919 0
      vertex -7.699866591799992 -28.736293332099784 0
    endloop
  endfacet
  facet normal 0 0 -1
    outer loop
      vertex -7.699866591799992 -28.736293332099784 0
      vertex -7.05281897904369 -26.321478766377112 0
      vertex -7.197176394090115 -28.866297856710894 0
    endloop
  endfacet
  facet normal 0 0 -1
    outer loop
      vertex -7.197176394090115 -28.866297856710894 0
      vertex -6.592371655090946 -26.440558541020906 0
      vertex -6.692293866729984 -28.98750942736075 0
    endloop
  endfacet
  facet normal 0 0 -1
    outer loop
      vertex -7.197176394090115 -28.866297856710894 0
      vertex -7.05281897904369 -26.321478766377112 0
      vertex -6.592371655090946 -26.440558541020906 0
    endloop
  endfacet
  facet normal 0 0 -1
    outer loop
      vertex -6.692293866729984 -28.98750942736075 0
      vertex -6.129916230870322 -26.55158426539766 0
      vertex -6.185372801828341 -29.09989112183072 0
    endloop
  endfacet
  facet normal 0 0 -1
    outer loop
      vertex -6.692293866729984 -28.98750942736075 0
      vertex -6.592371655090946 -26.440558541020906 0
      vertex -6.129916230870322 -26.55158426539766 0
    endloop
  endfacet
  facet normal 0 0 -1
    outer loop
      vertex -6.185372801828341 -29.09989112183072 0
      vertex -5.665593574783942 -26.654522119996205 0
      vertex -5.6765676124522075 -29.203408707568002 0
    endloop
  endfacet
  facet normal 0 0 -1
    outer loop
      vertex -6.185372801828341 -29.09989112183072 0
      vertex -6.129916230870322 -26.55158426539766 0
      vertex -5.665593574783942 -26.654522119996205 0
    endloop
  endfacet
  facet normal 0 0 -1
    outer loop
      vertex -5.6765676124522075 -29.203408707568002 0
      vertex -4.731912841423852 -26.83601126958267 0
      vertex -5.166033285591177 -29.298030652113187 0
    endloop
  endfacet
  facet normal 0 0 -1
    outer loop
      vertex -5.166033285591177 -29.298030652113187 0
      vertex -4.2628391723462915 -26.914507281217503 0
      vertex -4.6539253349468686 -29.38372813270535 0
    endloop
  endfacet
  facet normal 0 0 -1
    outer loop
      vertex -5.6765676124522075 -29.203408707568002 0
      vertex -5.665593574783942 -26.654522119996205 0
      vertex -5.199545124010846 -26.749340748948843 0
    endloop
  endfacet
  facet normal 0 0 -1
    outer loop
      vertex -5.6765676124522075 -29.203408707568002 0
      vertex -5.199545124010846 -26.749340748948843 0
      vertex -4.731912841423852 -26.83601126958267 0
    endloop
  endfacet
  facet normal 0 0 -1
    outer loop
      vertex -5.166033285591177 -29.298030652113187 0
      vertex -4.731912841423852 -26.83601126958267 0
      vertex -4.2628391723462915 -26.914507281217503 0
    endloop
  endfacet
  facet normal 0 0 -1
    outer loop
      vertex -4.6539253349468686 -29.38372813270535 0
      vertex -3.7924670011617834 -26.984804873207793 0
      vertex -4.140399753561947 -29.460475045061717 0
    endloop
  endfacet
  facet normal 0 0 -1
    outer loop
      vertex -4.140399753561947 -29.460475045061717 0
      vertex -3.320939607790269 -27.046882632226023 0
      vertex -3.6256129663031373 -29.528248011329328 0
    endloop
  endfacet
  facet normal 0 0 -1
    outer loop
      vertex -4.6539253349468686 -29.38372813270535 0
      vertex -4.2628391723462915 -26.914507281217503 0
      vertex -3.7924670011617834 -26.984804873207793 0
    endloop
  endfacet
  facet normal 0 0 -1
    outer loop
      vertex -4.140399753561947 -29.460475045061717 0
      vertex -3.7924670011617834 -26.984804873207793 0
      vertex -3.320939607790269 -27.046882632226023 0
    endloop
  endfacet
  facet normal 0 0 -1
    outer loop
      vertex -3.6256129663031373 -29.528248011329328 0
      vertex -2.848400624043557 -27.10072164878545 0
      vertex -3.1097217822126906 -29.58702638720613 0
    endloop
  endfacet
  facet normal 0 0 -1
    outer loop
      vertex -3.1097217822126906 -29.58702638720613 0
      vertex -2.374993989873685 -27.146305523000066 0
      vertex -2.5928833467428305 -29.63679226822943 0
    endloop
  endfacet
  facet normal 0 0 -1
    outer loop
      vertex -3.6256129663031373 -29.528248011329328 0
      vertex -3.320939607790269 -27.046882632226023 0
      vertex -2.848400624043557 -27.10072164878545 0
    endloop
  endfacet
  facet normal 0 0 -1
    outer loop
      vertex -3.1097217822126906 -29.58702638720613 0
      vertex -2.848400624043557 -27.10072164878545 0
      vertex -2.374993989873685 -27.146305523000066 0
    endloop
  endfacet
  facet normal 0 0 -1
    outer loop
      vertex -2.5928833467428305 -29.63679226822943 0
      vertex -2.374993989873685 -27.146305523000066 0
      vertex -1.9008639095274145 -27.183620369580208 0
    endloop
  endfacet
  facet normal 0 0 -1
    outer loop
      vertex -2.5928833467428305 -29.63679226822943 0
      vertex -1.9008639095274145 -27.183620369580208 0
      vertex -2.0752550938877277 -29.67753049522977 0
    endloop
  endfacet
  facet normal 0 0 -1
    outer loop
      vertex -1.556994698227579 -29.70922865894857 0
      vertex -0.9510112851431514 -27.23340003627036 0
      vertex -1.0382600268994038 -29.7318771038181 0
    endloop
  endfacet
  facet normal 0 0 -1
    outer loop
      vertex -2.0752550938877277 -29.67753049522977 0
      vertex -1.4261548076202195 -27.212654822062138 0
      vertex -1.556994698227579 -29.70922865894857 0
    endloop
  endfacet
  facet normal 0 0 -1
    outer loop
      vertex -2.0752550938877277 -29.67753049522977 0
      vertex -1.9008639095274145 -27.183620369580208 0
      vertex -1.4261548076202195 -27.212654822062138 0
    endloop
  endfacet
  facet normal 0 0 -1
    outer loop
      vertex -1.556994698227579 -29.70922865894857 0
      vertex -1.4261548076202195 -27.212654822062138 0
      vertex -0.9510112851431514 -27.23340003627036 0
    endloop
  endfacet
  facet normal 0 0 -1
    outer loop
      vertex -1.0382600268994038 -29.7318771038181 0
      vertex -0.4755780754159757 -27.245849693011664 0
      vertex -0.5192090915091845 -29.74546893090264 0
    endloop
  endfacet
  facet normal 0 0 -1
    outer loop
      vertex -0.5192090915091845 -29.74546893090264 0
      vertex -0.4755780754159757 -27.245849693011664 0
      vertex 0 -29.75 0
    endloop
  endfacet
  facet normal 0 0 -1
    outer loop
      vertex -1.0382600268994038 -29.7318771038181 0
      vertex -0.9510112851431514 -27.23340003627036 0
      vertex -0.4755780754159757 -27.245849693011664 0
    endloop
  endfacet
  facet normal 0 0 -1
    outer loop
      vertex 0 -29.75 0
      vertex -0.4755780754159757 -27.245849693011664 0
      vertex 0 -27.25 0
    endloop
  endfacet
  facet normal 0 0 -1
    outer loop
      vertex -9.193255582654684 -28.293931359780817 0
      vertex -8.87173220895752 -25.765381185081385 0
      vertex -8.420713096717316 -25.916290069042933 0
    endloop
  endfacet
  facet normal 0 0 -1
    outer loop
      vertex -8.698058215501419 -28.450066489900305 0
      vertex -8.420713096717316 -25.916290069042933 0
      vertex -7.967128953694577 -26.059304599992714 0
    endloop
  endfacet
  facet normal 0 0 -1
    outer loop
      vertex -8.200211335555725 -28.597535454164987 0
      vertex -7.967128953694577 -26.059304599992714 0
      vertex -7.511117946013227 -26.19438121431919 0
    endloop
  endfacet
  facet normal 0 0 -1
    outer loop
      vertex -7.699866591799992 -28.736293332099784 0
      vertex -7.511117946013227 -26.19438121431919 0
      vertex -7.05281897904369 -26.321478766377112 0
    endloop
  endfacet
  facet normal -0.5153899398280761 -0.8410399428376493 -0.16439289667031132
    outer loop
      vertex -15.32238272857411 -25.50072719588784 0
      vertex -18.670130215489465 -31.07231465045157 39
      vertex -15.765098110937846 -25.22943086065367 0
    endloop
  endfacet
  facet normal -0.5006332725314994 -0.8499066430842541 -0.16439289667031132
    outer loop
      vertex -15.32238272857411 -25.50072719588784 0
      vertex -14.875 -25.764255762587048 0
      vertex -18.125 -31.3934208871859 39
    endloop
  endfacet
  facet normal -0.4857241074903676 -0.8585144535341441 -0.16439289667031126
    outer loop
      vertex -14.875 -25.764255762587048 0
      vertex -14.423086202328527 -26.019936287397023 0
      vertex -17.574348733929718 -31.704964383803095 39
    endloop
  endfacet
  facet normal -0.47066698618078184 -0.8668607521648699 -0.16439289667031143
    outer loop
      vertex -13.96677899288025 -26.267690887553076 0
      vertex -17.018344150988543 -32.00685024113611 39
      vertex -14.423086202328527 -26.019936287397023 0
    endloop
  endfacet
  facet normal -0.4554664951477471 -0.8749429966130202 -0.16439289667031137
    outer loop
      vertex -13.96677899288025 -26.267690887553076 0
      vertex -13.506217367251518 -26.507444094603944 0
      vertex -16.457155615558573 -32.29898650182834 39
    endloop
  endfacet
  facet normal -0.4401272646080929 -0.8827587249486363 -0.16439289667031118
    outer loop
      vertex -13.041541616975055 -26.73912287740022 0
      vertex -15.890954071104058 -32.5812841783448 39
      vertex -13.506217367251518 -26.507444094603944 0
    endloop
  endfacet
  facet normal -0.4246539670400188 -0.8903055564251631 -0.1643928966703112
    outer loop
      vertex -13.041541616975055 -26.73912287740022 0
      vertex -12.572893286785808 -26.962656664340336 0
      vertex -15.319911988100355 -32.85365728007856 39
    endloop
  endfacet
  facet normal -0.3774770008929457 -0.9113100950396695 -0.1643928966703113
    outer loop
      vertex -11.624251072555895 -27.3850193902101 0
      vertex -11.144546154123383 -27.583719673361927 0
      vertex -13.57948901132681 -33.610414728046045 39
    endloop
  endfacet
  facet normal -0.36151495514832666 -0.917759180138476 -0.1643928966703113
    outer loop
      vertex -11.144546154123383 -27.583719673361927 0
      vertex -10.661446498972683 -27.774017688291753 0
      vertex -12.990838171017135 -33.842290460523564 39
    endloop
  endfacet
  facet normal -0.4090513157598824 -0.8975811922046125 -0.1643928966703112
    outer loop
      vertex -12.572893286785808 -26.962656664340336 0
      vertex -12.100415131505056 -27.177977364867377 0
      vertex -14.744203311497758 -33.11602283954428 39
    endloop
  endfacet
  facet normal -0.39332406348639076 -0.9045834160578548 -0.16439289667031132
    outer loop
      vertex -11.624251072555895 -27.3850193902101 0
      vertex -14.164003407736175 -33.368300937650964 39
      vertex -12.100415131505056 -27.177977364867377 0
    endloop
  endfacet
  facet normal -0.3454427884462957 -0.9239287069004795 -0.16439289667031132
    outer loop
      vertex -10.661446498972683 -27.774017688291753 0
      vertex -10.175099263938645 -27.955855468380776 0
      vertex -12.398230195555492 -34.06385750348918 39
    endloop
  endfacet
  facet normal -0.32926539652452735 -0.9298167960280617 -0.16439289667031126
    outer loop
      vertex -10.175099263938645 -27.955855468380776 0
      vertex -9.685652595100413 -28.129177624079677 0
      vertex -11.80184559907193 -34.275048365475236 39
    endloop
  endfacet
  facet normal -0.31298770717329893 -0.9354216539522408 -0.1643928966703112
    outer loop
      vertex -9.685652595100413 -28.129177624079677 0
      vertex -9.193255582654684 -28.293931359780817 0
      vertex -11.201866046091842 -34.47579871569931 39
    endloop
  endfacet
  facet normal -0.29661467873450686 -0.9407415733789858 -0.16439289667031134
    outer loop
      vertex -9.193255582654684 -28.293931359780817 0
      vertex -8.698058215501419 -28.450066489900305 0
      vertex -10.598474296199209 -34.66604740366004 39
    endloop
  endfacet
  facet normal -0.5587002454746203 -0.8129139014870784 -0.16439289667031134
    outer loop
      vertex -17.06389898144362 -24.369773317597506 0
      vertex -16.63598887825472 -24.66386778351249 0
      vertex -20.270742750814577 -30.052612005120263 39
    endloop
  endfacet
  facet normal -0.5444278489138367 -0.8225407545230796 -0.16439289667031123
    outer loop
      vertex -16.203011291697056 -24.950449396376367 0
      vertex -19.743165019294732 -30.40180808802162 39
      vertex -16.63598887825472 -24.66386778351249 0
    endloop
  endfacet
  facet normal -0.5299896143562784 -0.8319170536771244 -0.16439289667031132
    outer loop
      vertex -16.203011291697056 -24.950449396376367 0
      vertex -15.765098110937846 -25.22943086065367 0
      vertex -19.20957332845368 -30.74174348567044 39
    endloop
  endfacet
  facet normal -0.2801512985911893 -0.9457749338093152 -0.16439289667031134
    outer loop
      vertex -8.698058215501419 -28.450066489900305 0
      vertex -8.200211335555725 -28.597535454164987 0
      vertex -9.991854148366219 -34.84573647776406 39
    endloop
  endfacet
  facet normal -0.26360258164843653 -0.9505202020328782 -0.16439289667031123
    outer loop
      vertex -8.200211335555725 -28.597535454164987 0
      vertex -7.699866591799992 -28.736293332099784 0
      vertex -9.382190384966377 -35.01481120297873 39
    endloop
  endfacet
  facet normal -0.24697356880572774 -0.9549759325950088 -0.16439289667031134
    outer loop
      vertex -7.699866591799992 -28.736293332099784 0
      vertex -7.197176394090115 -28.866297856710894 0
      vertex -8.769668715487954 -35.17322007750487 39
    endloop
  endfacet
  facet normal -0.21349493977005454 -0.9630134403095967 -0.16439289667031118
    outer loop
      vertex -6.692293866729984 -28.98750942736075 0
      vertex -6.185372801828341 -29.09989112183072 0
      vertex -7.5367987921437765 -35.45785052660045 39
    endloop
  endfacet
  facet normal -0.2302693254214937 -0.9591407682370063 -0.16439289667031118
    outer loop
      vertex -7.197176394090115 -28.866297856710894 0
      vertex -6.692293866729984 -28.98750942736075 0
      vertex -8.154475719965106 -35.320914848464774 39
    endloop
  endfacet
  facet normal -0.1966555214917861 -0.9665927691593488 -0.16439289667031134
    outer loop
      vertex -6.185372801828341 -29.09989112183072 0
      vertex -5.6765676124522075 -29.203408707568002 0
      vertex -6.916826082399749 -35.58398539997782 39
    endloop
  endfacet
  facet normal -0.1797562000366329 -0.969877664488019 -0.16439289667031132
    outer loop
      vertex -5.6765676124522075 -29.203408707568002 0
      vertex -5.166033285591177 -29.298030652113187 0
      vertex -6.294746440426224 -35.69928104669254 39
    endloop
  endfacet
  facet normal -0.16280212310162445 -0.972867125684668 -0.1643928966703112
    outer loop
      vertex -5.166033285591177 -29.298030652113187 0
      vertex -4.6539253349468686 -29.38372813270535 0
      vertex -5.670749357708369 -35.80370234657374 39
    endloop
  endfacet
  facet normal -0.1457984550627893 -0.9755602421304633 -0.16439289667031132
    outer loop
      vertex -4.6539253349468686 -29.38372813270535 0
      vertex -4.140399753561947 -29.460475045061717 0
      vertex -5.045024909802372 -35.897217491881925 39
    endloop
  endfacet
  facet normal -0.11166307712999146 -0.9800542498914057 -0.16439289667031123
    outer loop
      vertex -3.6256129663031373 -29.528248011329328 0
      vertex -3.1097217822126906 -29.58702638720613 0
      vertex -3.789156793452438 -36.051418707099906 39
    endloop
  endfacet
  facet normal -0.09454176520280572 -0.9818537722882578 -0.1643928966703113
    outer loop
      vertex -3.1097217822126906 -29.58702638720613 0
      vertex -2.5928833467428305 -29.63679226822943 0
      vertex -3.1593956746026084 -36.11205780582578 39
    endloop
  endfacet
  facet normal -0.07739165493807668 -0.9833542125146412 -0.1643928966703112
    outer loop
      vertex -2.5928833467428305 -29.63679226822943 0
      vertex -2.0752550938877277 -29.67753049522977 0
      vertex -2.528672173224542 -36.161696821918625 39
    endloop
  endfacet
  facet normal -0.06021797042555726 -0.9845551135219252 -0.16439289667031118
    outer loop
      vertex -2.0752550938877277 -29.67753049522977 0
      vertex -1.556994698227579 -29.70922865894857 0
      vertex -1.897178413806714 -36.2003206348533 39
    endloop
  endfacet
  facet normal -0.04302594293590536 -0.9854561095040308 -0.16439289667031118
    outer loop
      vertex -1.556994698227579 -29.70922865894857 0
      vertex -1.0382600268994038 -29.7318771038181 0
      vertex -1.26510675546566 -36.22791747944222 39
    endloop
  endfacet
  facet normal -0.025820809327217698 -0.9860569260088545 -0.1643928966703113
    outer loop
      vertex -1.0382600268994038 -29.7318771038181 0
      vertex -0.5192090915091845 -29.74546893090264 0
      vertex -0.6326497333515273 -36.24447894941918 39
    endloop
  endfacet
  facet normal -0.00860781044989035 -0.9863573800218678 -0.1643928966703113
    outer loop
      vertex -0.5192090915091845 -29.74546893090264 0
      vertex 0 -29.75 0
      vertex 0 -36.25 39
    endloop
  endfacet
  facet normal -0.12875037540217876 -0.9779561934760383 -0.16439289667031137
    outer loop
      vertex -4.140399753561947 -29.460475045061717 0
      vertex -3.6256129663031373 -29.528248011329328 0
      vertex -4.417763698436596 -35.979797996997924 39
    endloop
  endfacet
  facet normal -0.8225407545230832 -0.5444278489138312 -0.16439289667031137
    outer loop
      vertex -24.66386778351249 -16.63598887825472 0
      vertex -30.052612005120263 -20.270742750814577 39
      vertex -30.40180808802162 -19.743165019294732 39
    endloop
  endfacet
  facet normal -0.8319170536771218 -0.5299896143562827 -0.16439289667031123
    outer loop
      vertex -24.950449396376367 -16.203011291697056 0
      vertex -30.40180808802162 -19.743165019294732 39
      vertex -30.74174348567044 -19.20957332845368 39
    endloop
  endfacet
  facet normal -0.812913901487075 -0.5587002454746253 -0.16439289667031123
    outer loop
      vertex -24.369773317597506 -17.06389898144362 0
      vertex -29.69426160547595 -20.79214581772542 39
      vertex -30.052612005120263 -20.270742750814577 39
    endloop
  endfacet
  facet normal -0.8030394270018146 -0.5728024565283756 -0.16439289667031123
    outer loop
      vertex -24.068255582654686 -17.486611255701074 0
      vertex -29.326866046091844 -21.30721539560215 39
      vertex -29.69426160547595 -20.79214581772542 39
    endloop
  endfacet
  facet normal -0.7929203389278652 -0.5867301864050151 -0.1643928966703112
    outer loop
      vertex -23.759406423906963 -17.903996938773435 0
      vertex -28.950537239214366 -21.81579458926175 39
      vertex -29.326866046091844 -21.30721539560215 39
    endloop
  endfacet
  facet normal -0.5867301864050151 -0.7929203389278652 -0.1643928966703112
    outer loop
      vertex -17.903996938773435 -23.759406423906963 0
      vertex -21.30721539560215 -29.326866046091844 39
      vertex -21.81579458926175 -28.950537239214366 39
    endloop
  endfacet
  facet normal -0.5728024565283756 -0.8030394270018146 -0.16439289667031123
    outer loop
      vertex -17.486611255701074 -24.068255582654686 0
      vertex -20.79214581772542 -29.69426160547595 39
      vertex -21.30721539560215 -29.326866046091844 39
    endloop
  endfacet
  facet normal -0.5587002454746253 -0.812913901487075 -0.16439289667031123
    outer loop
      vertex -17.06389898144362 -24.369773317597506 0
      vertex -20.270742750814577 -30.052612005120263 39
      vertex -20.79214581772542 -29.69426160547595 39
    endloop
  endfacet
  facet normal -0.5444278489138312 -0.8225407545230832 -0.16439289667031137
    outer loop
      vertex -16.63598887825472 -24.66386778351249 0
      vertex -19.743165019294732 -30.40180808802162 39
      vertex -20.270742750814577 -30.052612005120263 39
    endloop
  endfacet
  facet normal -0.5299896143562827 -0.8319170536771218 -0.16439289667031123
    outer loop
      vertex -16.203011291697056 -24.950449396376367 0
      vertex -19.20957332845368 -30.74174348567044 39
      vertex -19.743165019294732 -30.40180808802162 39
    endloop
  endfacet
  facet normal -0.7272466336089296 -0.6663987615750974 -0.1643928966703113
    outer loop
      vertex -21.75777262317032 -20.28945121185933 0
      vertex -26.51157168369493 -24.72244055226557 39
      vertex -26.938999923555542 -24.255984480508612 39
    endloop
  endfacet
  facet normal -0.6663987615750974 -0.7272466336089296 -0.1643928966703113
    outer loop
      vertex -20.28945121185933 -21.75777262317032 0
      vertex -24.255984480508612 -26.938999923555542 39
      vertex -24.72244055226557 -26.51157168369493 39
    endloop
  endfacet
  facet normal -0.7035466332271447 -0.6913733509465736 -0.16439289667031115
    outer loop
      vertex -21.03642674029979 -21.03642674029979 0
      vertex -25.63262081801235 -25.63262081801235 39
      vertex -26.076067762276107 -25.18136592913865 39
    endloop
  endfacet
  facet normal -0.6913733509465736 -0.7035466332271447 -0.16439289667031115
    outer loop
      vertex -21.03642674029979 -21.03642674029979 0
      vertex -25.18136592913865 -26.076067762276107 39
      vertex -25.63262081801235 -25.63262081801235 39
    endloop
  endfacet
  facet normal -0.7155056083878287 -0.6789894696458169 -0.1643928966703113
    outer loop
      vertex -21.400359060074873 -20.66608652115517 0
      vertex -26.076067762276107 -25.18136592913865 39
      vertex -26.51157168369493 -24.72244055226557 39
    endloop
  endfacet
  facet normal -0.6789894696458169 -0.7155056083878287 -0.1643928966703113
    outer loop
      vertex -20.66608652115517 -21.400359060074873 0
      vertex -24.72244055226557 -26.51157168369493 39
      vertex -25.18136592913865 -26.076067762276107 39
    endloop
  endfacet
  facet normal -0.7611265837988668 -0.6274243372383724 -0.1643928966703112
    outer loop
      vertex -22.789822182789596 -19.122931388174543 0
      vertex -27.769111063062955 -23.30105085113705 39
      vertex -28.171541102815194 -22.812864175556605 39
    endloop
  endfacet
  facet normal -0.7825597196374873 -0.6004791925830918 -0.16439289667031132
    outer loop
      vertex -23.443319919799976 -18.315928890938334 0
      vertex -28.56538981824367 -22.317728480555115 39
      vertex -28.950537239214366 -21.81579458926175 39
    endloop
  endfacet
  facet normal -0.771960725075679 -0.6140452869821381 -0.16439289667031123
    outer loop
      vertex -23.120092353344884 -18.722281633732663 0
      vertex -28.171541102815194 -22.812864175556605 39
      vertex -28.56538981824367 -22.317728480555115 39
    endloop
  endfacet
  facet normal -0.7500605959914262 -0.6406122679634936 -0.16439289667031126
    outer loop
      vertex -22.452610011627467 -19.51775611246759 0
      vertex -27.358222283075484 -23.782139800905888 39
      vertex -27.769111063062955 -23.30105085113705 39
    endloop
  endfacet
  facet normal -0.7387661324604509 -0.6536050619860376 -0.16439289667031146
    outer loop
      vertex -22.108558557952477 -19.906635539176033 0
      vertex -26.938999923555542 -24.255984480508612 39
      vertex -27.358222283075484 -23.782139800905888 39
    endloop
  endfacet
  facet normal -0.6274243372383724 -0.7611265837988668 -0.1643928966703112
    outer loop
      vertex -19.122931388174543 -22.789822182789596 0
      vertex -22.812864175556605 -28.171541102815194 39
      vertex -23.30105085113705 -27.769111063062955 39
    endloop
  endfacet
  facet normal -0.6406122679634936 -0.7500605959914262 -0.16439289667031126
    outer loop
      vertex -19.51775611246759 -22.452610011627467 0
      vertex -23.30105085113705 -27.769111063062955 39
      vertex -23.782139800905888 -27.358222283075484 39
    endloop
  endfacet
  facet normal -0.6536050619860376 -0.7387661324604509 -0.16439289667031146
    outer loop
      vertex -19.906635539176033 -22.108558557952477 0
      vertex -23.782139800905888 -27.358222283075484 39
      vertex -24.255984480508612 -26.938999923555542 39
    endloop
  endfacet
  facet normal -0.6140452869821381 -0.771960725075679 -0.16439289667031123
    outer loop
      vertex -18.722281633732663 -23.120092353344884 0
      vertex -22.317728480555115 -28.56538981824367 39
      vertex -22.812864175556605 -28.171541102815194 39
    endloop
  endfacet
  facet normal -0.6004791925830918 -0.7825597196374873 -0.16439289667031132
    outer loop
      vertex -18.315928890938334 -23.443319919799976 0
      vertex -21.81579458926175 -28.950537239214366 39
      vertex -22.317728480555115 -28.56538981824367 39
    endloop
  endfacet
  facet normal 0 0 1
    outer loop
      vertex -29.69426160547595 -20.79214581772542 39
      vertex -29.326866046091844 -21.30721539560215 39
      vertex -29.661370079617022 -17.125 39
    endloop
  endfacet
  facet normal 0 0 1
    outer loop
      vertex -30.052612005120263 -20.270742750814577 39
      vertex -30.24095505541825 -16.07940102541676 39
      vertex -30.40180808802162 -19.743165019294732 39
    endloop
  endfacet
  facet normal 0 0 1
    outer loop
      vertex -30.74174348567044 -19.20957332845368 39
      vertex -30.40180808802162 -19.743165019294732 39
      vertex -30.5169734534516 -15.549174616079478 39
    endloop
  endfacet
  facet normal 0 0 1
    outer loop
      vertex -29.69426160547595 -20.79214581772542 39
      vertex -29.955724969524304 -16.604729493437045 39
      vertex -30.052612005120263 -20.270742750814577 39
    endloop
  endfacet
  facet normal 0 0 1
    outer loop
      vertex -29.69426160547595 -20.79214581772542 39
      vertex -29.661370079617022 -17.125 39
      vertex -29.955724969524304 -16.604729493437045 39
    endloop
  endfacet
  facet normal 0 0 1
    outer loop
      vertex -28.950537239214366 -21.81579458926175 39
      vertex -29.04564729335759 -18.149734799987268 39
      vertex -29.326866046091844 -21.30721539560215 39
    endloop
  endfacet
  facet normal 0 0 1
    outer loop
      vertex -28.171541102815194 -22.812864175556605 39
      vertex -28.39453686001018 -19.15235694387308 39
      vertex -28.56538981824367 -22.317728480555115 39
    endloop
  endfacet
  facet normal 0 0 1
    outer loop
      vertex -28.950537239214366 -21.81579458926175 39
      vertex -28.56538981824367 -22.317728480555115 39
      vertex -28.724466952130772 -18.653886949264677 39
    endloop
  endfacet
  facet normal 0 0 1
    outer loop
      vertex -27.769111063062955 -23.30105085113705 39
      vertex -28.05595751689797 -19.644992945023326 39
      vertex -28.171541102815194 -22.812864175556605 39
    endloop
  endfacet
  facet normal 0 0 1
    outer loop
      vertex -27.769111063062955 -23.30105085113705 39
      vertex -27.358222283075484 -23.782139800905888 39
      vertex -27.70883205734195 -20.131644891017206 39
    endloop
  endfacet
  facet normal 0 0 1
    outer loop
      vertex -27.358222283075484 -23.782139800905888 39
      vertex -26.989368311030226 -21.086405529903796 39
      vertex -27.353266219119778 -20.612164542957654 39
    endloop
  endfacet
  facet normal 0 0 1
    outer loop
      vertex -27.769111063062955 -23.30105085113705 39
      vertex -27.70883205734195 -20.131644891017206 39
      vertex -28.05595751689797 -19.644992945023326 39
    endloop
  endfacet
  facet normal 0 0 1
    outer loop
      vertex -28.171541102815194 -22.812864175556605 39
      vertex -28.05595751689797 -19.644992945023326 39
      vertex -28.39453686001018 -19.15235694387308 39
    endloop
  endfacet
  facet normal 0 0 1
    outer loop
      vertex -27.358222283075484 -23.782139800905888 39
      vertex -27.353266219119778 -20.612164542957654 39
      vertex -27.70883205734195 -20.131644891017206 39
    endloop
  endfacet
  facet normal 0 0 1
    outer loop
      vertex -28.950537239214366 -21.81579458926175 39
      vertex -28.724466952130772 -18.653886949264677 39
      vertex -29.04564729335759 -18.149734799987268 39
    endloop
  endfacet
  facet normal 0 0 1
    outer loop
      vertex -28.56538981824367 -22.317728480555115 39
      vertex -28.39453686001018 -19.15235694387308 39
      vertex -28.724466952130772 -18.653886949264677 39
    endloop
  endfacet
  facet normal 0 0 1
    outer loop
      vertex -29.326866046091844 -21.30721539560215 39
      vertex -29.04564729335759 -18.149734799987268 39
      vertex -29.35798004904735 -17.640054065669354 39
    endloop
  endfacet
  facet normal 0 0 1
    outer loop
      vertex -29.326866046091844 -21.30721539560215 39
      vertex -29.35798004904735 -17.640054065669354 39
      vertex -29.661370079617022 -17.125 39
    endloop
  endfacet
  facet normal 0 0 1
    outer loop
      vertex -22.812864175556605 -28.171541102815194 39
      vertex -22.317728480555115 -28.56538981824367 39
      vertex -22.470021742924875 -25.848803122629942 39
    endloop
  endfacet
  facet normal 0 0 1
    outer loop
      vertex -22.317728480555115 -28.56538981824367 39
      vertex -21.81579458926175 -28.950537239214366 39
      vertex -22.01547563176397 -26.237022176824997 39
    endloop
  endfacet
  facet normal 0 0 1
    outer loop
      vertex -21.81579458926175 -28.950537239214366 39
      vertex -21.30721539560215 -29.326866046091844 39
      vertex -21.55422339345693 -26.617249179901254 39
    endloop
  endfacet
  facet normal 0 0 1
    outer loop
      vertex -21.81579458926175 -28.950537239214366 39
      vertex -21.55422339345693 -26.617249179901254 39
      vertex -22.01547563176397 -26.237022176824997 39
    endloop
  endfacet
  facet normal 0 0 1
    outer loop
      vertex -20.79214581772542 -29.69426160547595 39
      vertex -21.086405529903796 -26.989368311030226 39
      vertex -21.30721539560215 -29.326866046091844 39
    endloop
  endfacet
  facet normal 0 0 1
    outer loop
      vertex -20.79214581772542 -29.69426160547595 39
      vertex -20.270742750814577 -30.052612005120263 39
      vertex -20.612164542957654 -27.353266219119778 39
    endloop
  endfacet
  facet normal 0 0 1
    outer loop
      vertex -21.30721539560215 -29.326866046091844 39
      vertex -21.086405529903796 -26.989368311030226 39
      vertex -21.55422339345693 -26.617249179901254 39
    endloop
  endfacet
  facet normal 0 0 1
    outer loop
      vertex -20.79214581772542 -29.69426160547595 39
      vertex -20.612164542957654 -27.353266219119778 39
      vertex -21.086405529903796 -26.989368311030226 39
    endloop
  endfacet
  facet normal 0 0 1
    outer loop
      vertex -19.743165019294732 -30.40180808802162 39
      vertex -19.20957332845368 -30.74174348567044 39
      vertex -19.644992945023326 -28.05595751689797 39
    endloop
  endfacet
  facet normal 0 0 1
    outer loop
      vertex -19.20957332845368 -30.74174348567044 39
      vertex -18.670130215489465 -31.07231465045157 39
      vertex -19.15235694387308 -28.39453686001018 39
    endloop
  endfacet
  facet normal 0 0 1
    outer loop
      vertex -18.670130215489465 -31.07231465045157 39
      vertex -18.125 -31.3934208871859 39
      vertex -18.149734799987268 -29.04564729335759 39
    endloop
  endfacet
  facet normal 0 0 1
    outer loop
      vertex -18.670130215489465 -31.07231465045157 39
      vertex -18.149734799987268 -29.04564729335759 39
      vertex -18.653886949264677 -28.724466952130772 39
    endloop
  endfacet
  facet normal 0 0 1
    outer loop
      vertex -20.270742750814577 -30.052612005120263 39
      vertex -19.743165019294732 -30.40180808802162 39
      vertex -20.131644891017206 -27.70883205734195 39
    endloop
  endfacet
  facet normal 0 0 1
    outer loop
      vertex -20.270742750814577 -30.052612005120263 39
      vertex -20.131644891017206 -27.70883205734195 39
      vertex -20.612164542957654 -27.353266219119778 39
    endloop
  endfacet
  facet normal 0 0 1
    outer loop
      vertex -19.743165019294732 -30.40180808802162 39
      vertex -19.644992945023326 -28.05595751689797 39
      vertex -20.131644891017206 -27.70883205734195 39
    endloop
  endfacet
  facet normal 0 0 1
    outer loop
      vertex -19.20957332845368 -30.74174348567044 39
      vertex -19.15235694387308 -28.39453686001018 39
      vertex -19.644992945023326 -28.05595751689797 39
    endloop
  endfacet
  facet normal 0 0 1
    outer loop
      vertex -18.670130215489465 -31.07231465045157 39
      vertex -18.653886949264677 -28.724466952130772 39
      vertex -19.15235694387308 -28.39453686001018 39
    endloop
  endfacet
  facet normal 0 0 1
    outer loop
      vertex -25.18136592913865 -26.076067762276107 39
      vertex -24.72244055226557 -26.51157168369493 39
      vertex -25.048864280456588 -23.358443832140573 39
    endloop
  endfacet
  facet normal 0 0 1
    outer loop
      vertex -26.076067762276107 -25.18136592913865 39
      vertex -26.237022176824997 -22.01547563176397 39
      vertex -26.51157168369493 -24.72244055226557 39
    endloop
  endfacet
  facet normal 0 0 1
    outer loop
      vertex -26.938999923555542 -24.255984480508612 39
      vertex -26.51157168369493 -24.72244055226557 39
      vertex -26.617249179901254 -21.55422339345693 39
    endloop
  endfacet
  facet normal 0 0 1
    outer loop
      vertex -27.358222283075484 -23.782139800905888 39
      vertex -26.938999923555542 -24.255984480508612 39
      vertex -26.989368311030226 -21.086405529903796 39
    endloop
  endfacet
  facet normal 0 0 1
    outer loop
      vertex -26.51157168369493 -24.72244055226557 39
      vertex -26.237022176824997 -22.01547563176397 39
      vertex -26.617249179901254 -21.55422339345693 39
    endloop
  endfacet
  facet normal 0 0 1
    outer loop
      vertex -26.076067762276107 -25.18136592913865 39
      vertex -25.63262081801235 -25.63262081801235 39
      vertex -25.848803122629942 -22.470021742924875 39
    endloop
  endfacet
  facet normal 0 0 1
    outer loop
      vertex -25.18136592913865 -26.076067762276107 39
      vertex -25.452710272600754 -22.917723267790894 39
      vertex -25.63262081801235 -25.63262081801235 39
    endloop
  endfacet
  facet normal 0 0 1
    outer loop
      vertex -25.18136592913865 -26.076067762276107 39
      vertex -25.048864280456588 -23.358443832140573 39
      vertex -25.452710272600754 -22.917723267790894 39
    endloop
  endfacet
  facet normal 0 0 1
    outer loop
      vertex -25.63262081801235 -25.63262081801235 39
      vertex -25.452710272600754 -22.917723267790894 39
      vertex -25.848803122629942 -22.470021742924875 39
    endloop
  endfacet
  facet normal 0 0 1
    outer loop
      vertex -26.076067762276107 -25.18136592913865 39
      vertex -25.848803122629942 -22.470021742924875 39
      vertex -26.237022176824997 -22.01547563176397 39
    endloop
  endfacet
  facet normal 0 0 1
    outer loop
      vertex -23.782139800905888 -27.358222283075484 39
      vertex -24.218407255639253 -24.218407255639253 39
      vertex -24.255984480508612 -26.938999923555542 39
    endloop
  endfacet
  facet normal 0 0 1
    outer loop
      vertex -24.72244055226557 -26.51157168369493 39
      vertex -24.255984480508612 -26.938999923555542 39
      vertex -24.637388161598803 -23.792049188220656 39
    endloop
  endfacet
  facet normal 0 0 1
    outer loop
      vertex -24.255984480508612 -26.938999923555542 39
      vertex -24.218407255639253 -24.218407255639253 39
      vertex -24.637388161598803 -23.792049188220656 39
    endloop
  endfacet
  facet normal 0 0 1
    outer loop
      vertex -23.782139800905888 -27.358222283075484 39
      vertex -23.792049188220656 -24.637388161598803 39
      vertex -24.218407255639253 -24.218407255639253 39
    endloop
  endfacet
  facet normal 0 0 1
    outer loop
      vertex -23.30105085113705 -27.769111063062955 39
      vertex -23.358443832140573 -25.048864280456588 39
      vertex -23.782139800905888 -27.358222283075484 39
    endloop
  endfacet
  facet normal 0 0 1
    outer loop
      vertex -23.30105085113705 -27.769111063062955 39
      vertex -22.812864175556605 -28.171541102815194 39
      vertex -22.917723267790894 -25.452710272600754 39
    endloop
  endfacet
  facet normal 0 0 1
    outer loop
      vertex -23.30105085113705 -27.769111063062955 39
      vertex -22.917723267790894 -25.452710272600754 39
      vertex -23.358443832140573 -25.048864280456588 39
    endloop
  endfacet
  facet normal 0 0 1
    outer loop
      vertex -22.812864175556605 -28.171541102815194 39
      vertex -22.470021742924875 -25.848803122629942 39
      vertex -22.917723267790894 -25.452710272600754 39
    endloop
  endfacet
  facet normal 0 0 1
    outer loop
      vertex -23.782139800905888 -27.358222283075484 39
      vertex -23.358443832140573 -25.048864280456588 39
      vertex -23.792049188220656 -24.637388161598803 39
    endloop
  endfacet
  facet normal 0 0 1
    outer loop
      vertex -24.72244055226557 -26.51157168369493 39
      vertex -24.637388161598803 -23.792049188220656 39
      vertex -25.048864280456588 -23.358443832140573 39
    endloop
  endfacet
  facet normal 0 0 1
    outer loop
      vertex -26.938999923555542 -24.255984480508612 39
      vertex -26.617249179901254 -21.55422339345693 39
      vertex -26.989368311030226 -21.086405529903796 39
    endloop
  endfacet
  facet normal 0 0 1
    outer loop
      vertex -22.317728480555115 -28.56538981824367 39
      vertex -22.01547563176397 -26.237022176824997 39
      vertex -22.470021742924875 -25.848803122629942 39
    endloop
  endfacet
  facet normal -0.9239287069004786 -0.34544278844629805 -0.16439289667031132
    outer loop
      vertex -27.774017688291753 -10.661446498972683 0
      vertex -33.842290460523564 -12.990838171017135 39
      vertex -34.06385750348918 -12.398230195555492 39
    endloop
  endfacet
  facet normal -0.9298167960280632 -0.3292653965245233 -0.16439289667031137
    outer loop
      vertex -27.955855468380776 -10.175099263938645 0
      vertex -34.06385750348918 -12.398230195555492 39
      vertex -34.275048365475236 -11.80184559907193 39
    endloop
  endfacet
  facet normal -0.9354216539522414 -0.31298770717329705 -0.1643928966703113
    outer loop
      vertex -28.129177624079677 -9.685652595100413 0
      vertex -34.275048365475236 -11.80184559907193 39
      vertex -34.47579871569931 -11.201866046091842 39
    endloop
  endfacet
  facet normal -0.9407415733789836 -0.2966146787345139 -0.16439289667031123
    outer loop
      vertex -28.293931359780817 -9.193255582654684 0
      vertex -34.47579871569931 -11.201866046091842 39
      vertex -34.66604740366004 -10.598474296199209 39
    endloop
  endfacet
  facet normal -0.945774933809315 -0.2801512985911902 -0.1643928966703114
    outer loop
      vertex -28.450066489900305 -8.698058215501419 0
      vertex -34.66604740366004 -10.598474296199209 39
      vertex -34.84573647776406 -9.991854148366219 39
    endloop
  endfacet
  facet normal -0.9505202020328801 -0.26360258164842965 -0.16439289667031134
    outer loop
      vertex -28.597535454164987 -8.200211335555725 0
      vertex -34.84573647776406 -9.991854148366219 39
      vertex -35.01481120297873 -9.382190384966377 39
    endloop
  endfacet
  facet normal -0.858514453534146 -0.48572410749036415 -0.1643928966703113
    outer loop
      vertex -25.764255762587048 -14.875 0
      vertex -31.3934208871859 -18.125 39
      vertex -31.704964383803095 -17.574348733929718 39
    endloop
  endfacet
  facet normal -0.8668607521648649 -0.4706669861807913 -0.1643928966703112
    outer loop
      vertex -26.019936287397023 -14.423086202328527 0
      vertex -31.704964383803095 -17.574348733929718 39
      vertex -32.00685024113611 -17.018344150988543 39
    endloop
  endfacet
  facet normal -0.8903055564251627 -0.4246539670400192 -0.1643928966703112
    outer loop
      vertex -26.73912287740022 -13.041541616975055 0
      vertex -32.5812841783448 -15.890954071104058 39
      vertex -32.85365728007856 -15.319911988100355 39
    endloop
  endfacet
  facet normal -0.9045834160578512 -0.3933240634863991 -0.16439289667031132
    outer loop
      vertex -27.177977364867377 -12.100415131505056 0
      vertex -33.11602283954428 -14.744203311497758 39
      vertex -33.368300937650964 -14.164003407736175 39
    endloop
  endfacet
  facet normal -0.8975811922046131 -0.4090513157598811 -0.1643928966703112
    outer loop
      vertex -26.962656664340336 -12.572893286785808 0
      vertex -32.85365728007856 -15.319911988100355 39
      vertex -33.11602283954428 -14.744203311497758 39
    endloop
  endfacet
  facet normal -0.8749429966130219 -0.455466495147744 -0.16439289667031134
    outer loop
      vertex -26.267690887553076 -13.96677899288025 0
      vertex -32.00685024113611 -17.018344150988543 39
      vertex -32.29898650182834 -16.457155615558573 39
    endloop
  endfacet
  facet normal -0.882758724948641 -0.4401272646080835 -0.16439289667031143
    outer loop
      vertex -26.507444094603944 -13.506217367251518 0
      vertex -32.29898650182834 -16.457155615558573 39
      vertex -32.5812841783448 -15.890954071104058 39
    endloop
  endfacet
  facet normal -0.8410399428376493 -0.5153899398280762 -0.16439289667031137
    outer loop
      vertex -25.22943086065367 -15.765098110937846 0
      vertex -30.74174348567044 -19.20957332845368 39
      vertex -31.07231465045157 -18.670130215489465 39
    endloop
  endfacet
  facet normal -0.8499066430842539 -0.5006332725315 -0.16439289667031134
    outer loop
      vertex -25.50072719588784 -15.32238272857411 0
      vertex -31.07231465045157 -18.670130215489465 39
      vertex -31.3934208871859 -18.125 39
    endloop
  endfacet
  facet normal -0.9113100950396704 -0.3774770008929434 -0.16439289667031132
    outer loop
      vertex -27.3850193902101 -11.624251072555895 0
      vertex -33.368300937650964 -14.164003407736175 39
      vertex -33.610414728046045 -13.57948901132681 39
    endloop
  endfacet
  facet normal -0.9177591801384763 -0.36151495514832604 -0.16439289667031126
    outer loop
      vertex -27.583719673361927 -11.144546154123383 0
      vertex -33.610414728046045 -13.57948901132681 39
      vertex -33.842290460523564 -12.990838171017135 39
    endloop
  endfacet
  facet normal -0.9549759325950076 -0.24697356880573246 -0.16439289667031123
    outer loop
      vertex -28.736293332099784 -7.699866591799992 0
      vertex -35.01481120297873 -9.382190384966377 39
      vertex -35.17322007750487 -8.769668715487954 39
    endloop
  endfacet
  facet normal -0.9591407682370083 -0.23026932542148515 -0.1643928966703113
    outer loop
      vertex -28.866297856710894 -7.197176394090115 0
      vertex -35.17322007750487 -8.769668715487954 39
      vertex -35.320914848464774 -8.154475719965106 39
    endloop
  endfacet
  facet normal -0.9630134403095966 -0.21349493977005535 -0.1643928966703112
    outer loop
      vertex -28.98750942736075 -6.692293866729984 0
      vertex -35.320914848464774 -8.154475719965106 39
      vertex -35.45785052660045 -7.5367987921437765 39
    endloop
  endfacet
  facet normal -0.9665927691593469 -0.19665552149179485 -0.16439289667031118
    outer loop
      vertex -29.09989112183072 -6.185372801828341 0
      vertex -35.45785052660045 -7.5367987921437765 39
      vertex -35.58398539997782 -6.916826082399749 39
    endloop
  endfacet
  facet normal -0.9698776644880192 -0.1797562000366315 -0.16439289667031132
    outer loop
      vertex -29.203408707568002 -5.6765676124522075 0
      vertex -35.58398539997782 -6.916826082399749 39
      vertex -35.69928104669254 -6.294746440426224 39
    endloop
  endfacet
  facet normal -0.9728671256846692 -0.1628021231016184 -0.16439289667031132
    outer loop
      vertex -29.298030652113187 -5.166033285591177 0
      vertex -35.69928104669254 -6.294746440426224 39
      vertex -35.80370234657374 -5.670749357708369 39
    endloop
  endfacet
  facet normal -0.9755602421304624 -0.14579845506279493 -0.16439289667031123
    outer loop
      vertex -29.38372813270535 -4.6539253349468686 0
      vertex -35.80370234657374 -5.670749357708369 39
      vertex -35.897217491881925 -5.045024909802372 39
    endloop
  endfacet
  facet normal -0.977956193476038 -0.12875037540218146 -0.1643928966703113
    outer loop
      vertex -29.460475045061717 -4.140399753561947 0
      vertex -35.897217491881925 -5.045024909802372 39
      vertex -35.979797996997924 -4.417763698436596 39
    endloop
  endfacet
  facet normal -0.9845551135219253 -0.06021797042555845 -0.1643928966703112
    outer loop
      vertex -29.67753049522977 -2.0752550938877277 0
      vertex -36.161696821918625 -2.528672173224542 39
      vertex -36.2003206348533 -1.897178413806714 39
    endloop
  endfacet
  facet normal -0.985456109504031 -0.04302594293590537 -0.16439289667031123
    outer loop
      vertex -29.70922865894857 -1.556994698227579 0
      vertex -36.2003206348533 -1.897178413806714 39
      vertex -36.22791747944222 -1.26510675546566 39
    endloop
  endfacet
  facet normal -0.9860569260088545 -0.025820809327223283 -0.1643928966703112
    outer loop
      vertex -29.7318771038181 -1.0382600268994038 0
      vertex -36.22791747944222 -1.26510675546566 39
      vertex -36.24447894941918 -0.6326497333515273 39
    endloop
  endfacet
  facet normal -0.9863573800218676 -0.008607810449890162 -0.1643928966703113
    outer loop
      vertex -29.74546893090264 -0.5192090915091845 0
      vertex -36.24447894941918 -0.6326497333515273 39
      vertex -36.25 0 39
    endloop
  endfacet
  facet normal -0.9800542498914063 -0.11166307712998626 -0.16439289667031132
    outer loop
      vertex -29.528248011329328 -3.6256129663031373 0
      vertex -35.979797996997924 -4.417763698436596 39
      vertex -36.051418707099906 -3.789156793452438 39
    endloop
  endfacet
  facet normal -0.9818537722882577 -0.09454176520280626 -0.16439289667031126
    outer loop
      vertex -29.58702638720613 -3.1097217822126906 0
      vertex -36.051418707099906 -3.789156793452438 39
      vertex -36.11205780582578 -3.1593956746026084 39
    endloop
  endfacet
  facet normal -0.9833542125146415 -0.07739165493807137 -0.1643928966703113
    outer loop
      vertex -29.63679226822943 -2.5928833467428305 0
      vertex -36.11205780582578 -3.1593956746026084 39
      vertex -36.161696821918625 -2.528672173224542 39
    endloop
  endfacet
  facet normal 0 0 1
    outer loop
      vertex -32.00685024113611 -17.018344150988543 39
      vertex -31.704964383803095 -17.574348733929718 39
      vertex -31.75604701891247 -12.830275824494986 39
    endloop
  endfacet
  facet normal 0 0 1
    outer loop
      vertex -32.00685024113611 -17.018344150988543 39
      vertex -32.184472261917364 -11.714189908904153 39
      vertex -32.29898650182834 -16.457155615558573 39
    endloop
  endfacet
  facet normal 0 0 1
    outer loop
      vertex -32.29898650182834 -16.457155615558573 39
      vertex -32.384011214276605 -11.150709290157616 39
      vertex -32.5812841783448 -15.890954071104058 39
    endloop
  endfacet
  facet normal 0 0 1
    outer loop
      vertex -32.5812841783448 -15.890954071104058 39
      vertex -32.75343789173397 -10.013730886753734 39
      vertex -32.85365728007856 -15.319911988100355 39
    endloop
  endfacet
  facet normal 0 0 1
    outer loop
      vertex -32.00685024113611 -17.018344150988543 39
      vertex -31.97512960752916 -12.274102271926534 39
      vertex -32.184472261917364 -11.714189908904153 39
    endloop
  endfacet
  facet normal 0 0 1
    outer loop
      vertex -32.00685024113611 -17.018344150988543 39
      vertex -31.75604701891247 -12.830275824494986 39
      vertex -31.97512960752916 -12.274102271926534 39
    endloop
  endfacet
  facet normal 0 0 1
    outer loop
      vertex -32.85365728007856 -15.319911988100355 39
      vertex -32.923213085887426 -9.440579436732222 39
      vertex -33.11602283954428 -14.744203311497758 39
    endloop
  endfacet
  facet normal 0 0 1
    outer loop
      vertex -33.368300937650964 -14.164003407736175 39
      vertex -33.50155532513284 -7.120975410508257 39
      vertex -33.610414728046045 -13.57948901132681 39
    endloop
  endfacet
  facet normal 0 0 1
    outer loop
      vertex -33.11602283954428 -14.744203311497758 39
      vertex -33.23262862495288 -8.28582492428862 39
      vertex -33.368300937650964 -14.164003407736175 39
    endloop
  endfacet
  facet normal 0 0 1
    outer loop
      vertex -32.29898650182834 -16.457155615558573 39
      vertex -32.184472261917364 -11.714189908904153 39
      vertex -32.384011214276605 -11.150709290157616 39
    endloop
  endfacet
  facet normal 0 0 1
    outer loop
      vertex -32.5812841783448 -15.890954071104058 39
      vertex -32.384011214276605 -11.150709290157616 39
      vertex -32.573685683109005 -10.583832057341949 39
    endloop
  endfacet
  facet normal 0 0 1
    outer loop
      vertex -32.5812841783448 -15.890954071104058 39
      vertex -32.573685683109005 -10.583832057341949 39
      vertex -32.75343789173397 -10.013730886753734 39
    endloop
  endfacet
  facet normal 0 0 1
    outer loop
      vertex -32.85365728007856 -15.319911988100355 39
      vertex -32.75343789173397 -10.013730886753734 39
      vertex -32.923213085887426 -9.440579436732222 39
    endloop
  endfacet
  facet normal 0 0 1
    outer loop
      vertex -33.610414728046045 -13.57948901132681 39
      vertex -33.72966554066812 -5.947450085092364 39
      vertex -33.842290460523564 -12.990838171017135 39
    endloop
  endfacet
  facet normal 0 0 1
    outer loop
      vertex -33.11602283954428 -14.744203311497758 39
      vertex -32.923213085887426 -9.440579436732222 39
      vertex -33.08295955040059 -8.864552294761335 39
    endloop
  endfacet
  facet normal 0 0 1
    outer loop
      vertex -33.11602283954428 -14.744203311497758 39
      vertex -33.08295955040059 -8.864552294761335 39
      vertex -33.23262862495288 -8.28582492428862 39
    endloop
  endfacet
  facet normal 0 0 1
    outer loop
      vertex -34.06385750348918 -12.398230195555492 39
      vertex -33.842290460523564 -12.990838171017135 39
      vertex -33.91668135439878 -4.7666787078822415 39
    endloop
  endfacet
  facet normal 0 0 1
    outer loop
      vertex -33.610414728046045 -13.57948901132681 39
      vertex -33.50155532513284 -7.120975410508257 39
      vertex -33.62073103308249 -6.53520809164666 39
    endloop
  endfacet
  facet normal 0 0 1
    outer loop
      vertex -33.368300937650964 -14.164003407736175 39
      vertex -33.23262862495288 -8.28582492428862 39
      vertex -33.37217471889431 -7.704573611277376 39
    endloop
  endfacet
  facet normal 0 0 1
    outer loop
      vertex -33.368300937650964 -14.164003407736175 39
      vertex -33.37217471889431 -7.704573611277376 39
      vertex -33.50155532513284 -7.120975410508257 39
    endloop
  endfacet
  facet normal 0 0 1
    outer loop
      vertex -30.74174348567044 -19.20957332845368 39
      vertex -30.78369608574647 -15.014211777525903 39
      vertex -31.07231465045157 -18.670130215489465 39
    endloop
  endfacet
  facet normal 0 0 1
    outer loop
      vertex -31.07231465045157 -18.670130215489465 39
      vertex -31.288931924259078 -13.930730025346158 39
      vertex -31.3934208871859 -18.125 39
    endloop
  endfacet
  facet normal 0 0 1
    outer loop
      vertex -31.704964383803095 -17.574348733929718 39
      vertex -31.3934208871859 -18.125 39
      vertex -31.527291230746084 -13.382541150757627 39
    endloop
  endfacet
  facet normal 0 0 1
    outer loop
      vertex -30.74174348567044 -19.20957332845368 39
      vertex -30.5169734534516 -15.549174616079478 39
      vertex -30.78369608574647 -15.014211777525903 39
    endloop
  endfacet
  facet normal 0 0 1
    outer loop
      vertex -31.07231465045157 -18.670130215489465 39
      vertex -30.78369608574647 -15.014211777525903 39
      vertex -31.04104170600526 -14.474675464618956 39
    endloop
  endfacet
  facet normal 0 0 1
    outer loop
      vertex -30.052612005120263 -20.270742750814577 39
      vertex -29.955724969524304 -16.604729493437045 39
      vertex -30.24095505541825 -16.07940102541676 39
    endloop
  endfacet
  facet normal 0 0 1
    outer loop
      vertex -30.40180808802162 -19.743165019294732 39
      vertex -30.24095505541825 -16.07940102541676 39
      vertex -30.5169734534516 -15.549174616079478 39
    endloop
  endfacet
  facet normal 0 0 1
    outer loop
      vertex -31.3934208871859 -18.125 39
      vertex -31.288931924259078 -13.930730025346158 39
      vertex -31.527291230746084 -13.382541150757627 39
    endloop
  endfacet
  facet normal 0 0 1
    outer loop
      vertex -31.07231465045157 -18.670130215489465 39
      vertex -31.04104170600526 -14.474675464618956 39
      vertex -31.288931924259078 -13.930730025346158 39
    endloop
  endfacet
  facet normal 0 0 1
    outer loop
      vertex -31.704964383803095 -17.574348733929718 39
      vertex -31.527291230746084 -13.382541150757627 39
      vertex -31.75604701891247 -12.830275824494986 39
    endloop
  endfacet
  facet normal 0 0 1
    outer loop
      vertex -34.06385750348918 -12.398230195555492 39
      vertex -34.16656872139898 -2.3891592257362917 39
      vertex -34.275048365475236 -11.80184559907193 39
    endloop
  endfacet
  facet normal 0 0 1
    outer loop
      vertex -34.06385750348918 -12.398230195555492 39
      vertex -33.91668135439878 -4.7666787078822415 39
      vertex -33.994705693715275 -4.174025011626301 39
    endloop
  endfacet
  facet normal 0 0 1
    outer loop
      vertex -34.06385750348918 -12.398230195555492 39
      vertex -33.994705693715275 -4.174025011626301 39
      vertex -34.06237491636336 -3.5800998669171316 39
    endloop
  endfacet
  facet normal 0 0 1
    outer loop
      vertex -34.06385750348918 -12.398230195555492 39
      vertex -34.06237491636336 -3.5800998669171316 39
      vertex -34.11966840964229 -2.985084189107292 39
    endloop
  endfacet
  facet normal 0 0 1
    outer loop
      vertex -34.06385750348918 -12.398230195555492 39
      vertex -34.11966840964229 -2.985084189107292 39
      vertex -34.16656872139898 -2.3891592257362917 39
    endloop
  endfacet
  facet normal 0 0 1
    outer loop
      vertex -34.275048365475236 -11.80184559907193 39
      vertex -34.16656872139898 -2.3891592257362917 39
      vertex -34.20306156534416 -1.7925065013208263 39
    endloop
  endfacet
  facet normal 0 0 1
    outer loop
      vertex -34.275048365475236 -11.80184559907193 39
      vertex -34.20306156534416 -1.7925065013208263 39
      vertex -34.22913582540403 -1.1953077620606583 39
    endloop
  endfacet
  facet normal 0 0 1
    outer loop
      vertex -34.275048365475236 -11.80184559907193 39
      vertex -34.22913582540403 -1.1953077620606583 39
      vertex -34.2447835591064 -0.5977449204769603 39
    endloop
  endfacet
  facet normal 0 0 1
    outer loop
      vertex -33.610414728046045 -13.57948901132681 39
      vertex -33.62073103308249 -6.53520809164666 39
      vertex -33.72966554066812 -5.947450085092364 39
    endloop
  endfacet
  facet normal 0 0 1
    outer loop
      vertex -33.842290460523564 -12.990838171017135 39
      vertex -33.72966554066812 -5.947450085092364 39
      vertex -33.82832566538347 -5.357880427627907 39
    endloop
  endfacet
  facet normal 0 0 1
    outer loop
      vertex -33.842290460523564 -12.990838171017135 39
      vertex -33.82832566538347 -5.357880427627907 39
      vertex -33.91668135439878 -4.7666787078822415 39
    endloop
  endfacet
  facet normal 0 0 1
    outer loop
      vertex -35.01481120297873 -9.382190384966377 39
      vertex -35.17322007750487 8.769668715487954 39
      vertex -35.17322007750487 -8.769668715487954 39
    endloop
  endfacet
  facet normal 0 0 1
    outer loop
      vertex -35.17322007750487 -8.769668715487954 39
      vertex -35.320914848464774 8.154475719965106 39
      vertex -35.320914848464774 -8.154475719965106 39
    endloop
  endfacet
  facet normal 0 0 1
    outer loop
      vertex -35.320914848464774 -8.154475719965106 39
      vertex -35.45785052660045 7.5367987921437765 39
      vertex -35.45785052660045 -7.5367987921437765 39
    endloop
  endfacet
  facet normal 0 0 1
    outer loop
      vertex -35.58398539997782 -6.916826082399749 39
      vertex -35.69928104669254 6.294746440426224 39
      vertex -35.69928104669254 -6.294746440426224 39
    endloop
  endfacet
  facet normal 0 0 1
    outer loop
      vertex -35.45785052660045 -7.5367987921437765 39
      vertex -35.58398539997782 6.916826082399749 39
      vertex -35.58398539997782 -6.916826082399749 39
    endloop
  endfacet
  facet normal 0 0 1
    outer loop
      vertex -34.66604740366004 -10.598474296199209 39
      vertex -34.47579871569931 -11.201866046091842 39
      vertex -34.66604740366004 10.598474296199209 39
    endloop
  endfacet
  facet normal 0 0 1
    outer loop
      vertex -34.66604740366004 -10.598474296199209 39
      vertex -34.84573647776406 9.991854148366219 39
      vertex -34.84573647776406 -9.991854148366219 39
    endloop
  endfacet
  facet normal 0 0 1
    outer loop
      vertex -34.275048365475236 -11.80184559907193 39
      vertex -34.2447835591064 -0.5977449204769603 39
      vertex -34.25 0 39
    endloop
  endfacet
  facet normal 0 0 1
    outer loop
      vertex -34.275048365475236 -11.80184559907193 39
      vertex -34.47579871569931 11.201866046091842 39
      vertex -34.47579871569931 -11.201866046091842 39
    endloop
  endfacet
  facet normal 0 0 1
    outer loop
      vertex -34.84573647776406 -9.991854148366219 39
      vertex -35.01481120297873 9.382190384966377 39
      vertex -35.01481120297873 -9.382190384966377 39
    endloop
  endfacet
  facet normal 0 0 1
    outer loop
      vertex -35.69928104669254 -6.294746440426224 39
      vertex -35.80370234657374 5.670749357708369 39
      vertex -35.80370234657374 -5.670749357708369 39
    endloop
  endfacet
  facet normal 0 0 1
    outer loop
      vertex -35.80370234657374 -5.670749357708369 39
      vertex -35.897217491881925 5.045024909802372 39
      vertex -35.897217491881925 -5.045024909802372 39
    endloop
  endfacet
  facet normal 0 0 1
    outer loop
      vertex -35.979797996997924 -4.417763698436596 39
      vertex -36.051418707099906 3.789156793452438 39
      vertex -36.051418707099906 -3.789156793452438 39
    endloop
  endfacet
  facet normal 0 0 1
    outer loop
      vertex -36.051418707099906 -3.789156793452438 39
      vertex -36.11205780582578 3.1593956746026084 39
      vertex -36.11205780582578 -3.1593956746026084 39
    endloop
  endfacet
  facet normal 0 0 1
    outer loop
      vertex -35.897217491881925 -5.045024909802372 39
      vertex -35.979797996997924 4.417763698436596 39
      vertex -35.979797996997924 -4.417763698436596 39
    endloop
  endfacet
  facet normal 0 0 1
    outer loop
      vertex -36.11205780582578 -3.1593956746026084 39
      vertex -36.161696821918625 2.528672173224542 39
      vertex -36.161696821918625 -2.528672173224542 39
    endloop
  endfacet
  facet normal 0 0 1
    outer loop
      vertex -36.161696821918625 -2.528672173224542 39
      vertex -36.2003206348533 1.897178413806714 39
      vertex -36.2003206348533 -1.897178413806714 39
    endloop
  endfacet
  facet normal 0 0 1
    outer loop
      vertex -36.2003206348533 -1.897178413806714 39
      vertex -36.22791747944222 1.26510675546566 39
      vertex -36.22791747944222 -1.26510675546566 39
    endloop
  endfacet
  facet normal 0 0 1
    outer loop
      vertex -36.22791747944222 -1.26510675546566 39
      vertex -36.24447894941918 0.6326497333515273 39
      vertex -36.24447894941918 -0.6326497333515273 39
    endloop
  endfacet
  facet normal -0.48572410749036415 -0.858514453534146 -0.1643928966703113
    outer loop
      vertex -14.875 -25.764255762587048 0
      vertex -17.574348733929718 -31.704964383803095 39
      vertex -18.125 -31.3934208871859 39
    endloop
  endfacet
  facet normal -0.4706669861807913 -0.8668607521648649 -0.1643928966703112
    outer loop
      vertex -14.423086202328527 -26.019936287397023 0
      vertex -17.018344150988543 -32.00685024113611 39
      vertex -17.574348733929718 -31.704964383803095 39
    endloop
  endfacet
  facet normal -0.5153899398280762 -0.8410399428376493 -0.16439289667031137
    outer loop
      vertex -15.765098110937846 -25.22943086065367 0
      vertex -18.670130215489465 -31.07231465045157 39
      vertex -19.20957332845368 -30.74174348567044 39
    endloop
  endfacet
  facet normal -0.5006332725315 -0.8499066430842539 -0.16439289667031134
    outer loop
      vertex -15.32238272857411 -25.50072719588784 0
      vertex -18.125 -31.3934208871859 39
      vertex -18.670130215489465 -31.07231465045157 39
    endloop
  endfacet
  facet normal -0.4246539670400192 -0.8903055564251627 -0.1643928966703112
    outer loop
      vertex -13.041541616975055 -26.73912287740022 0
      vertex -15.319911988100355 -32.85365728007856 39
      vertex -15.890954071104058 -32.5812841783448 39
    endloop
  endfacet
  facet normal -0.455466495147744 -0.8749429966130219 -0.16439289667031134
    outer loop
      vertex -13.96677899288025 -26.267690887553076 0
      vertex -16.457155615558573 -32.29898650182834 39
      vertex -17.018344150988543 -32.00685024113611 39
    endloop
  endfacet
  facet normal -0.4401272646080835 -0.882758724948641 -0.16439289667031143
    outer loop
      vertex -13.506217367251518 -26.507444094603944 0
      vertex -15.890954071104058 -32.5812841783448 39
      vertex -16.457155615558573 -32.29898650182834 39
    endloop
  endfacet
  facet normal -0.4090513157598811 -0.8975811922046131 -0.1643928966703112
    outer loop
      vertex -12.572893286785808 -26.962656664340336 0
      vertex -14.744203311497758 -33.11602283954428 39
      vertex -15.319911988100355 -32.85365728007856 39
    endloop
  endfacet
  facet normal -0.3933240634863991 -0.9045834160578512 -0.16439289667031132
    outer loop
      vertex -12.100415131505056 -27.177977364867377 0
      vertex -14.164003407736175 -33.368300937650964 39
      vertex -14.744203311497758 -33.11602283954428 39
    endloop
  endfacet
  facet normal -0.34544278844629805 -0.9239287069004786 -0.16439289667031132
    outer loop
      vertex -10.661446498972683 -27.774017688291753 0
      vertex -12.398230195555492 -34.06385750348918 39
      vertex -12.990838171017135 -33.842290460523564 39
    endloop
  endfacet
  facet normal -0.3292653965245233 -0.9298167960280632 -0.16439289667031137
    outer loop
      vertex -10.175099263938645 -27.955855468380776 0
      vertex -11.80184559907193 -34.275048365475236 39
      vertex -12.398230195555492 -34.06385750348918 39
    endloop
  endfacet
  facet normal -0.31298770717329705 -0.9354216539522414 -0.1643928966703113
    outer loop
      vertex -9.685652595100413 -28.129177624079677 0
      vertex -11.201866046091842 -34.47579871569931 39
      vertex -11.80184559907193 -34.275048365475236 39
    endloop
  endfacet
  facet normal -0.2966146787345139 -0.9407415733789836 -0.16439289667031123
    outer loop
      vertex -9.193255582654684 -28.293931359780817 0
      vertex -10.598474296199209 -34.66604740366004 39
      vertex -11.201866046091842 -34.47579871569931 39
    endloop
  endfacet
  facet normal -0.2801512985911902 -0.945774933809315 -0.1643928966703114
    outer loop
      vertex -8.698058215501419 -28.450066489900305 0
      vertex -9.991854148366219 -34.84573647776406 39
      vertex -10.598474296199209 -34.66604740366004 39
    endloop
  endfacet
  facet normal -0.26360258164842965 -0.9505202020328801 -0.16439289667031134
    outer loop
      vertex -8.200211335555725 -28.597535454164987 0
      vertex -9.382190384966377 -35.01481120297873 39
      vertex -9.991854148366219 -34.84573647776406 39
    endloop
  endfacet
  facet normal -0.3774770008929434 -0.9113100950396704 -0.16439289667031132
    outer loop
      vertex -11.624251072555895 -27.3850193902101 0
      vertex -13.57948901132681 -33.610414728046045 39
      vertex -14.164003407736175 -33.368300937650964 39
    endloop
  endfacet
  facet normal -0.36151495514832604 -0.9177591801384763 -0.16439289667031126
    outer loop
      vertex -11.144546154123383 -27.583719673361927 0
      vertex -12.990838171017135 -33.842290460523564 39
      vertex -13.57948901132681 -33.610414728046045 39
    endloop
  endfacet
  facet normal -0.24697356880573246 -0.9549759325950076 -0.16439289667031123
    outer loop
      vertex -7.699866591799992 -28.736293332099784 0
      vertex -8.769668715487954 -35.17322007750487 39
      vertex -9.382190384966377 -35.01481120297873 39
    endloop
  endfacet
  facet normal -0.23026932542148515 -0.9591407682370083 -0.1643928966703113
    outer loop
      vertex -7.197176394090115 -28.866297856710894 0
      vertex -8.154475719965106 -35.320914848464774 39
      vertex -8.769668715487954 -35.17322007750487 39
    endloop
  endfacet
  facet normal -0.21349493977005535 -0.9630134403095966 -0.1643928966703112
    outer loop
      vertex -6.692293866729984 -28.98750942736075 0
      vertex -7.5367987921437765 -35.45785052660045 39
      vertex -8.154475719965106 -35.320914848464774 39
    endloop
  endfacet
  facet normal -0.19665552149179485 -0.9665927691593469 -0.16439289667031118
    outer loop
      vertex -6.185372801828341 -29.09989112183072 0
      vertex -6.916826082399749 -35.58398539997782 39
      vertex -7.5367987921437765 -35.45785052660045 39
    endloop
  endfacet
  facet normal -0.1797562000366315 -0.9698776644880192 -0.16439289667031132
    outer loop
      vertex -5.6765676124522075 -29.203408707568002 0
      vertex -6.294746440426224 -35.69928104669254 39
      vertex -6.916826082399749 -35.58398539997782 39
    endloop
  endfacet
  facet normal -0.1628021231016184 -0.9728671256846692 -0.16439289667031132
    outer loop
      vertex -5.166033285591177 -29.298030652113187 0
      vertex -5.670749357708369 -35.80370234657374 39
      vertex -6.294746440426224 -35.69928104669254 39
    endloop
  endfacet
  facet normal -0.14579845506279493 -0.9755602421304624 -0.16439289667031123
    outer loop
      vertex -4.6539253349468686 -29.38372813270535 0
      vertex -5.045024909802372 -35.897217491881925 39
      vertex -5.670749357708369 -35.80370234657374 39
    endloop
  endfacet
  facet normal -0.12875037540218146 -0.977956193476038 -0.1643928966703113
    outer loop
      vertex -4.140399753561947 -29.460475045061717 0
      vertex -4.417763698436596 -35.979797996997924 39
      vertex -5.045024909802372 -35.897217491881925 39
    endloop
  endfacet
  facet normal -0.11166307712998626 -0.9800542498914063 -0.16439289667031132
    outer loop
      vertex -3.6256129663031373 -29.528248011329328 0
      vertex -3.789156793452438 -36.051418707099906 39
      vertex -4.417763698436596 -35.979797996997924 39
    endloop
  endfacet
  facet normal -0.09454176520280626 -0.9818537722882577 -0.16439289667031126
    outer loop
      vertex -3.1097217822126906 -29.58702638720613 0
      vertex -3.1593956746026084 -36.11205780582578 39
      vertex -3.789156793452438 -36.051418707099906 39
    endloop
  endfacet
  facet normal -0.07739165493807137 -0.9833542125146415 -0.1643928966703113
    outer loop
      vertex -2.5928833467428305 -29.63679226822943 0
      vertex -2.528672173224542 -36.161696821918625 39
      vertex -3.1593956746026084 -36.11205780582578 39
    endloop
  endfacet
  facet normal -0.06021797042555845 -0.9845551135219253 -0.1643928966703112
    outer loop
      vertex -2.0752550938877277 -29.67753049522977 0
      vertex -1.897178413806714 -36.2003206348533 39
      vertex -2.528672173224542 -36.161696821918625 39
    endloop
  endfacet
  facet normal -0.04302594293590537 -0.985456109504031 -0.16439289667031123
    outer loop
      vertex -1.556994698227579 -29.70922865894857 0
      vertex -1.26510675546566 -36.22791747944222 39
      vertex -1.897178413806714 -36.2003206348533 39
    endloop
  endfacet
  facet normal -0.025820809327223283 -0.9860569260088545 -0.1643928966703112
    outer loop
      vertex -1.0382600268994038 -29.7318771038181 0
      vertex -0.6326497333515273 -36.24447894941918 39
      vertex -1.26510675546566 -36.22791747944222 39
    endloop
  endfacet
  facet normal -0.008607810449890162 -0.9863573800218676 -0.1643928966703113
    outer loop
      vertex -0.5192090915091845 -29.74546893090264 0
      vertex 0 -36.25 39
      vertex -0.6326497333515273 -36.24447894941918 39
    endloop
  endfacet
  facet normal 0 0 1
    outer loop
      vertex -15.890954071104058 -32.5812841783448 39
      vertex -15.319911988100355 -32.85365728007856 39
      vertex -15.549174616079478 -30.5169734534516 39
    endloop
  endfacet
  facet normal 0 0 1
    outer loop
      vertex -15.319911988100355 -32.85365728007856 39
      vertex -14.744203311497758 -33.11602283954428 39
      vertex -15.014211777525903 -30.78369608574647 39
    endloop
  endfacet
  facet normal 0 0 1
    outer loop
      vertex -14.744203311497758 -33.11602283954428 39
      vertex -14.164003407736175 -33.368300937650964 39
      vertex -14.474675464618956 -31.04104170600526 39
    endloop
  endfacet
  facet normal 0 0 1
    outer loop
      vertex -14.164003407736175 -33.368300937650964 39
      vertex -13.930730025346158 -31.288931924259078 39
      vertex -14.474675464618956 -31.04104170600526 39
    endloop
  endfacet
  facet normal 0 0 1
    outer loop
      vertex -14.164003407736175 -33.368300937650964 39
      vertex -13.57948901132681 -33.610414728046045 39
      vertex -13.930730025346158 -31.288931924259078 39
    endloop
  endfacet
  facet normal 0 0 1
    outer loop
      vertex -13.57948901132681 -33.610414728046045 39
      vertex -13.382541150757627 -31.527291230746084 39
      vertex -13.930730025346158 -31.288931924259078 39
    endloop
  endfacet
  facet normal 0 0 1
    outer loop
      vertex -18.125 -31.3934208871859 39
      vertex -17.574348733929718 -31.704964383803095 39
      vertex -17.640054065669354 -29.35798004904735 39
    endloop
  endfacet
  facet normal 0 0 1
    outer loop
      vertex -17.018344150988543 -32.00685024113611 39
      vertex -17.125 -29.661370079617022 39
      vertex -17.574348733929718 -31.704964383803095 39
    endloop
  endfacet
  facet normal 0 0 1
    outer loop
      vertex -18.125 -31.3934208871859 39
      vertex -17.640054065669354 -29.35798004904735 39
      vertex -18.149734799987268 -29.04564729335759 39
    endloop
  endfacet
  facet normal 0 0 1
    outer loop
      vertex -17.574348733929718 -31.704964383803095 39
      vertex -17.125 -29.661370079617022 39
      vertex -17.640054065669354 -29.35798004904735 39
    endloop
  endfacet
  facet normal 0 0 1
    outer loop
      vertex -17.018344150988543 -32.00685024113611 39
      vertex -16.457155615558573 -32.29898650182834 39
      vertex -16.604729493437045 -29.955724969524304 39
    endloop
  endfacet
  facet normal 0 0 1
    outer loop
      vertex -16.457155615558573 -32.29898650182834 39
      vertex -15.890954071104058 -32.5812841783448 39
      vertex -16.07940102541676 -30.24095505541825 39
    endloop
  endfacet
  facet normal 0 0 1
    outer loop
      vertex -16.457155615558573 -32.29898650182834 39
      vertex -16.07940102541676 -30.24095505541825 39
      vertex -16.604729493437045 -29.955724969524304 39
    endloop
  endfacet
  facet normal 0 0 1
    outer loop
      vertex -17.018344150988543 -32.00685024113611 39
      vertex -16.604729493437045 -29.955724969524304 39
      vertex -17.125 -29.661370079617022 39
    endloop
  endfacet
  facet normal 0 0 1
    outer loop
      vertex -15.319911988100355 -32.85365728007856 39
      vertex -15.014211777525903 -30.78369608574647 39
      vertex -15.549174616079478 -30.5169734534516 39
    endloop
  endfacet
  facet normal 0 0 1
    outer loop
      vertex -15.890954071104058 -32.5812841783448 39
      vertex -15.549174616079478 -30.5169734534516 39
      vertex -16.07940102541676 -30.24095505541825 39
    endloop
  endfacet
  facet normal 0 0 1
    outer loop
      vertex -14.744203311497758 -33.11602283954428 39
      vertex -14.474675464618956 -31.04104170600526 39
      vertex -15.014211777525903 -30.78369608574647 39
    endloop
  endfacet
  facet normal 0 0 1
    outer loop
      vertex -13.57948901132681 -33.610414728046045 39
      vertex -12.990838171017135 -33.842290460523564 39
      vertex -13.382541150757627 -31.527291230746084 39
    endloop
  endfacet
  facet normal 0 0 1
    outer loop
      vertex -12.398230195555492 -34.06385750348918 39
      vertex -12.830275824494986 -31.75604701891247 39
      vertex -12.990838171017135 -33.842290460523564 39
    endloop
  endfacet
  facet normal 0 0 1
    outer loop
      vertex -12.990838171017135 -33.842290460523564 39
      vertex -12.830275824494986 -31.75604701891247 39
      vertex -13.382541150757627 -31.527291230746084 39
    endloop
  endfacet
  facet normal 0 0 1
    outer loop
      vertex -12.398230195555492 -34.06385750348918 39
      vertex -12.274102271926534 -31.97512960752916 39
      vertex -12.830275824494986 -31.75604701891247 39
    endloop
  endfacet
  facet normal 0 0 1
    outer loop
      vertex -12.398230195555492 -34.06385750348918 39
      vertex -11.80184559907193 -34.275048365475236 39
      vertex -12.274102271926534 -31.97512960752916 39
    endloop
  endfacet
  facet normal 0 0 1
    outer loop
      vertex -11.80184559907193 -34.275048365475236 39
      vertex -11.201866046091842 -34.47579871569931 39
      vertex -11.714189908904153 -32.184472261917364 39
    endloop
  endfacet
  facet normal 0 0 1
    outer loop
      vertex -11.201866046091842 -34.47579871569931 39
      vertex -11.150709290157616 -32.384011214276605 39
      vertex -11.714189908904153 -32.184472261917364 39
    endloop
  endfacet
  facet normal 0 0 1
    outer loop
      vertex -11.80184559907193 -34.275048365475236 39
      vertex -11.714189908904153 -32.184472261917364 39
      vertex -12.274102271926534 -31.97512960752916 39
    endloop
  endfacet
  facet normal 0 0 1
    outer loop
      vertex -10.598474296199209 -34.66604740366004 39
      vertex -9.991854148366219 -34.84573647776406 39
      vertex -10.013730886753734 -32.75343789173397 39
    endloop
  endfacet
  facet normal 0 0 1
    outer loop
      vertex -9.991854148366219 -34.84573647776406 39
      vertex -9.382190384966377 -35.01481120297873 39
      vertex -9.440579436732222 -32.923213085887426 39
    endloop
  endfacet
  facet normal 0 0 1
    outer loop
      vertex -11.201866046091842 -34.47579871569931 39
      vertex -10.598474296199209 -34.66604740366004 39
      vertex -11.150709290157616 -32.384011214276605 39
    endloop
  endfacet
  facet normal 0 0 1
    outer loop
      vertex -10.598474296199209 -34.66604740366004 39
      vertex -10.583832057341949 -32.573685683109005 39
      vertex -11.150709290157616 -32.384011214276605 39
    endloop
  endfacet
  facet normal 0 0 1
    outer loop
      vertex -10.598474296199209 -34.66604740366004 39
      vertex -10.013730886753734 -32.75343789173397 39
      vertex -10.583832057341949 -32.573685683109005 39
    endloop
  endfacet
  facet normal 0 0 1
    outer loop
      vertex -9.991854148366219 -34.84573647776406 39
      vertex -9.440579436732222 -32.923213085887426 39
      vertex -10.013730886753734 -32.75343789173397 39
    endloop
  endfacet
  facet normal 0 0 1
    outer loop
      vertex -9.382190384966377 -35.01481120297873 39
      vertex -8.864552294761335 -33.08295955040059 39
      vertex -9.440579436732222 -32.923213085887426 39
    endloop
  endfacet
  facet normal 0 0 1
    outer loop
      vertex -9.382190384966377 -35.01481120297873 39
      vertex -8.769668715487954 -35.17322007750487 39
      vertex -8.864552294761335 -33.08295955040059 39
    endloop
  endfacet
  facet normal 0 0 1
    outer loop
      vertex -8.769668715487954 -35.17322007750487 39
      vertex -8.154475719965106 -35.320914848464774 39
      vertex -8.28582492428862 -33.23262862495288 39
    endloop
  endfacet
  facet normal 0 0 1
    outer loop
      vertex -8.154475719965106 -35.320914848464774 39
      vertex -7.5367987921437765 -35.45785052660045 39
      vertex -7.704573611277376 -33.37217471889431 39
    endloop
  endfacet
  facet normal 0 0 1
    outer loop
      vertex -7.5367987921437765 -35.45785052660045 39
      vertex -7.120975410508257 -33.50155532513284 39
      vertex -7.704573611277376 -33.37217471889431 39
    endloop
  endfacet
  facet normal 0 0 1
    outer loop
      vertex -7.5367987921437765 -35.45785052660045 39
      vertex -6.916826082399749 -35.58398539997782 39
      vertex -7.120975410508257 -33.50155532513284 39
    endloop
  endfacet
  facet normal 0 0 1
    outer loop
      vertex -6.916826082399749 -35.58398539997782 39
      vertex -6.53520809164666 -33.62073103308249 39
      vertex -7.120975410508257 -33.50155532513284 39
    endloop
  endfacet
  facet normal 0 0 1
    outer loop
      vertex -8.769668715487954 -35.17322007750487 39
      vertex -8.28582492428862 -33.23262862495288 39
      vertex -8.864552294761335 -33.08295955040059 39
    endloop
  endfacet
  facet normal 0 0 1
    outer loop
      vertex -8.154475719965106 -35.320914848464774 39
      vertex -7.704573611277376 -33.37217471889431 39
      vertex -8.28582492428862 -33.23262862495288 39
    endloop
  endfacet
  facet normal 0 0 1
    outer loop
      vertex -6.916826082399749 -35.58398539997782 39
      vertex -6.294746440426224 -35.69928104669254 39
      vertex -6.53520809164666 -33.62073103308249 39
    endloop
  endfacet
  facet normal 0 0 1
    outer loop
      vertex -6.294746440426224 -35.69928104669254 39
      vertex -5.947450085092364 -33.72966554066812 39
      vertex -6.53520809164666 -33.62073103308249 39
    endloop
  endfacet
  facet normal 0 0 1
    outer loop
      vertex -6.294746440426224 -35.69928104669254 39
      vertex -5.670749357708369 -35.80370234657374 39
      vertex -5.947450085092364 -33.72966554066812 39
    endloop
  endfacet
  facet normal 0 0 1
    outer loop
      vertex -5.670749357708369 -35.80370234657374 39
      vertex -5.045024909802372 -35.897217491881925 39
      vertex -5.357880427627907 -33.82832566538347 39
    endloop
  endfacet
  facet normal 0 0 1
    outer loop
      vertex -5.045024909802372 -35.897217491881925 39
      vertex -4.417763698436596 -35.979797996997924 39
      vertex -4.7666787078822415 -33.91668135439878 39
    endloop
  endfacet
  facet normal 0 0 1
    outer loop
      vertex -5.670749357708369 -35.80370234657374 39
      vertex -5.357880427627907 -33.82832566538347 39
      vertex -5.947450085092364 -33.72966554066812 39
    endloop
  endfacet
  facet normal 0 0 1
    outer loop
      vertex -5.045024909802372 -35.897217491881925 39
      vertex -4.7666787078822415 -33.91668135439878 39
      vertex -5.357880427627907 -33.82832566538347 39
    endloop
  endfacet
  facet normal 0 0 1
    outer loop
      vertex -4.417763698436596 -35.979797996997924 39
      vertex -3.789156793452438 -36.051418707099906 39
      vertex -4.174025011626301 -33.994705693715275 39
    endloop
  endfacet
  facet normal 0 0 1
    outer loop
      vertex -3.789156793452438 -36.051418707099906 39
      vertex -3.1593956746026084 -36.11205780582578 39
      vertex -3.5800998669171316 -34.06237491636336 39
    endloop
  endfacet
  facet normal 0 0 1
    outer loop
      vertex -4.417763698436596 -35.979797996997924 39
      vertex -4.174025011626301 -33.994705693715275 39
      vertex -4.7666787078822415 -33.91668135439878 39
    endloop
  endfacet
  facet normal 0 0 1
    outer loop
      vertex -3.789156793452438 -36.051418707099906 39
      vertex -3.5800998669171316 -34.06237491636336 39
      vertex -4.174025011626301 -33.994705693715275 39
    endloop
  endfacet
  facet normal 0 0 1
    outer loop
      vertex -3.1593956746026084 -36.11205780582578 39
      vertex -2.528672173224542 -36.161696821918625 39
      vertex -2.985084189107292 -34.11966840964229 39
    endloop
  endfacet
  facet normal 0 0 1
    outer loop
      vertex -2.528672173224542 -36.161696821918625 39
      vertex -1.897178413806714 -36.2003206348533 39
      vertex -2.3891592257362917 -34.16656872139898 39
    endloop
  endfacet
  facet normal 0 0 1
    outer loop
      vertex -3.1593956746026084 -36.11205780582578 39
      vertex -2.985084189107292 -34.11966840964229 39
      vertex -3.5800998669171316 -34.06237491636336 39
    endloop
  endfacet
  facet normal 0 0 1
    outer loop
      vertex -2.528672173224542 -36.161696821918625 39
      vertex -2.3891592257362917 -34.16656872139898 39
      vertex -2.985084189107292 -34.11966840964229 39
    endloop
  endfacet
  facet normal 0 0 1
    outer loop
      vertex -1.897178413806714 -36.2003206348533 39
      vertex -1.26510675546566 -36.22791747944222 39
      vertex -1.7925065013208263 -34.20306156534416 39
    endloop
  endfacet
  facet normal 0 0 1
    outer loop
      vertex -1.897178413806714 -36.2003206348533 39
      vertex -1.7925065013208263 -34.20306156534416 39
      vertex -2.3891592257362917 -34.16656872139898 39
    endloop
  endfacet
  facet normal 0 0 1
    outer loop
      vertex -1.26510675546566 -36.22791747944222 39
      vertex -1.1953077620606583 -34.22913582540403 39
      vertex -1.7925065013208263 -34.20306156534416 39
    endloop
  endfacet
  facet normal 0 0 1
    outer loop
      vertex -1.26510675546566 -36.22791747944222 39
      vertex -0.6326497333515273 -36.24447894941918 39
      vertex -1.1953077620606583 -34.22913582540403 39
    endloop
  endfacet
  facet normal 0 0 1
    outer loop
      vertex -0.6326497333515273 -36.24447894941918 39
      vertex 0 -36.25 39
      vertex -0.5977449204769603 -34.2447835591064 39
    endloop
  endfacet
  facet normal 0 0 1
    outer loop
      vertex -0.6326497333515273 -36.24447894941918 39
      vertex -0.5977449204769603 -34.2447835591064 39
      vertex -1.1953077620606583 -34.22913582540403 39
    endloop
  endfacet
  facet normal 0 0 1
    outer loop
      vertex 0 -36.25 39
      vertex 0 -34.25 39
      vertex -0.5977449204769603 -34.2447835591064 39
    endloop
  endfacet
  facet normal 0 0 -1
    outer loop
      vertex -29.74546893090264 -0.5192090915091845 0
      vertex -29.75 0 0
      vertex -29.74546893090264 0.5192090915091845 0
    endloop
  endfacet
  facet normal 0 0 -1
    outer loop
      vertex -29.74546893090264 -0.5192090915091845 0
      vertex -29.74546893090264 0.5192090915091845 0
      vertex -29.7318771038181 1.0382600268994038 0
    endloop
  endfacet
  facet normal 0 0 -1
    outer loop
      vertex -29.7318771038181 -1.0382600268994038 0
      vertex -29.7318771038181 1.0382600268994038 0
      vertex -29.70922865894857 1.556994698227579 0
    endloop
  endfacet
  facet normal 0 0 -1
    outer loop
      vertex -29.70922865894857 -1.556994698227579 0
      vertex -29.70922865894857 1.556994698227579 0
      vertex -29.67753049522977 2.0752550938877277 0
    endloop
  endfacet
  facet normal 0 0 -1
    outer loop
      vertex -29.67753049522977 -2.0752550938877277 0
      vertex -29.67753049522977 2.0752550938877277 0
      vertex -29.63679226822943 2.5928833467428305 0
    endloop
  endfacet
  facet normal 0 0 -1
    outer loop
      vertex -29.63679226822943 -2.5928833467428305 0
      vertex -29.63679226822943 2.5928833467428305 0
      vertex -29.58702638720613 3.1097217822126906 0
    endloop
  endfacet
  facet normal 0 0 -1
    outer loop
      vertex -29.58702638720613 -3.1097217822126906 0
      vertex -29.58702638720613 3.1097217822126906 0
      vertex -29.528248011329328 3.6256129663031373 0
    endloop
  endfacet
  facet normal 0 0 -1
    outer loop
      vertex -29.528248011329328 -3.6256129663031373 0
      vertex -29.528248011329328 3.6256129663031373 0
      vertex -29.460475045061717 4.140399753561947 0
    endloop
  endfacet
  facet normal 0 0 -1
    outer loop
      vertex -29.460475045061717 -4.140399753561947 0
      vertex -29.460475045061717 4.140399753561947 0
      vertex -29.38372813270535 4.6539253349468686 0
    endloop
  endfacet
  facet normal 0 0 -1
    outer loop
      vertex -29.38372813270535 -4.6539253349468686 0
      vertex -29.38372813270535 4.6539253349468686 0
      vertex -29.298030652113187 5.166033285591177 0
    endloop
  endfacet
  facet normal 0 0 -1
    outer loop
      vertex -29.298030652113187 -5.166033285591177 0
      vertex -29.298030652113187 5.166033285591177 0
      vertex -29.203408707568002 5.6765676124522075 0
    endloop
  endfacet
  facet normal 0 0 -1
    outer loop
      vertex -29.203408707568002 -5.6765676124522075 0
      vertex -29.203408707568002 5.6765676124522075 0
      vertex -29.09989112183072 6.185372801828341 0
    endloop
  endfacet
  facet normal 0 0 -1
    outer loop
      vertex -29.09989112183072 -6.185372801828341 0
      vertex -29.09989112183072 6.185372801828341 0
      vertex -28.98750942736075 6.692293866729984 0
    endloop
  endfacet
  facet normal 0 0 -1
    outer loop
      vertex -27.3850193902101 -11.624251072555895 0
      vertex -27.177977364867377 12.100415131505056 0
      vertex -27.245849693011664 0.4755780754159757 0
    endloop
  endfacet
  facet normal 0 0 -1
    outer loop
      vertex -28.98750942736075 -6.692293866729984 0
      vertex -28.98750942736075 6.692293866729984 0
      vertex -28.866297856710894 7.197176394090115 0
    endloop
  endfacet
  facet normal 0 0 -1
    outer loop
      vertex -28.866297856710894 -7.197176394090115 0
      vertex -28.866297856710894 7.197176394090115 0
      vertex -28.736293332099784 7.699866591799992 0
    endloop
  endfacet
  facet normal 0 0 -1
    outer loop
      vertex -28.736293332099784 -7.699866591799992 0
      vertex -28.736293332099784 7.699866591799992 0
      vertex -28.597535454164987 8.200211335555725 0
    endloop
  endfacet
  facet normal 0 0 -1
    outer loop
      vertex -28.597535454164987 -8.200211335555725 0
      vertex -28.597535454164987 8.200211335555725 0
      vertex -28.450066489900305 8.698058215501419 0
    endloop
  endfacet
  facet normal 0 0 -1
    outer loop
      vertex -28.450066489900305 -8.698058215501419 0
      vertex -28.450066489900305 8.698058215501419 0
      vertex -28.293931359780817 9.193255582654684 0
    endloop
  endfacet
  facet normal 0 0 -1
    outer loop
      vertex -28.293931359780817 -9.193255582654684 0
      vertex -28.293931359780817 9.193255582654684 0
      vertex -28.129177624079677 9.685652595100413 0
    endloop
  endfacet
  facet normal 0 0 -1
    outer loop
      vertex -28.129177624079677 -9.685652595100413 0
      vertex -28.129177624079677 9.685652595100413 0
      vertex -27.955855468380776 10.175099263938645 0
    endloop
  endfacet
  facet normal 0 0 -1
    outer loop
      vertex -27.955855468380776 -10.175099263938645 0
      vertex -27.955855468380776 10.175099263938645 0
      vertex -27.774017688291753 10.661446498972683 0
    endloop
  endfacet
  facet normal 0 0 -1
    outer loop
      vertex -27.774017688291753 -10.661446498972683 0
      vertex -27.774017688291753 10.661446498972683 0
      vertex -27.583719673361927 11.144546154123383 0
    endloop
  endfacet
  facet normal 0 0 -1
    outer loop
      vertex -27.583719673361927 -11.144546154123383 0
      vertex -27.583719673361927 11.144546154123383 0
      vertex -27.3850193902101 11.624251072555895 0
    endloop
  endfacet
  facet normal 0 0 -1
    outer loop
      vertex -27.3850193902101 -11.624251072555895 0
      vertex -27.3850193902101 11.624251072555895 0
      vertex -27.177977364867377 12.100415131505056 0
    endloop
  endfacet
  facet normal 0 0 -1
    outer loop
      vertex -27.177977364867377 12.100415131505056 0
      vertex -27.23340003627036 0.9510112851431514 0
      vertex -27.245849693011664 0.4755780754159757 0
    endloop
  endfacet
  facet normal 0 0 -1
    outer loop
      vertex -27.177977364867377 12.100415131505056 0
      vertex -27.212654822062138 1.4261548076202195 0
      vertex -27.23340003627036 0.9510112851431514 0
    endloop
  endfacet
  facet normal 0 0 -1
    outer loop
      vertex -27.177977364867377 12.100415131505056 0
      vertex -27.183620369580208 1.9008639095274145 0
      vertex -27.212654822062138 1.4261548076202195 0
    endloop
  endfacet
  facet normal 0 0 -1
    outer loop
      vertex -27.177977364867377 12.100415131505056 0
      vertex -27.146305523000066 2.374993989873685 0
      vertex -27.183620369580208 1.9008639095274145 0
    endloop
  endfacet
  facet normal 0 0 -1
    outer loop
      vertex -27.177977364867377 12.100415131505056 0
      vertex -27.10072164878545 2.848400624043557 0
      vertex -27.146305523000066 2.374993989873685 0
    endloop
  endfacet
  facet normal 0 0 -1
    outer loop
      vertex -27.177977364867377 12.100415131505056 0
      vertex -27.046882632226023 3.320939607790269 0
      vertex -27.10072164878545 2.848400624043557 0
    endloop
  endfacet
  facet normal 0 0 -1
    outer loop
      vertex -26.962656664340336 12.572893286785808 0
      vertex -26.984804873207793 3.7924670011617834 0
      vertex -27.046882632226023 3.320939607790269 0
    endloop
  endfacet
  facet normal 0 0 -1
    outer loop
      vertex -26.962656664340336 12.572893286785808 0
      vertex -26.914507281217503 4.2628391723462915 0
      vertex -26.984804873207793 3.7924670011617834 0
    endloop
  endfacet
  facet normal 0 0 -1
    outer loop
      vertex -26.962656664340336 12.572893286785808 0
      vertex -26.83601126958267 4.731912841423852 0
      vertex -26.914507281217503 4.2628391723462915 0
    endloop
  endfacet
  facet normal 0 0 -1
    outer loop
      vertex -26.73912287740022 13.041541616975055 0
      vertex -26.749340748948843 5.199545124010846 0
      vertex -26.83601126958267 4.731912841423852 0
    endloop
  endfacet
  facet normal 0 0 -1
    outer loop
      vertex -26.73912287740022 13.041541616975055 0
      vertex -26.654522119996205 5.665593574783942 0
      vertex -26.749340748948843 5.199545124010846 0
    endloop
  endfacet
  facet normal 0 0 -1
    outer loop
      vertex -26.507444094603944 13.506217367251518 0
      vertex -26.55158426539766 6.129916230870322 0
      vertex -26.654522119996205 5.665593574783942 0
    endloop
  endfacet
  facet normal 0 0 -1
    outer loop
      vertex -26.507444094603944 13.506217367251518 0
      vertex -26.440558541020906 6.592371655090946 0
      vertex -26.55158426539766 6.129916230870322 0
    endloop
  endfacet
  facet normal 0 0 -1
    outer loop
      vertex -27.177977364867377 12.100415131505056 0
      vertex -26.962656664340336 12.572893286785808 0
      vertex -27.046882632226023 3.320939607790269 0
    endloop
  endfacet
  facet normal 0 0 -1
    outer loop
      vertex -26.962656664340336 12.572893286785808 0
      vertex -26.73912287740022 13.041541616975055 0
      vertex -26.83601126958267 4.731912841423852 0
    endloop
  endfacet
  facet normal 0 0 -1
    outer loop
      vertex -26.267690887553076 13.96677899288025 0
      vertex -26.321478766377112 7.05281897904369 0
      vertex -26.440558541020906 6.592371655090946 0
    endloop
  endfacet
  facet normal 0 0 -1
    outer loop
      vertex -26.267690887553076 13.96677899288025 0
      vertex -26.19438121431919 7.511117946013227 0
      vertex -26.321478766377112 7.05281897904369 0
    endloop
  endfacet
  facet normal 0 0 -1
    outer loop
      vertex -26.019936287397023 14.423086202328527 0
      vertex -26.059304599992714 7.967128953694577 0
      vertex -26.19438121431919 7.511117946013227 0
    endloop
  endfacet
  facet normal 0 0 -1
    outer loop
      vertex -26.73912287740022 13.041541616975055 0
      vertex -26.507444094603944 13.506217367251518 0
      vertex -26.654522119996205 5.665593574783942 0
    endloop
  endfacet
  facet normal 0 0 -1
    outer loop
      vertex -26.019936287397023 14.423086202328527 0
      vertex -25.916290069042933 8.420713096717316 0
      vertex -26.059304599992714 7.967128953694577 0
    endloop
  endfacet
  facet normal 0 0 -1
    outer loop
      vertex -25.764255762587048 14.875 0
      vertex -25.765381185081385 8.87173220895752 0
      vertex -25.916290069042933 8.420713096717316 0
    endloop
  endfacet
  facet normal 0 0 -1
    outer loop
      vertex -25.764255762587048 14.875 0
      vertex -25.606623916416005 9.320048905624473 0
      vertex -25.765381185081385 8.87173220895752 0
    endloop
  endfacet
  facet normal 0 0 -1
    outer loop
      vertex -26.507444094603944 13.506217367251518 0
      vertex -26.267690887553076 13.96677899288025 0
      vertex -26.440558541020906 6.592371655090946 0
    endloop
  endfacet
  facet normal 0 0 -1
    outer loop
      vertex -26.267690887553076 13.96677899288025 0
      vertex -26.019936287397023 14.423086202328527 0
      vertex -26.19438121431919 7.511117946013227 0
    endloop
  endfacet
  facet normal 0 0 -1
    outer loop
      vertex -25.50072719588784 15.32238272857411 0
      vertex -25.440066622048747 9.765526625109432 0
      vertex -25.606623916416005 9.320048905624473 0
    endloop
  endfacet
  facet normal 0 0 -1
    outer loop
      vertex -25.22943086065367 15.765098110937846 0
      vertex -25.265760036944958 10.208029670583603 0
      vertex -25.440066622048747 9.765526625109432 0
    endloop
  endfacet
  facet normal 0 0 -1
    outer loop
      vertex -25.22943086065367 15.765098110937846 0
      vertex -25.083757256579002 10.647423251332711 0
      vertex -25.265760036944958 10.208029670583603 0
    endloop
  endfacet
  facet normal 0 0 -1
    outer loop
      vertex -26.019936287397023 14.423086202328527 0
      vertex -25.764255762587048 14.875 0
      vertex -25.916290069042933 8.420713096717316 0
    endloop
  endfacet
  facet normal 0 0 -1
    outer loop
      vertex -25.764255762587048 14.875 0
      vertex -25.50072719588784 15.32238272857411 0
      vertex -25.606623916416005 9.320048905624473 0
    endloop
  endfacet
  facet normal 0 0 -1
    outer loop
      vertex -24.950449396376367 16.203011291697056 0
      vertex -24.894113720760874 11.083573523815556 0
      vertex -25.083757256579002 10.647423251332711 0
    endloop
  endfacet
  facet normal 0 0 -1
    outer loop
      vertex -24.66386778351249 16.63598887825472 0
      vertex -24.696887196748712 11.51634763243406 0
      vertex -24.894113720760874 11.083573523815556 0
    endloop
  endfacet
  facet normal 0 0 -1
    outer loop
      vertex -24.66386778351249 16.63598887825472 0
      vertex -24.4921377616523 11.94561375000236 0
      vertex -24.696887196748712 11.51634763243406 0
    endloop
  endfacet
  facet normal 0 0 -1
    outer loop
      vertex -25.50072719588784 15.32238272857411 0
      vertex -25.22943086065367 15.765098110937846 0
      vertex -25.440066622048747 9.765526625109432 0
    endloop
  endfacet
  facet normal 0 0 -1
    outer loop
      vertex -25.22943086065367 15.765098110937846 0
      vertex -24.950449396376367 16.203011291697056 0
      vertex -25.083757256579002 10.647423251332711 0
    endloop
  endfacet
  facet normal 0 0 -1
    outer loop
      vertex -24.369773317597506 17.06389898144362 0
      vertex -24.279927784133026 12.37124111790265 0
      vertex -24.4921377616523 11.94561375000236 0
    endloop
  endfacet
  facet normal 0 0 -1
    outer loop
      vertex -24.950449396376367 16.203011291697056 0
      vertex -24.66386778351249 16.63598887825472 0
      vertex -24.894113720760874 11.083573523815556 0
    endloop
  endfacet
  facet normal 0 0 -1
    outer loop
      vertex -24.068255582654686 17.486611255701074 0
      vertex -24.06032190540576 12.793100085915524 0
      vertex -24.279927784133026 12.37124111790265 0
    endloop
  endfacet
  facet normal 0 0 -1
    outer loop
      vertex -24.068255582654686 17.486611255701074 0
      vertex -23.833387019548535 13.211062151712685 0
      vertex -24.06032190540576 12.793100085915524 0
    endloop
  endfacet
  facet normal 0 0 -1
    outer loop
      vertex -24.66386778351249 16.63598887825472 0
      vertex -24.369773317597506 17.06389898144362 0
      vertex -24.4921377616523 11.94561375000236 0
    endloop
  endfacet
  facet normal 0 0 -1
    outer loop
      vertex -24.369773317597506 17.06389898144362 0
      vertex -24.068255582654686 17.486611255701074 0
      vertex -24.279927784133026 12.37124111790265 0
    endloop
  endfacet
  facet normal 0 0 -1
    outer loop
      vertex -23.759406423906963 17.903996938773435 0
      vertex -23.599192253125953 13.625 0
      vertex -23.833387019548535 13.211062151712685 0
    endloop
  endfacet
  facet normal 0 0 -1
    outer loop
      vertex -23.443319919799976 18.315928890938334 0
      vertex -23.35780894413256 14.034787541298975 0
      vertex -23.599192253125953 13.625 0
    endloop
  endfacet
  facet normal 0 0 -1
    outer loop
      vertex -23.120092353344884 18.722281633732663 0
      vertex -23.109310620262608 14.440299950354834 0
      vertex -23.35780894413256 14.034787541298975 0
    endloop
  endfacet
  facet normal 0 0 -1
    outer loop
      vertex -24.068255582654686 17.486611255701074 0
      vertex -23.759406423906963 17.903996938773435 0
      vertex -23.833387019548535 13.211062151712685 0
    endloop
  endfacet
  facet normal 0 0 -1
    outer loop
      vertex -23.759406423906963 17.903996938773435 0
      vertex -23.443319919799976 18.315928890938334 0
      vertex -23.599192253125953 13.625 0
    endloop
  endfacet
  facet normal 0 0 -1
    outer loop
      vertex -23.120092353344884 18.722281633732663 0
      vertex -22.853772976512804 14.841413704159487 0
      vertex -23.109310620262608 14.440299950354834 0
    endloop
  endfacet
  facet normal 0 0 -1
    outer loop
      vertex -22.789822182789596 19.122931388174543 0
      vertex -22.59127385212489 15.238006619577853 0
      vertex -22.853772976512804 14.841413704159487 0
    endloop
  endfacet
  facet normal 0 0 -1
    outer loop
      vertex -23.443319919799976 18.315928890938334 0
      vertex -23.120092353344884 18.722281633732663 0
      vertex -23.35780894413256 14.034787541298975 0
    endloop
  endfacet
  facet normal 0 0 -1
    outer loop
      vertex -23.120092353344884 18.722281633732663 0
      vertex -22.789822182789596 19.122931388174543 0
      vertex -22.853772976512804 14.841413704159487 0
    endloop
  endfacet
  facet normal 0 0 -1
    outer loop
      vertex -22.452610011627467 19.51775611246759 0
      vertex -22.321893206875025 15.629957890566004 0
      vertex -22.59127385212489 15.238006619577853 0
    endloop
  endfacet
  facet normal 0 0 -1
    outer loop
      vertex -22.108558557952477 19.906635539176033 0
      vertex -22.045713096717318 16.017148124969893 0
      vertex -22.321893206875025 15.629957890566004 0
    endloop
  endfacet
  facet normal 0 0 -1
    outer loop
      vertex -22.789822182789596 19.122931388174543 0
      vertex -22.452610011627467 19.51775611246759 0
      vertex -22.59127385212489 15.238006619577853 0
    endloop
  endfacet
  facet normal 0 0 -1
    outer loop
      vertex -21.75777262317032 20.28945121185933 0
      vertex -21.76281764878873 16.399459380893315 0
      vertex -22.045713096717318 16.017148124969893 0
    endloop
  endfacet
  facet normal 0 0 -1
    outer loop
      vertex -21.75777262317032 20.28945121185933 0
      vertex -21.473293035783172 16.77677520262419 0
      vertex -21.76281764878873 16.399459380893315 0
    endloop
  endfacet
  facet normal -0.9863573800218678 0.00860781044989035 -0.1643928966703113
    outer loop
      vertex -29.75 0 0
      vertex -36.24447894941918 0.6326497333515273 39
      vertex -29.74546893090264 0.5192090915091845 0
    endloop
  endfacet
  facet normal -0.9860569260088545 0.025820809327217698 -0.1643928966703113
    outer loop
      vertex -29.74546893090264 0.5192090915091845 0
      vertex -36.24447894941918 0.6326497333515273 39
      vertex -29.7318771038181 1.0382600268994038 0
    endloop
  endfacet
  facet normal -0.9854561095040308 0.04302594293590536 -0.16439289667031118
    outer loop
      vertex -29.7318771038181 1.0382600268994038 0
      vertex -36.22791747944222 1.26510675546566 39
      vertex -29.70922865894857 1.556994698227579 0
    endloop
  endfacet
  facet normal -0.9845551135219252 0.06021797042555726 -0.16439289667031118
    outer loop
      vertex -29.70922865894857 1.556994698227579 0
      vertex -36.2003206348533 1.897178413806714 39
      vertex -29.67753049522977 2.0752550938877277 0
    endloop
  endfacet
  facet normal -0.9833542125146412 0.07739165493807668 -0.1643928966703112
    outer loop
      vertex -29.67753049522977 2.0752550938877277 0
      vertex -36.161696821918625 2.528672173224542 39
      vertex -29.63679226822943 2.5928833467428305 0
    endloop
  endfacet
  facet normal -0.9818537722882578 0.09454176520280572 -0.1643928966703113
    outer loop
      vertex -29.63679226822943 2.5928833467428305 0
      vertex -36.11205780582578 3.1593956746026084 39
      vertex -29.58702638720613 3.1097217822126906 0
    endloop
  endfacet
  facet normal -0.9800542498914057 0.11166307712999146 -0.16439289667031123
    outer loop
      vertex -29.58702638720613 3.1097217822126906 0
      vertex -36.051418707099906 3.789156793452438 39
      vertex -29.528248011329328 3.6256129663031373 0
    endloop
  endfacet
  facet normal -0.9779561934760383 0.12875037540217876 -0.16439289667031137
    outer loop
      vertex -29.528248011329328 3.6256129663031373 0
      vertex -35.979797996997924 4.417763698436596 39
      vertex -29.460475045061717 4.140399753561947 0
    endloop
  endfacet
  facet normal -0.9755602421304633 0.1457984550627893 -0.16439289667031132
    outer loop
      vertex -29.460475045061717 4.140399753561947 0
      vertex -35.897217491881925 5.045024909802372 39
      vertex -29.38372813270535 4.6539253349468686 0
    endloop
  endfacet
  facet normal -0.972867125684668 0.16280212310162445 -0.1643928966703112
    outer loop
      vertex -29.38372813270535 4.6539253349468686 0
      vertex -35.80370234657374 5.670749357708369 39
      vertex -29.298030652113187 5.166033285591177 0
    endloop
  endfacet
  facet normal -0.969877664488019 0.1797562000366329 -0.16439289667031132
    outer loop
      vertex -29.298030652113187 5.166033285591177 0
      vertex -35.69928104669254 6.294746440426224 39
      vertex -29.203408707568002 5.6765676124522075 0
    endloop
  endfacet
  facet normal -0.9665927691593488 0.1966555214917861 -0.16439289667031134
    outer loop
      vertex -29.203408707568002 5.6765676124522075 0
      vertex -35.58398539997782 6.916826082399749 39
      vertex -29.09989112183072 6.185372801828341 0
    endloop
  endfacet
  facet normal -0.9630134403095967 0.21349493977005454 -0.16439289667031118
    outer loop
      vertex -29.09989112183072 6.185372801828341 0
      vertex -35.45785052660045 7.5367987921437765 39
      vertex -28.98750942736075 6.692293866729984 0
    endloop
  endfacet
  facet normal -0.9591407682370063 0.2302693254214937 -0.16439289667031118
    outer loop
      vertex -28.98750942736075 6.692293866729984 0
      vertex -35.320914848464774 8.154475719965106 39
      vertex -28.866297856710894 7.197176394090115 0
    endloop
  endfacet
  facet normal -0.9549759325950088 0.24697356880572774 -0.16439289667031134
    outer loop
      vertex -28.866297856710894 7.197176394090115 0
      vertex -35.17322007750487 8.769668715487954 39
      vertex -28.736293332099784 7.699866591799992 0
    endloop
  endfacet
  facet normal -0.9505202020328782 0.26360258164843653 -0.16439289667031123
    outer loop
      vertex -28.736293332099784 7.699866591799992 0
      vertex -35.01481120297873 9.382190384966377 39
      vertex -28.597535454164987 8.200211335555725 0
    endloop
  endfacet
  facet normal -0.9457749338093152 0.2801512985911893 -0.16439289667031134
    outer loop
      vertex -28.597535454164987 8.200211335555725 0
      vertex -34.84573647776406 9.991854148366219 39
      vertex -28.450066489900305 8.698058215501419 0
    endloop
  endfacet
  facet normal -0.9407415733789858 0.29661467873450686 -0.16439289667031134
    outer loop
      vertex -28.450066489900305 8.698058215501419 0
      vertex -34.66604740366004 10.598474296199209 39
      vertex -28.293931359780817 9.193255582654684 0
    endloop
  endfacet
  facet normal -0.9354216539522408 0.31298770717329893 -0.1643928966703112
    outer loop
      vertex -28.293931359780817 9.193255582654684 0
      vertex -34.47579871569931 11.201866046091842 39
      vertex -28.129177624079677 9.685652595100413 0
    endloop
  endfacet
  facet normal -0.9298167960280617 0.32926539652452735 -0.16439289667031126
    outer loop
      vertex -28.129177624079677 9.685652595100413 0
      vertex -34.275048365475236 11.80184559907193 39
      vertex -27.955855468380776 10.175099263938645 0
    endloop
  endfacet
  facet normal -0.9239287069004795 0.3454427884462957 -0.16439289667031132
    outer loop
      vertex -27.955855468380776 10.175099263938645 0
      vertex -34.06385750348918 12.398230195555492 39
      vertex -27.774017688291753 10.661446498972683 0
    endloop
  endfacet
  facet normal -0.917759180138476 0.36151495514832666 -0.1643928966703113
    outer loop
      vertex -27.774017688291753 10.661446498972683 0
      vertex -33.842290460523564 12.990838171017135 39
      vertex -27.583719673361927 11.144546154123383 0
    endloop
  endfacet
  facet normal -0.9113100950396695 0.3774770008929457 -0.1643928966703113
    outer loop
      vertex -27.583719673361927 11.144546154123383 0
      vertex -33.610414728046045 13.57948901132681 39
      vertex -27.3850193902101 11.624251072555895 0
    endloop
  endfacet
  facet normal -0.9045834160578548 0.39332406348639076 -0.16439289667031132
    outer loop
      vertex -27.3850193902101 11.624251072555895 0
      vertex -33.368300937650964 14.164003407736175 39
      vertex -27.177977364867377 12.100415131505056 0
    endloop
  endfacet
  facet normal -0.8975811922046125 0.4090513157598824 -0.1643928966703112
    outer loop
      vertex -27.177977364867377 12.100415131505056 0
      vertex -33.11602283954428 14.744203311497758 39
      vertex -26.962656664340336 12.572893286785808 0
    endloop
  endfacet
  facet normal -0.8903055564251631 0.4246539670400188 -0.1643928966703112
    outer loop
      vertex -26.962656664340336 12.572893286785808 0
      vertex -32.85365728007856 15.319911988100355 39
      vertex -26.73912287740022 13.041541616975055 0
    endloop
  endfacet
  facet normal -0.8827587249486363 0.4401272646080929 -0.1643928966703112
    outer loop
      vertex -26.73912287740022 13.041541616975055 0
      vertex -32.5812841783448 15.890954071104058 39
      vertex -26.507444094603944 13.506217367251518 0
    endloop
  endfacet
  facet normal -0.8749429966130202 0.4554664951477471 -0.16439289667031137
    outer loop
      vertex -26.507444094603944 13.506217367251518 0
      vertex -32.29898650182834 16.457155615558573 39
      vertex -26.267690887553076 13.96677899288025 0
    endloop
  endfacet
  facet normal -0.8668607521648699 0.47066698618078184 -0.16439289667031143
    outer loop
      vertex -26.267690887553076 13.96677899288025 0
      vertex -32.00685024113611 17.018344150988543 39
      vertex -26.019936287397023 14.423086202328527 0
    endloop
  endfacet
  facet normal -0.8585144535341441 0.4857241074903676 -0.16439289667031126
    outer loop
      vertex -26.019936287397023 14.423086202328527 0
      vertex -31.704964383803095 17.574348733929718 39
      vertex -25.764255762587048 14.875 0
    endloop
  endfacet
  facet normal -0.8499066430842541 0.5006332725314994 -0.16439289667031132
    outer loop
      vertex -25.764255762587048 14.875 0
      vertex -31.3934208871859 18.125 39
      vertex -25.50072719588784 15.32238272857411 0
    endloop
  endfacet
  facet normal -0.8410399428376493 0.5153899398280761 -0.16439289667031132
    outer loop
      vertex -25.50072719588784 15.32238272857411 0
      vertex -31.07231465045157 18.670130215489465 39
      vertex -25.22943086065367 15.765098110937846 0
    endloop
  endfacet
  facet normal -0.8319170536771244 0.5299896143562784 -0.16439289667031132
    outer loop
      vertex -25.22943086065367 15.765098110937846 0
      vertex -30.74174348567044 19.20957332845368 39
      vertex -24.950449396376367 16.203011291697056 0
    endloop
  endfacet
  facet normal -0.8225407545230796 0.5444278489138367 -0.16439289667031123
    outer loop
      vertex -24.950449396376367 16.203011291697056 0
      vertex -30.40180808802162 19.743165019294732 39
      vertex -24.66386778351249 16.63598887825472 0
    endloop
  endfacet
  facet normal -0.8129139014870784 0.5587002454746203 -0.16439289667031134
    outer loop
      vertex -24.66386778351249 16.63598887825472 0
      vertex -30.052612005120263 20.270742750814577 39
      vertex -24.369773317597506 17.06389898144362 0
    endloop
  endfacet
  facet normal 0 0 -1
    outer loop
      vertex -22.452610011627467 19.51775611246759 0
      vertex -22.108558557952477 19.906635539176033 0
      vertex -22.321893206875025 15.629957890566004 0
    endloop
  endfacet
  facet normal 0 0 -1
    outer loop
      vertex -22.108558557952477 19.906635539176033 0
      vertex -21.75777262317032 20.28945121185933 0
      vertex -22.045713096717318 16.017148124969893 0
    endloop
  endfacet
  facet normal 0 0 -1
    outer loop
      vertex -21.75777262317032 20.28945121185933 0
      vertex -21.400359060074873 20.66608652115517 0
      vertex -21.473293035783172 16.77677520262419 0
    endloop
  endfacet
  facet normal 0 0 -1
    outer loop
      vertex -21.400359060074873 20.66608652115517 0
      vertex -21.177227449702457 17.14898065610807 0
      vertex -21.473293035783172 16.77677520262419 0
    endloop
  endfacet
  facet normal 0 0 -1
    outer loop
      vertex -21.03642674029979 21.03642674029979 0
      vertex -20.874711074992153 17.515962363958195 0
      vertex -21.177227449702457 17.14898065610807 0
    endloop
  endfacet
  facet normal 0 0 -1
    outer loop
      vertex -20.66608652115517 21.400359060074873 0
      vertex -20.565836061070538 17.877608539991325 0
      vertex -20.874711074992153 17.515962363958195 0
    endloop
  endfacet
  facet normal 0 0 -1
    outer loop
      vertex -21.400359060074873 20.66608652115517 0
      vertex -21.03642674029979 21.03642674029979 0
      vertex -21.177227449702457 17.14898065610807 0
    endloop
  endfacet
  facet normal 0 0 -1
    outer loop
      vertex -21.03642674029979 21.03642674029979 0
      vertex -20.66608652115517 21.400359060074873 0
      vertex -20.874711074992153 17.515962363958195 0
    endloop
  endfacet
  facet normal 0 0 -1
    outer loop
      vertex -20.66608652115517 21.400359060074873 0
      vertex -20.28945121185933 21.75777262317032 0
      vertex -20.565836061070538 17.877608539991325 0
    endloop
  endfacet
  facet normal 0 0 -1
    outer loop
      vertex -20.28945121185933 21.75777262317032 0
      vertex -20.250696494258992 18.233809023278887 0
      vertex -20.565836061070538 17.877608539991325 0
    endloop
  endfacet
  facet normal 0 0 -1
    outer loop
      vertex -19.906635539176033 22.108558557952477 0
      vertex -19.929388369122396 18.584455311703085 0
      vertex -20.250696494258992 18.233809023278887 0
    endloop
  endfacet
  facet normal 0 0 -1
    outer loop
      vertex -19.906635539176033 22.108558557952477 0
      vertex -19.602009559228247 18.929440595007677 0
      vertex -19.929388369122396 18.584455311703085 0
    endloop
  endfacet
  facet normal 0 0 -1
    outer loop
      vertex -19.51775611246759 22.452610011627467 0
      vertex -19.268659787333423 19.268659787333423 0
      vertex -19.602009559228247 18.929440595007677 0
    endloop
  endfacet
  facet normal 0 0 -1
    outer loop
      vertex -20.28945121185933 21.75777262317032 0
      vertex -19.906635539176033 22.108558557952477 0
      vertex -20.250696494258992 18.233809023278887 0
    endloop
  endfacet
  facet normal 0 0 -1
    outer loop
      vertex -19.906635539176033 22.108558557952477 0
      vertex -19.51775611246759 22.452610011627467 0
      vertex -19.602009559228247 18.929440595007677 0
    endloop
  endfacet
  facet normal 0 0 -1
    outer loop
      vertex -19.51775611246759 22.452610011627467 0
      vertex -19.122931388174543 22.789822182789596 0
      vertex -19.268659787333423 19.268659787333423 0
    endloop
  endfacet
  facet normal 0 0 -1
    outer loop
      vertex -19.122931388174543 22.789822182789596 0
      vertex -18.929440595007677 19.602009559228247 0
      vertex -19.268659787333423 19.268659787333423 0
    endloop
  endfacet
  facet normal 0 0 -1
    outer loop
      vertex -18.722281633732663 23.120092353344884 0
      vertex -18.584455311703085 19.929388369122396 0
      vertex -18.929440595007677 19.602009559228247 0
    endloop
  endfacet
  facet normal 0 0 -1
    outer loop
      vertex -18.315928890938334 23.443319919799976 0
      vertex -18.233809023278887 20.250696494258992 0
      vertex -18.584455311703085 19.929388369122396 0
    endloop
  endfacet
  facet normal 0 0 -1
    outer loop
      vertex -19.122931388174543 22.789822182789596 0
      vertex -18.722281633732663 23.120092353344884 0
      vertex -18.929440595007677 19.602009559228247 0
    endloop
  endfacet
  facet normal 0 0 -1
    outer loop
      vertex -18.722281633732663 23.120092353344884 0
      vertex -18.315928890938334 23.443319919799976 0
      vertex -18.584455311703085 19.929388369122396 0
    endloop
  endfacet
  facet normal 0 0 -1
    outer loop
      vertex -18.315928890938334 23.443319919799976 0
      vertex -17.903996938773435 23.759406423906963 0
      vertex -18.233809023278887 20.250696494258992 0
    endloop
  endfacet
  facet normal -0.8030394270018126 0.5728024565283782 -0.1643928966703112
    outer loop
      vertex -24.369773317597506 17.06389898144362 0
      vertex -29.69426160547595 20.79214581772542 39
      vertex -24.068255582654686 17.486611255701074 0
    endloop
  endfacet
  facet normal -0.7929203389278655 0.5867301864050146 -0.16439289667031126
    outer loop
      vertex -24.068255582654686 17.486611255701074 0
      vertex -29.326866046091844 21.30721539560215 39
      vertex -23.759406423906963 17.903996938773435 0
    endloop
  endfacet
  facet normal -0.7825597196374845 0.6004791925830953 -0.16439289667031126
    outer loop
      vertex -23.759406423906963 17.903996938773435 0
      vertex -28.950537239214366 21.81579458926175 39
      vertex -23.443319919799976 18.315928890938334 0
    endloop
  endfacet
  facet normal -0.7719607250756825 0.6140452869821337 -0.16439289667031134
    outer loop
      vertex -23.443319919799976 18.315928890938334 0
      vertex -28.56538981824367 22.317728480555115 39
      vertex -23.120092353344884 18.722281633732663 0
    endloop
  endfacet
  facet normal -0.7611265837988638 0.6274243372383762 -0.16439289667031123
    outer loop
      vertex -23.120092353344884 18.722281633732663 0
      vertex -28.171541102815194 22.812864175556605 39
      vertex -22.789822182789596 19.122931388174543 0
    endloop
  endfacet
  facet normal -0.7500605959914282 0.6406122679634912 -0.16439289667031132
    outer loop
      vertex -22.789822182789596 19.122931388174543 0
      vertex -27.769111063062955 23.30105085113705 39
      vertex -22.452610011627467 19.51775611246759 0
    endloop
  endfacet
  facet normal -0.7387661324604484 0.6536050619860402 -0.16439289667031126
    outer loop
      vertex -22.452610011627467 19.51775611246759 0
      vertex -27.358222283075484 23.782139800905888 39
      vertex -22.108558557952477 19.906635539176033 0
    endloop
  endfacet
  facet normal -0.7272466336089327 0.6663987615750941 -0.16439289667031132
    outer loop
      vertex -22.108558557952477 19.906635539176033 0
      vertex -26.938999923555542 24.255984480508612 39
      vertex -21.75777262317032 20.28945121185933 0
    endloop
  endfacet
  facet normal -0.7155056083878277 0.6789894696458177 -0.16439289667031126
    outer loop
      vertex -21.75777262317032 20.28945121185933 0
      vertex -26.51157168369493 24.72244055226557 39
      vertex -21.400359060074873 20.66608652115517 0
    endloop
  endfacet
  facet normal -0.7035466332271492 0.6913733509465688 -0.1643928966703113
    outer loop
      vertex -21.400359060074873 20.66608652115517 0
      vertex -26.076067762276107 25.18136592913865 39
      vertex -21.03642674029979 21.03642674029979 0
    endloop
  endfacet
  facet normal -0.6913733509465688 0.7035466332271492 -0.1643928966703113
    outer loop
      vertex -21.03642674029979 21.03642674029979 0
      vertex -25.18136592913865 26.076067762276107 39
      vertex -20.66608652115517 21.400359060074873 0
    endloop
  endfacet
  facet normal -0.6789894696458177 0.7155056083878277 -0.16439289667031126
    outer loop
      vertex -20.66608652115517 21.400359060074873 0
      vertex -24.72244055226557 26.51157168369493 39
      vertex -20.28945121185933 21.75777262317032 0
    endloop
  endfacet
  facet normal -0.6663987615750941 0.7272466336089327 -0.16439289667031132
    outer loop
      vertex -20.28945121185933 21.75777262317032 0
      vertex -24.255984480508612 26.938999923555542 39
      vertex -19.906635539176033 22.108558557952477 0
    endloop
  endfacet
  facet normal -0.6536050619860402 0.7387661324604484 -0.16439289667031126
    outer loop
      vertex -19.906635539176033 22.108558557952477 0
      vertex -23.782139800905888 27.358222283075484 39
      vertex -19.51775611246759 22.452610011627467 0
    endloop
  endfacet
  facet normal -0.6406122679634912 0.7500605959914282 -0.1643928966703113
    outer loop
      vertex -19.51775611246759 22.452610011627467 0
      vertex -23.30105085113705 27.769111063062955 39
      vertex -19.122931388174543 22.789822182789596 0
    endloop
  endfacet
  facet normal -0.6274243372383762 0.7611265837988638 -0.16439289667031123
    outer loop
      vertex -19.122931388174543 22.789822182789596 0
      vertex -22.812864175556605 28.171541102815194 39
      vertex -18.722281633732663 23.120092353344884 0
    endloop
  endfacet
  facet normal -0.6140452869821337 0.7719607250756825 -0.16439289667031132
    outer loop
      vertex -18.722281633732663 23.120092353344884 0
      vertex -22.317728480555115 28.56538981824367 39
      vertex -18.315928890938334 23.443319919799976 0
    endloop
  endfacet
  facet normal -0.6004791925830953 0.7825597196374845 -0.16439289667031126
    outer loop
      vertex -18.315928890938334 23.443319919799976 0
      vertex -21.81579458926175 28.950537239214366 39
      vertex -17.903996938773435 23.759406423906963 0
    endloop
  endfacet
  facet normal -0.5867301864050146 0.7929203389278655 -0.16439289667031126
    outer loop
      vertex -17.903996938773435 23.759406423906963 0
      vertex -21.30721539560215 29.326866046091844 39
      vertex -17.486611255701074 24.068255582654686 0
    endloop
  endfacet
  facet normal -0.5728024565283782 0.8030394270018126 -0.1643928966703112
    outer loop
      vertex -17.486611255701074 24.068255582654686 0
      vertex -20.79214581772542 29.69426160547595 39
      vertex -17.06389898144362 24.369773317597506 0
    endloop
  endfacet
  facet normal 0 0 -1
    outer loop
      vertex -17.903996938773435 23.759406423906963 0
      vertex -17.877608539991325 20.565836061070538 0
      vertex -18.233809023278887 20.250696494258992 0
    endloop
  endfacet
  facet normal 0 0 -1
    outer loop
      vertex -17.903996938773435 23.759406423906963 0
      vertex -17.515962363958195 20.874711074992153 0
      vertex -17.877608539991325 20.565836061070538 0
    endloop
  endfacet
  facet normal 0 0 -1
    outer loop
      vertex -17.486611255701074 24.068255582654686 0
      vertex -17.14898065610807 21.177227449702457 0
      vertex -17.515962363958195 20.874711074992153 0
    endloop
  endfacet
  facet normal 0 0 -1
    outer loop
      vertex -17.06389898144362 24.369773317597506 0
      vertex -16.77677520262419 21.473293035783172 0
      vertex -17.14898065610807 21.177227449702457 0
    endloop
  endfacet
  facet normal 0 0 -1
    outer loop
      vertex -16.63598887825472 24.66386778351249 0
      vertex -16.399459380893315 21.76281764878873 0
      vertex -16.77677520262419 21.473293035783172 0
    endloop
  endfacet
  facet normal 0 0 -1
    outer loop
      vertex -17.903996938773435 23.759406423906963 0
      vertex -17.486611255701074 24.068255582654686 0
      vertex -17.515962363958195 20.874711074992153 0
    endloop
  endfacet
  facet normal 0 0 -1
    outer loop
      vertex -17.486611255701074 24.068255582654686 0
      vertex -17.06389898144362 24.369773317597506 0
      vertex -17.14898065610807 21.177227449702457 0
    endloop
  endfacet
  facet normal 0 0 -1
    outer loop
      vertex -17.06389898144362 24.369773317597506 0
      vertex -16.63598887825472 24.66386778351249 0
      vertex -16.77677520262419 21.473293035783172 0
    endloop
  endfacet
  facet normal 0 0 -1
    outer loop
      vertex -16.203011291697056 24.950449396376367 0
      vertex -16.017148124969893 22.045713096717318 0
      vertex -16.399459380893315 21.76281764878873 0
    endloop
  endfacet
  facet normal 0 0 -1
    outer loop
      vertex -16.63598887825472 24.66386778351249 0
      vertex -16.203011291697056 24.950449396376367 0
      vertex -16.399459380893315 21.76281764878873 0
    endloop
  endfacet
  facet normal 0 0 -1
    outer loop
      vertex -16.203011291697056 24.950449396376367 0
      vertex -15.765098110937846 25.22943086065367 0
      vertex -16.017148124969893 22.045713096717318 0
    endloop
  endfacet
  facet normal 0 0 -1
    outer loop
      vertex -15.765098110937846 25.22943086065367 0
      vertex -15.629957890566004 22.321893206875025 0
      vertex -16.017148124969893 22.045713096717318 0
    endloop
  endfacet
  facet normal 0 0 -1
    outer loop
      vertex -15.32238272857411 25.50072719588784 0
      vertex -15.238006619577853 22.59127385212489 0
      vertex -15.629957890566004 22.321893206875025 0
    endloop
  endfacet
  facet normal 0 0 -1
    outer loop
      vertex -14.875 25.764255762587048 0
      vertex -14.841413704159487 22.853772976512804 0
      vertex -15.238006619577853 22.59127385212489 0
    endloop
  endfacet
  facet normal 0 0 -1
    outer loop
      vertex -15.765098110937846 25.22943086065367 0
      vertex -15.32238272857411 25.50072719588784 0
      vertex -15.629957890566004 22.321893206875025 0
    endloop
  endfacet
  facet normal 0 0 -1
    outer loop
      vertex -15.32238272857411 25.50072719588784 0
      vertex -14.875 25.764255762587048 0
      vertex -15.238006619577853 22.59127385212489 0
    endloop
  endfacet
  facet normal 0 0 -1
    outer loop
      vertex -14.423086202328527 26.019936287397023 0
      vertex -14.440299950354834 23.109310620262608 0
      vertex -14.841413704159487 22.853772976512804 0
    endloop
  endfacet
  facet normal 0 0 -1
    outer loop
      vertex -14.423086202328527 26.019936287397023 0
      vertex -14.034787541298975 23.35780894413256 0
      vertex -14.440299950354834 23.109310620262608 0
    endloop
  endfacet
  facet normal 0 0 -1
    outer loop
      vertex -14.875 25.764255762587048 0
      vertex -14.423086202328527 26.019936287397023 0
      vertex -14.841413704159487 22.853772976512804 0
    endloop
  endfacet
  facet normal 0 0 -1
    outer loop
      vertex -13.96677899288025 26.267690887553076 0
      vertex -13.625 23.599192253125953 0
      vertex -14.034787541298975 23.35780894413256 0
    endloop
  endfacet
  facet normal 0 0 -1
    outer loop
      vertex -14.423086202328527 26.019936287397023 0
      vertex -13.96677899288025 26.267690887553076 0
      vertex -14.034787541298975 23.35780894413256 0
    endloop
  endfacet
  facet normal 0 0 -1
    outer loop
      vertex -13.96677899288025 26.267690887553076 0
      vertex -13.506217367251518 26.507444094603944 0
      vertex -13.625 23.599192253125953 0
    endloop
  endfacet
  facet normal 0 0 -1
    outer loop
      vertex -13.506217367251518 26.507444094603944 0
      vertex -13.211062151712685 23.833387019548535 0
      vertex -13.625 23.599192253125953 0
    endloop
  endfacet
  facet normal 0 0 -1
    outer loop
      vertex -13.041541616975055 26.73912287740022 0
      vertex -12.793100085915524 24.06032190540576 0
      vertex -13.211062151712685 23.833387019548535 0
    endloop
  endfacet
  facet normal 0 0 -1
    outer loop
      vertex -13.506217367251518 26.507444094603944 0
      vertex -13.041541616975055 26.73912287740022 0
      vertex -13.211062151712685 23.833387019548535 0
    endloop
  endfacet
  facet normal 0 0 -1
    outer loop
      vertex -12.572893286785808 26.962656664340336 0
      vertex -12.37124111790265 24.279927784133026 0
      vertex -12.793100085915524 24.06032190540576 0
    endloop
  endfacet
  facet normal 0 0 -1
    outer loop
      vertex -13.041541616975055 26.73912287740022 0
      vertex -12.572893286785808 26.962656664340336 0
      vertex -12.793100085915524 24.06032190540576 0
    endloop
  endfacet
  facet normal 0 0 -1
    outer loop
      vertex -12.100415131505056 27.177977364867377 0
      vertex -11.94561375000236 24.4921377616523 0
      vertex -12.37124111790265 24.279927784133026 0
    endloop
  endfacet
  facet normal 0 0 -1
    outer loop
      vertex -11.624251072555895 27.3850193902101 0
      vertex -11.51634763243406 24.696887196748712 0
      vertex -11.94561375000236 24.4921377616523 0
    endloop
  endfacet
  facet normal 0 0 -1
    outer loop
      vertex -12.572893286785808 26.962656664340336 0
      vertex -12.100415131505056 27.177977364867377 0
      vertex -12.37124111790265 24.279927784133026 0
    endloop
  endfacet
  facet normal 0 0 -1
    outer loop
      vertex -12.100415131505056 27.177977364867377 0
      vertex -11.624251072555895 27.3850193902101 0
      vertex -11.94561375000236 24.4921377616523 0
    endloop
  endfacet
  facet normal 0 0 -1
    outer loop
      vertex -11.624251072555895 27.3850193902101 0
      vertex -11.144546154123383 27.583719673361927 0
      vertex -11.51634763243406 24.696887196748712 0
    endloop
  endfacet
  facet normal 0 0 -1
    outer loop
      vertex -11.144546154123383 27.583719673361927 0
      vertex -11.083573523815556 24.894113720760874 0
      vertex -11.51634763243406 24.696887196748712 0
    endloop
  endfacet
  facet normal 0 0 -1
    outer loop
      vertex -10.661446498972683 27.774017688291753 0
      vertex -10.647423251332711 25.083757256579002 0
      vertex -11.083573523815556 24.894113720760874 0
    endloop
  endfacet
  facet normal 0 0 -1
    outer loop
      vertex -10.661446498972683 27.774017688291753 0
      vertex -10.208029670583603 25.265760036944958 0
      vertex -10.647423251332711 25.083757256579002 0
    endloop
  endfacet
  facet normal 0 0 -1
    outer loop
      vertex -11.144546154123383 27.583719673361927 0
      vertex -10.661446498972683 27.774017688291753 0
      vertex -11.083573523815556 24.894113720760874 0
    endloop
  endfacet
  facet normal 0 0 -1
    outer loop
      vertex -10.661446498972683 27.774017688291753 0
      vertex -10.175099263938645 27.955855468380776 0
      vertex -10.208029670583603 25.265760036944958 0
    endloop
  endfacet
  facet normal 0 0 -1
    outer loop
      vertex -10.175099263938645 27.955855468380776 0
      vertex -9.765526625109432 25.440066622048747 0
      vertex -10.208029670583603 25.265760036944958 0
    endloop
  endfacet
  facet normal 0 0 -1
    outer loop
      vertex -10.175099263938645 27.955855468380776 0
      vertex -9.685652595100413 28.129177624079677 0
      vertex -9.765526625109432 25.440066622048747 0
    endloop
  endfacet
  facet normal 0 0 -1
    outer loop
      vertex -9.685652595100413 28.129177624079677 0
      vertex -9.320048905624473 25.606623916416005 0
      vertex -9.765526625109432 25.440066622048747 0
    endloop
  endfacet
  facet normal 0 0 -1
    outer loop
      vertex -9.193255582654684 28.293931359780817 0
      vertex -8.87173220895752 25.765381185081385 0
      vertex -9.320048905624473 25.606623916416005 0
    endloop
  endfacet
  facet normal 0 0 -1
    outer loop
      vertex -9.685652595100413 28.129177624079677 0
      vertex -9.193255582654684 28.293931359780817 0
      vertex -9.320048905624473 25.606623916416005 0
    endloop
  endfacet
  facet normal 0 0 -1
    outer loop
      vertex -8.698058215501419 28.450066489900305 0
      vertex -8.420713096717316 25.916290069042933 0
      vertex -8.87173220895752 25.765381185081385 0
    endloop
  endfacet
  facet normal 0 0 -1
    outer loop
      vertex -8.200211335555725 28.597535454164987 0
      vertex -7.967128953694577 26.059304599992714 0
      vertex -8.420713096717316 25.916290069042933 0
    endloop
  endfacet
  facet normal 0 0 -1
    outer loop
      vertex -7.699866591799992 28.736293332099784 0
      vertex -7.511117946013227 26.19438121431919 0
      vertex -7.967128953694577 26.059304599992714 0
    endloop
  endfacet
  facet normal 0 0 -1
    outer loop
      vertex -7.197176394090115 28.866297856710894 0
      vertex -7.05281897904369 26.321478766377112 0
      vertex -7.511117946013227 26.19438121431919 0
    endloop
  endfacet
  facet normal 0 0 -1
    outer loop
      vertex -9.193255582654684 28.293931359780817 0
      vertex -8.698058215501419 28.450066489900305 0
      vertex -8.87173220895752 25.765381185081385 0
    endloop
  endfacet
  facet normal 0 0 -1
    outer loop
      vertex -8.698058215501419 28.450066489900305 0
      vertex -8.200211335555725 28.597535454164987 0
      vertex -8.420713096717316 25.916290069042933 0
    endloop
  endfacet
  facet normal 0 0 -1
    outer loop
      vertex -8.200211335555725 28.597535454164987 0
      vertex -7.699866591799992 28.736293332099784 0
      vertex -7.967128953694577 26.059304599992714 0
    endloop
  endfacet
  facet normal 0 0 -1
    outer loop
      vertex -7.699866591799992 28.736293332099784 0
      vertex -7.197176394090115 28.866297856710894 0
      vertex -7.511117946013227 26.19438121431919 0
    endloop
  endfacet
  facet normal 0 0 -1
    outer loop
      vertex -7.197176394090115 28.866297856710894 0
      vertex -6.692293866729984 28.98750942736075 0
      vertex -7.05281897904369 26.321478766377112 0
    endloop
  endfacet
  facet normal 0 0 -1
    outer loop
      vertex -6.692293866729984 28.98750942736075 0
      vertex -6.592371655090946 26.440558541020906 0
      vertex -7.05281897904369 26.321478766377112 0
    endloop
  endfacet
  facet normal 0 0 -1
    outer loop
      vertex -6.185372801828341 29.09989112183072 0
      vertex -6.129916230870322 26.55158426539766 0
      vertex -6.592371655090946 26.440558541020906 0
    endloop
  endfacet
  facet normal 0 0 -1
    outer loop
      vertex -6.692293866729984 28.98750942736075 0
      vertex -6.185372801828341 29.09989112183072 0
      vertex -6.592371655090946 26.440558541020906 0
    endloop
  endfacet
  facet normal 0 0 -1
    outer loop
      vertex -5.6765676124522075 29.203408707568002 0
      vertex -5.665593574783942 26.654522119996205 0
      vertex -6.129916230870322 26.55158426539766 0
    endloop
  endfacet
  facet normal 0 0 -1
    outer loop
      vertex -6.185372801828341 29.09989112183072 0
      vertex -5.6765676124522075 29.203408707568002 0
      vertex -6.129916230870322 26.55158426539766 0
    endloop
  endfacet
  facet normal 0 0 -1
    outer loop
      vertex -5.6765676124522075 29.203408707568002 0
      vertex -5.199545124010846 26.749340748948843 0
      vertex -5.665593574783942 26.654522119996205 0
    endloop
  endfacet
  facet normal 0 0 -1
    outer loop
      vertex -5.166033285591177 29.298030652113187 0
      vertex -4.731912841423852 26.83601126958267 0
      vertex -5.199545124010846 26.749340748948843 0
    endloop
  endfacet
  facet normal 0 0 -1
    outer loop
      vertex -4.6539253349468686 29.38372813270535 0
      vertex -4.2628391723462915 26.914507281217503 0
      vertex -4.731912841423852 26.83601126958267 0
    endloop
  endfacet
  facet normal 0 0 -1
    outer loop
      vertex -5.6765676124522075 29.203408707568002 0
      vertex -5.166033285591177 29.298030652113187 0
      vertex -5.199545124010846 26.749340748948843 0
    endloop
  endfacet
  facet normal 0 0 -1
    outer loop
      vertex -5.166033285591177 29.298030652113187 0
      vertex -4.6539253349468686 29.38372813270535 0
      vertex -4.731912841423852 26.83601126958267 0
    endloop
  endfacet
  facet normal 0 0 -1
    outer loop
      vertex -4.140399753561947 29.460475045061717 0
      vertex -3.7924670011617834 26.984804873207793 0
      vertex -4.2628391723462915 26.914507281217503 0
    endloop
  endfacet
  facet normal 0 0 -1
    outer loop
      vertex -3.6256129663031373 29.528248011329328 0
      vertex -3.320939607790269 27.046882632226023 0
      vertex -3.7924670011617834 26.984804873207793 0
    endloop
  endfacet
  facet normal 0 0 -1
    outer loop
      vertex -4.6539253349468686 29.38372813270535 0
      vertex -4.140399753561947 29.460475045061717 0
      vertex -4.2628391723462915 26.914507281217503 0
    endloop
  endfacet
  facet normal 0 0 -1
    outer loop
      vertex -4.140399753561947 29.460475045061717 0
      vertex -3.6256129663031373 29.528248011329328 0
      vertex -3.7924670011617834 26.984804873207793 0
    endloop
  endfacet
  facet normal 0 0 -1
    outer loop
      vertex -3.1097217822126906 29.58702638720613 0
      vertex -2.848400624043557 27.10072164878545 0
      vertex -3.320939607790269 27.046882632226023 0
    endloop
  endfacet
  facet normal 0 0 -1
    outer loop
      vertex -2.5928833467428305 29.63679226822943 0
      vertex -2.374993989873685 27.146305523000066 0
      vertex -2.848400624043557 27.10072164878545 0
    endloop
  endfacet
  facet normal 0 0 -1
    outer loop
      vertex -3.6256129663031373 29.528248011329328 0
      vertex -3.1097217822126906 29.58702638720613 0
      vertex -3.320939607790269 27.046882632226023 0
    endloop
  endfacet
  facet normal 0 0 -1
    outer loop
      vertex -3.1097217822126906 29.58702638720613 0
      vertex -2.5928833467428305 29.63679226822943 0
      vertex -2.848400624043557 27.10072164878545 0
    endloop
  endfacet
  facet normal 0 0 -1
    outer loop
      vertex -2.5928833467428305 29.63679226822943 0
      vertex -2.0752550938877277 29.67753049522977 0
      vertex -2.374993989873685 27.146305523000066 0
    endloop
  endfacet
  facet normal 0 0 -1
    outer loop
      vertex -2.0752550938877277 29.67753049522977 0
      vertex -1.9008639095274145 27.183620369580208 0
      vertex -2.374993989873685 27.146305523000066 0
    endloop
  endfacet
  facet normal 0 0 -1
    outer loop
      vertex -1.556994698227579 29.70922865894857 0
      vertex -1.4261548076202195 27.212654822062138 0
      vertex -1.9008639095274145 27.183620369580208 0
    endloop
  endfacet
  facet normal 0 0 -1
    outer loop
      vertex -1.0382600268994038 29.7318771038181 0
      vertex -0.9510112851431514 27.23340003627036 0
      vertex -1.4261548076202195 27.212654822062138 0
    endloop
  endfacet
  facet normal 0 0 -1
    outer loop
      vertex -2.0752550938877277 29.67753049522977 0
      vertex -1.556994698227579 29.70922865894857 0
      vertex -1.9008639095274145 27.183620369580208 0
    endloop
  endfacet
  facet normal 0 0 -1
    outer loop
      vertex -1.556994698227579 29.70922865894857 0
      vertex -1.0382600268994038 29.7318771038181 0
      vertex -1.4261548076202195 27.212654822062138 0
    endloop
  endfacet
  facet normal 0 0 -1
    outer loop
      vertex -0.5192090915091845 29.74546893090264 0
      vertex -0.4755780754159757 27.245849693011664 0
      vertex -0.9510112851431514 27.23340003627036 0
    endloop
  endfacet
  facet normal 0 0 -1
    outer loop
      vertex 0 29.75 0
      vertex 0 27.25 0
      vertex -0.4755780754159757 27.245849693011664 0
    endloop
  endfacet
  facet normal 0 0 -1
    outer loop
      vertex -1.0382600268994038 29.7318771038181 0
      vertex -0.5192090915091845 29.74546893090264 0
      vertex -0.9510112851431514 27.23340003627036 0
    endloop
  endfacet
  facet normal 0 0 -1
    outer loop
      vertex -0.5192090915091845 29.74546893090264 0
      vertex 0 29.75 0
      vertex -0.4755780754159757 27.245849693011664 0
    endloop
  endfacet
  facet normal -0.5587002454746203 0.8129139014870784 -0.16439289667031134
    outer loop
      vertex -17.06389898144362 24.369773317597506 0
      vertex -20.270742750814577 30.052612005120263 39
      vertex -16.63598887825472 24.66386778351249 0
    endloop
  endfacet
  facet normal -0.5444278489138367 0.8225407545230796 -0.16439289667031123
    outer loop
      vertex -16.63598887825472 24.66386778351249 0
      vertex -19.743165019294732 30.40180808802162 39
      vertex -16.203011291697056 24.950449396376367 0
    endloop
  endfacet
  facet normal -0.5299896143562784 0.8319170536771244 -0.16439289667031132
    outer loop
      vertex -16.203011291697056 24.950449396376367 0
      vertex -19.20957332845368 30.74174348567044 39
      vertex -15.765098110937846 25.22943086065367 0
    endloop
  endfacet
  facet normal -0.5153899398280761 0.8410399428376493 -0.16439289667031132
    outer loop
      vertex -15.765098110937846 25.22943086065367 0
      vertex -18.670130215489465 31.07231465045157 39
      vertex -15.32238272857411 25.50072719588784 0
    endloop
  endfacet
  facet normal -0.5006332725314994 0.8499066430842541 -0.16439289667031132
    outer loop
      vertex -15.32238272857411 25.50072719588784 0
      vertex -18.125 31.3934208871859 39
      vertex -14.875 25.764255762587048 0
    endloop
  endfacet
  facet normal -0.4857241074903676 0.8585144535341441 -0.16439289667031126
    outer loop
      vertex -14.875 25.764255762587048 0
      vertex -17.574348733929718 31.704964383803095 39
      vertex -14.423086202328527 26.019936287397023 0
    endloop
  endfacet
  facet normal -0.47066698618078184 0.8668607521648699 -0.16439289667031143
    outer loop
      vertex -14.423086202328527 26.019936287397023 0
      vertex -17.018344150988543 32.00685024113611 39
      vertex -13.96677899288025 26.267690887553076 0
    endloop
  endfacet
  facet normal -0.4554664951477471 0.8749429966130202 -0.16439289667031137
    outer loop
      vertex -13.96677899288025 26.267690887553076 0
      vertex -16.457155615558573 32.29898650182834 39
      vertex -13.506217367251518 26.507444094603944 0
    endloop
  endfacet
  facet normal -0.4401272646080929 0.8827587249486363 -0.16439289667031118
    outer loop
      vertex -13.506217367251518 26.507444094603944 0
      vertex -15.890954071104058 32.5812841783448 39
      vertex -13.041541616975055 26.73912287740022 0
    endloop
  endfacet
  facet normal -0.4246539670400188 0.8903055564251631 -0.16439289667031123
    outer loop
      vertex -13.041541616975055 26.73912287740022 0
      vertex -15.319911988100355 32.85365728007856 39
      vertex -12.572893286785808 26.962656664340336 0
    endloop
  endfacet
  facet normal -0.4090513157598824 0.8975811922046125 -0.1643928966703112
    outer loop
      vertex -12.572893286785808 26.962656664340336 0
      vertex -14.744203311497758 33.11602283954428 39
      vertex -12.100415131505056 27.177977364867377 0
    endloop
  endfacet
  facet normal -0.39332406348639076 0.9045834160578548 -0.16439289667031132
    outer loop
      vertex -12.100415131505056 27.177977364867377 0
      vertex -14.164003407736175 33.368300937650964 39
      vertex -11.624251072555895 27.3850193902101 0
    endloop
  endfacet
  facet normal -0.3774770008929457 0.9113100950396695 -0.1643928966703113
    outer loop
      vertex -11.624251072555895 27.3850193902101 0
      vertex -13.57948901132681 33.610414728046045 39
      vertex -11.144546154123383 27.583719673361927 0
    endloop
  endfacet
  facet normal -0.36151495514832666 0.917759180138476 -0.1643928966703113
    outer loop
      vertex -11.144546154123383 27.583719673361927 0
      vertex -12.990838171017135 33.842290460523564 39
      vertex -10.661446498972683 27.774017688291753 0
    endloop
  endfacet
  facet normal -0.3454427884462957 0.9239287069004795 -0.16439289667031132
    outer loop
      vertex -10.661446498972683 27.774017688291753 0
      vertex -12.398230195555492 34.06385750348918 39
      vertex -10.175099263938645 27.955855468380776 0
    endloop
  endfacet
  facet normal -0.32926539652452735 0.9298167960280617 -0.16439289667031126
    outer loop
      vertex -10.175099263938645 27.955855468380776 0
      vertex -11.80184559907193 34.275048365475236 39
      vertex -9.685652595100413 28.129177624079677 0
    endloop
  endfacet
  facet normal -0.31298770717329893 0.9354216539522408 -0.1643928966703112
    outer loop
      vertex -9.685652595100413 28.129177624079677 0
      vertex -11.201866046091842 34.47579871569931 39
      vertex -9.193255582654684 28.293931359780817 0
    endloop
  endfacet
  facet normal -0.29661467873450686 0.9407415733789858 -0.16439289667031134
    outer loop
      vertex -9.193255582654684 28.293931359780817 0
      vertex -10.598474296199209 34.66604740366004 39
      vertex -8.698058215501419 28.450066489900305 0
    endloop
  endfacet
  facet normal -0.2801512985911893 0.9457749338093152 -0.16439289667031137
    outer loop
      vertex -8.698058215501419 28.450066489900305 0
      vertex -9.991854148366219 34.84573647776406 39
      vertex -8.200211335555725 28.597535454164987 0
    endloop
  endfacet
  facet normal -0.26360258164843653 0.9505202020328782 -0.16439289667031123
    outer loop
      vertex -8.200211335555725 28.597535454164987 0
      vertex -9.382190384966377 35.01481120297873 39
      vertex -7.699866591799992 28.736293332099784 0
    endloop
  endfacet
  facet normal -0.24697356880572774 0.9549759325950088 -0.16439289667031134
    outer loop
      vertex -7.699866591799992 28.736293332099784 0
      vertex -8.769668715487954 35.17322007750487 39
      vertex -7.197176394090115 28.866297856710894 0
    endloop
  endfacet
  facet normal -0.2302693254214937 0.9591407682370063 -0.16439289667031118
    outer loop
      vertex -7.197176394090115 28.866297856710894 0
      vertex -8.154475719965106 35.320914848464774 39
      vertex -6.692293866729984 28.98750942736075 0
    endloop
  endfacet
  facet normal -0.21349493977005454 0.9630134403095967 -0.16439289667031118
    outer loop
      vertex -6.692293866729984 28.98750942736075 0
      vertex -7.5367987921437765 35.45785052660045 39
      vertex -6.185372801828341 29.09989112183072 0
    endloop
  endfacet
  facet normal -0.19665552149178606 0.9665927691593487 -0.16439289667031134
    outer loop
      vertex -6.185372801828341 29.09989112183072 0
      vertex -6.916826082399749 35.58398539997782 39
      vertex -5.6765676124522075 29.203408707568002 0
    endloop
  endfacet
  facet normal -0.1797562000366329 0.969877664488019 -0.16439289667031132
    outer loop
      vertex -5.6765676124522075 29.203408707568002 0
      vertex -6.294746440426224 35.69928104669254 39
      vertex -5.166033285591177 29.298030652113187 0
    endloop
  endfacet
  facet normal -0.16280212310162445 0.972867125684668 -0.1643928966703112
    outer loop
      vertex -5.166033285591177 29.298030652113187 0
      vertex -5.670749357708369 35.80370234657374 39
      vertex -4.6539253349468686 29.38372813270535 0
    endloop
  endfacet
  facet normal -0.1457984550627893 0.9755602421304633 -0.16439289667031132
    outer loop
      vertex -4.6539253349468686 29.38372813270535 0
      vertex -5.045024909802372 35.897217491881925 39
      vertex -4.140399753561947 29.460475045061717 0
    endloop
  endfacet
  facet normal -0.12875037540217876 0.9779561934760383 -0.16439289667031134
    outer loop
      vertex -4.140399753561947 29.460475045061717 0
      vertex -4.417763698436596 35.979797996997924 39
      vertex -3.6256129663031373 29.528248011329328 0
    endloop
  endfacet
  facet normal -0.11166307712999146 0.9800542498914057 -0.16439289667031123
    outer loop
      vertex -3.6256129663031373 29.528248011329328 0
      vertex -3.789156793452438 36.051418707099906 39
      vertex -3.1097217822126906 29.58702638720613 0
    endloop
  endfacet
  facet normal -0.09454176520280572 0.9818537722882578 -0.1643928966703113
    outer loop
      vertex -3.1097217822126906 29.58702638720613 0
      vertex -3.1593956746026084 36.11205780582578 39
      vertex -2.5928833467428305 29.63679226822943 0
    endloop
  endfacet
  facet normal -0.07739165493807668 0.9833542125146412 -0.1643928966703112
    outer loop
      vertex -2.5928833467428305 29.63679226822943 0
      vertex -2.528672173224542 36.161696821918625 39
      vertex -2.0752550938877277 29.67753049522977 0
    endloop
  endfacet
  facet normal -0.06021797042555726 0.9845551135219252 -0.16439289667031118
    outer loop
      vertex -2.0752550938877277 29.67753049522977 0
      vertex -1.897178413806714 36.2003206348533 39
      vertex -1.556994698227579 29.70922865894857 0
    endloop
  endfacet
  facet normal -0.04302594293590536 0.9854561095040308 -0.16439289667031118
    outer loop
      vertex -1.556994698227579 29.70922865894857 0
      vertex -1.26510675546566 36.22791747944222 39
      vertex -1.0382600268994038 29.7318771038181 0
    endloop
  endfacet
  facet normal -0.025820809327217698 0.9860569260088545 -0.16439289667031118
    outer loop
      vertex -1.0382600268994038 29.7318771038181 0
      vertex -1.26510675546566 36.22791747944222 39
      vertex -0.5192090915091845 29.74546893090264 0
    endloop
  endfacet
  facet normal -0.00860781044989035 0.9863573800218678 -0.1643928966703113
    outer loop
      vertex -0.5192090915091845 29.74546893090264 0
      vertex -0.6326497333515273 36.24447894941918 39
      vertex 0 29.75 0
    endloop
  endfacet
  facet normal -0.9863573800218676 0.008607810449890162 -0.1643928966703113
    outer loop
      vertex -29.75 0 0
      vertex -36.25 0 39
      vertex -36.24447894941918 0.6326497333515273 39
    endloop
  endfacet
  facet normal -0.9860569260088545 0.025820809327223845 -0.1643928966703112
    outer loop
      vertex -29.7318771038181 1.0382600268994038 0
      vertex -36.24447894941918 0.6326497333515273 39
      vertex -36.22791747944222 1.26510675546566 39
    endloop
  endfacet
  facet normal -0.985456109504031 0.04302594293590481 -0.16439289667031123
    outer loop
      vertex -29.70922865894857 1.556994698227579 0
      vertex -36.22791747944222 1.26510675546566 39
      vertex -36.2003206348533 1.897178413806714 39
    endloop
  endfacet
  facet normal -0.9845551135219253 0.0602179704255576 -0.1643928966703112
    outer loop
      vertex -29.67753049522977 2.0752550938877277 0
      vertex -36.2003206348533 1.897178413806714 39
      vertex -36.161696821918625 2.528672173224542 39
    endloop
  endfacet
  facet normal -0.9833542125146416 0.0773916549380708 -0.1643928966703113
    outer loop
      vertex -29.63679226822943 2.5928833467428305 0
      vertex -36.161696821918625 2.528672173224542 39
      vertex -36.11205780582578 3.1593956746026084 39
    endloop
  endfacet
  facet normal -0.9818537722882577 0.09454176520280683 -0.16439289667031126
    outer loop
      vertex -29.58702638720613 3.1097217822126906 0
      vertex -36.11205780582578 3.1593956746026084 39
      vertex -36.051418707099906 3.789156793452438 39
    endloop
  endfacet
  facet normal -0.9800542498914063 0.11166307712998595 -0.1643928966703113
    outer loop
      vertex -29.528248011329328 3.6256129663031373 0
      vertex -36.051418707099906 3.789156793452438 39
      vertex -35.979797996997924 4.417763698436596 39
    endloop
  endfacet
  facet normal -0.9779561934760378 0.12875037540218173 -0.1643928966703113
    outer loop
      vertex -29.460475045061717 4.140399753561947 0
      vertex -35.979797996997924 4.417763698436596 39
      vertex -35.897217491881925 5.045024909802372 39
    endloop
  endfacet
  facet normal -0.9755602421304624 0.14579845506279576 -0.1643928966703112
    outer loop
      vertex -29.38372813270535 4.6539253349468686 0
      vertex -35.897217491881925 5.045024909802372 39
      vertex -35.80370234657374 5.670749357708369 39
    endloop
  endfacet
  facet normal -0.9728671256846692 0.1628021231016184 -0.16439289667031132
    outer loop
      vertex -29.298030652113187 5.166033285591177 0
      vertex -35.80370234657374 5.670749357708369 39
      vertex -35.69928104669254 6.294746440426224 39
    endloop
  endfacet
  facet normal -0.9698776644880192 0.1797562000366318 -0.16439289667031132
    outer loop
      vertex -29.203408707568002 5.6765676124522075 0
      vertex -35.69928104669254 6.294746440426224 39
      vertex -35.58398539997782 6.916826082399749 39
    endloop
  endfacet
  facet normal -0.9665927691593469 0.19665552149179513 -0.16439289667031118
    outer loop
      vertex -29.09989112183072 6.185372801828341 0
      vertex -35.58398539997782 6.916826082399749 39
      vertex -35.45785052660045 7.5367987921437765 39
    endloop
  endfacet
  facet normal -0.9630134403095966 0.21349493977005504 -0.16439289667031118
    outer loop
      vertex -28.98750942736075 6.692293866729984 0
      vertex -35.45785052660045 7.5367987921437765 39
      vertex -35.320914848464774 8.154475719965106 39
    endloop
  endfacet
  facet normal -0.9591407682370083 0.23026932542148515 -0.1643928966703113
    outer loop
      vertex -28.866297856710894 7.197176394090115 0
      vertex -35.320914848464774 8.154475719965106 39
      vertex -35.17322007750487 8.769668715487954 39
    endloop
  endfacet
  facet normal -0.9549759325950076 0.24697356880573254 -0.16439289667031126
    outer loop
      vertex -28.736293332099784 7.699866591799992 0
      vertex -35.17322007750487 8.769668715487954 39
      vertex -35.01481120297873 9.382190384966377 39
    endloop
  endfacet
  facet normal -0.9505202020328802 0.26360258164842915 -0.16439289667031137
    outer loop
      vertex -28.597535454164987 8.200211335555725 0
      vertex -35.01481120297873 9.382190384966377 39
      vertex -34.84573647776406 9.991854148366219 39
    endloop
  endfacet
  facet normal -0.9457749338093148 0.2801512985911907 -0.16439289667031132
    outer loop
      vertex -28.450066489900305 8.698058215501419 0
      vertex -34.84573647776406 9.991854148366219 39
      vertex -34.66604740366004 10.598474296199209 39
    endloop
  endfacet
  facet normal -0.9407415733789836 0.29661467873451386 -0.1643928966703112
    outer loop
      vertex -28.293931359780817 9.193255582654684 0
      vertex -34.66604740366004 10.598474296199209 39
      vertex -34.47579871569931 11.201866046091842 39
    endloop
  endfacet
  facet normal -0.9354216539522412 0.31298770717329755 -0.1643928966703112
    outer loop
      vertex -28.129177624079677 9.685652595100413 0
      vertex -34.47579871569931 11.201866046091842 39
      vertex -34.275048365475236 11.80184559907193 39
    endloop
  endfacet
  facet normal -0.9298167960280632 0.32926539652452336 -0.16439289667031134
    outer loop
      vertex -27.955855468380776 10.175099263938645 0
      vertex -34.275048365475236 11.80184559907193 39
      vertex -34.06385750348918 12.398230195555492 39
    endloop
  endfacet
  facet normal -0.9239287069004787 0.3454427884462978 -0.1643928966703113
    outer loop
      vertex -27.774017688291753 10.661446498972683 0
      vertex -34.06385750348918 12.398230195555492 39
      vertex -33.842290460523564 12.990838171017135 39
    endloop
  endfacet
  facet normal -0.9177591801384763 0.36151495514832604 -0.16439289667031126
    outer loop
      vertex -27.583719673361927 11.144546154123383 0
      vertex -33.842290460523564 12.990838171017135 39
      vertex -33.610414728046045 13.57948901132681 39
    endloop
  endfacet
  facet normal -0.9113100950396704 0.3774770008929432 -0.16439289667031134
    outer loop
      vertex -27.3850193902101 11.624251072555895 0
      vertex -33.610414728046045 13.57948901132681 39
      vertex -33.368300937650964 14.164003407736175 39
    endloop
  endfacet
  facet normal -0.9045834160578514 0.3933240634863987 -0.16439289667031118
    outer loop
      vertex -27.177977364867377 12.100415131505056 0
      vertex -33.368300937650964 14.164003407736175 39
      vertex -33.11602283954428 14.744203311497758 39
    endloop
  endfacet
  facet normal -0.8975811922046129 0.4090513157598814 -0.16439289667031112
    outer loop
      vertex -26.962656664340336 12.572893286785808 0
      vertex -33.11602283954428 14.744203311497758 39
      vertex -32.85365728007856 15.319911988100355 39
    endloop
  endfacet
  facet normal -0.8903055564251627 0.4246539670400191 -0.16439289667031126
    outer loop
      vertex -26.73912287740022 13.041541616975055 0
      vertex -32.85365728007856 15.319911988100355 39
      vertex -32.5812841783448 15.890954071104058 39
    endloop
  endfacet
  facet normal -0.882758724948641 0.4401272646080832 -0.16439289667031134
    outer loop
      vertex -26.507444094603944 13.506217367251518 0
      vertex -32.5812841783448 15.890954071104058 39
      vertex -32.29898650182834 16.457155615558573 39
    endloop
  endfacet
  facet normal -0.8749429966130218 0.4554664951477442 -0.16439289667031134
    outer loop
      vertex -26.267690887553076 13.96677899288025 0
      vertex -32.29898650182834 16.457155615558573 39
      vertex -32.00685024113611 17.018344150988543 39
    endloop
  endfacet
  facet normal -0.8668607521648649 0.47066698618079106 -0.16439289667031123
    outer loop
      vertex -26.019936287397023 14.423086202328527 0
      vertex -32.00685024113611 17.018344150988543 39
      vertex -31.704964383803095 17.574348733929718 39
    endloop
  endfacet
  facet normal -0.8585144535341461 0.4857241074903642 -0.16439289667031134
    outer loop
      vertex -25.764255762587048 14.875 0
      vertex -31.704964383803095 17.574348733929718 39
      vertex -31.3934208871859 18.125 39
    endloop
  endfacet
  facet normal -0.8499066430842539 0.5006332725314998 -0.16439289667031137
    outer loop
      vertex -25.50072719588784 15.32238272857411 0
      vertex -31.3934208871859 18.125 39
      vertex -31.07231465045157 18.670130215489465 39
    endloop
  endfacet
  facet normal -0.8410399428376488 0.5153899398280767 -0.16439289667031143
    outer loop
      vertex -25.22943086065367 15.765098110937846 0
      vertex -31.07231465045157 18.670130215489465 39
      vertex -30.74174348567044 19.20957332845368 39
    endloop
  endfacet
  facet normal 0 0 1
    outer loop
      vertex -36.24447894941918 -0.6326497333515273 39
      vertex -36.24447894941918 0.6326497333515273 39
      vertex -36.25 0 39
    endloop
  endfacet
  facet normal 0 0 1
    outer loop
      vertex -36.22791747944222 -1.26510675546566 39
      vertex -36.22791747944222 1.26510675546566 39
      vertex -36.24447894941918 0.6326497333515273 39
    endloop
  endfacet
  facet normal 0 0 1
    outer loop
      vertex -36.2003206348533 -1.897178413806714 39
      vertex -36.2003206348533 1.897178413806714 39
      vertex -36.22791747944222 1.26510675546566 39
    endloop
  endfacet
  facet normal 0 0 1
    outer loop
      vertex -36.161696821918625 -2.528672173224542 39
      vertex -36.161696821918625 2.528672173224542 39
      vertex -36.2003206348533 1.897178413806714 39
    endloop
  endfacet
  facet normal 0 0 1
    outer loop
      vertex -36.11205780582578 -3.1593956746026084 39
      vertex -36.11205780582578 3.1593956746026084 39
      vertex -36.161696821918625 2.528672173224542 39
    endloop
  endfacet
  facet normal 0 0 1
    outer loop
      vertex -36.051418707099906 -3.789156793452438 39
      vertex -36.051418707099906 3.789156793452438 39
      vertex -36.11205780582578 3.1593956746026084 39
    endloop
  endfacet
  facet normal 0 0 1
    outer loop
      vertex -35.979797996997924 -4.417763698436596 39
      vertex -35.979797996997924 4.417763698436596 39
      vertex -36.051418707099906 3.789156793452438 39
    endloop
  endfacet
  facet normal 0 0 1
    outer loop
      vertex -35.897217491881925 -5.045024909802372 39
      vertex -35.897217491881925 5.045024909802372 39
      vertex -35.979797996997924 4.417763698436596 39
    endloop
  endfacet
  facet normal 0 0 1
    outer loop
      vertex -35.80370234657374 -5.670749357708369 39
      vertex -35.80370234657374 5.670749357708369 39
      vertex -35.897217491881925 5.045024909802372 39
    endloop
  endfacet
  facet normal 0 0 1
    outer loop
      vertex -35.69928104669254 -6.294746440426224 39
      vertex -35.69928104669254 6.294746440426224 39
      vertex -35.80370234657374 5.670749357708369 39
    endloop
  endfacet
  facet normal 0 0 1
    outer loop
      vertex -35.58398539997782 -6.916826082399749 39
      vertex -35.58398539997782 6.916826082399749 39
      vertex -35.69928104669254 6.294746440426224 39
    endloop
  endfacet
  facet normal 0 0 1
    outer loop
      vertex -34.275048365475236 -11.80184559907193 39
      vertex -34.25 0 39
      vertex -34.275048365475236 11.80184559907193 39
    endloop
  endfacet
  facet normal 0 0 1
    outer loop
      vertex -35.45785052660045 -7.5367987921437765 39
      vertex -35.45785052660045 7.5367987921437765 39
      vertex -35.58398539997782 6.916826082399749 39
    endloop
  endfacet
  facet normal 0 0 1
    outer loop
      vertex -35.320914848464774 -8.154475719965106 39
      vertex -35.320914848464774 8.154475719965106 39
      vertex -35.45785052660045 7.5367987921437765 39
    endloop
  endfacet
  facet normal 0 0 1
    outer loop
      vertex -35.17322007750487 -8.769668715487954 39
      vertex -35.17322007750487 8.769668715487954 39
      vertex -35.320914848464774 8.154475719965106 39
    endloop
  endfacet
  facet normal 0 0 1
    outer loop
      vertex -35.01481120297873 -9.382190384966377 39
      vertex -35.01481120297873 9.382190384966377 39
      vertex -35.17322007750487 8.769668715487954 39
    endloop
  endfacet
  facet normal 0 0 1
    outer loop
      vertex -34.84573647776406 -9.991854148366219 39
      vertex -34.84573647776406 9.991854148366219 39
      vertex -35.01481120297873 9.382190384966377 39
    endloop
  endfacet
  facet normal 0 0 1
    outer loop
      vertex -34.66604740366004 -10.598474296199209 39
      vertex -34.66604740366004 10.598474296199209 39
      vertex -34.84573647776406 9.991854148366219 39
    endloop
  endfacet
  facet normal 0 0 1
    outer loop
      vertex -34.47579871569931 -11.201866046091842 39
      vertex -34.47579871569931 11.201866046091842 39
      vertex -34.66604740366004 10.598474296199209 39
    endloop
  endfacet
  facet normal 0 0 1
    outer loop
      vertex -34.275048365475236 -11.80184559907193 39
      vertex -34.275048365475236 11.80184559907193 39
      vertex -34.47579871569931 11.201866046091842 39
    endloop
  endfacet
  facet normal 0 0 1
    outer loop
      vertex -34.275048365475236 11.80184559907193 39
      vertex -34.25 0 39
      vertex -34.2447835591064 0.5977449204769603 39
    endloop
  endfacet
  facet normal 0 0 1
    outer loop
      vertex -34.275048365475236 11.80184559907193 39
      vertex -34.2447835591064 0.5977449204769603 39
      vertex -34.22913582540403 1.1953077620606583 39
    endloop
  endfacet
  facet normal 0 0 1
    outer loop
      vertex -34.275048365475236 11.80184559907193 39
      vertex -34.22913582540403 1.1953077620606583 39
      vertex -34.20306156534416 1.7925065013208263 39
    endloop
  endfacet
  facet normal 0 0 1
    outer loop
      vertex -34.275048365475236 11.80184559907193 39
      vertex -34.20306156534416 1.7925065013208263 39
      vertex -34.16656872139898 2.3891592257362917 39
    endloop
  endfacet
  facet normal 0 0 1
    outer loop
      vertex -34.275048365475236 11.80184559907193 39
      vertex -34.16656872139898 2.3891592257362917 39
      vertex -34.11966840964229 2.985084189107292 39
    endloop
  endfacet
  facet normal 0 0 1
    outer loop
      vertex -34.275048365475236 11.80184559907193 39
      vertex -34.11966840964229 2.985084189107292 39
      vertex -34.06237491636336 3.5800998669171316 39
    endloop
  endfacet
  facet normal 0 0 1
    outer loop
      vertex -34.06385750348918 12.398230195555492 39
      vertex -34.06237491636336 3.5800998669171316 39
      vertex -33.994705693715275 4.174025011626301 39
    endloop
  endfacet
  facet normal 0 0 1
    outer loop
      vertex -34.06385750348918 12.398230195555492 39
      vertex -33.994705693715275 4.174025011626301 39
      vertex -33.91668135439878 4.7666787078822415 39
    endloop
  endfacet
  facet normal 0 0 1
    outer loop
      vertex -34.06385750348918 12.398230195555492 39
      vertex -33.91668135439878 4.7666787078822415 39
      vertex -33.82832566538347 5.357880427627907 39
    endloop
  endfacet
  facet normal 0 0 1
    outer loop
      vertex -33.842290460523564 12.990838171017135 39
      vertex -33.82832566538347 5.357880427627907 39
      vertex -33.72966554066812 5.947450085092364 39
    endloop
  endfacet
  facet normal 0 0 1
    outer loop
      vertex -33.842290460523564 12.990838171017135 39
      vertex -33.72966554066812 5.947450085092364 39
      vertex -33.62073103308249 6.53520809164666 39
    endloop
  endfacet
  facet normal 0 0 1
    outer loop
      vertex -33.842290460523564 12.990838171017135 39
      vertex -33.62073103308249 6.53520809164666 39
      vertex -33.50155532513284 7.120975410508257 39
    endloop
  endfacet
  facet normal 0 0 1
    outer loop
      vertex -34.275048365475236 11.80184559907193 39
      vertex -34.06237491636336 3.5800998669171316 39
      vertex -34.06385750348918 12.398230195555492 39
    endloop
  endfacet
  facet normal 0 0 1
    outer loop
      vertex -33.610414728046045 13.57948901132681 39
      vertex -33.50155532513284 7.120975410508257 39
      vertex -33.37217471889431 7.704573611277376 39
    endloop
  endfacet
  facet normal 0 0 1
    outer loop
      vertex -33.610414728046045 13.57948901132681 39
      vertex -33.37217471889431 7.704573611277376 39
      vertex -33.23262862495288 8.28582492428862 39
    endloop
  endfacet
  facet normal 0 0 1
    outer loop
      vertex -34.06385750348918 12.398230195555492 39
      vertex -33.82832566538347 5.357880427627907 39
      vertex -33.842290460523564 12.990838171017135 39
    endloop
  endfacet
  facet normal 0 0 1
    outer loop
      vertex -33.842290460523564 12.990838171017135 39
      vertex -33.50155532513284 7.120975410508257 39
      vertex -33.610414728046045 13.57948901132681 39
    endloop
  endfacet
  facet normal 0 0 1
    outer loop
      vertex -33.368300937650964 14.164003407736175 39
      vertex -33.23262862495288 8.28582492428862 39
      vertex -33.08295955040059 8.864552294761335 39
    endloop
  endfacet
  facet normal 0 0 1
    outer loop
      vertex -33.11602283954428 14.744203311497758 39
      vertex -33.08295955040059 8.864552294761335 39
      vertex -32.923213085887426 9.440579436732222 39
    endloop
  endfacet
  facet normal 0 0 1
    outer loop
      vertex -33.11602283954428 14.744203311497758 39
      vertex -32.923213085887426 9.440579436732222 39
      vertex -32.75343789173397 10.013730886753734 39
    endloop
  endfacet
  facet normal 0 0 1
    outer loop
      vertex -33.610414728046045 13.57948901132681 39
      vertex -33.23262862495288 8.28582492428862 39
      vertex -33.368300937650964 14.164003407736175 39
    endloop
  endfacet
  facet normal 0 0 1
    outer loop
      vertex -33.368300937650964 14.164003407736175 39
      vertex -33.08295955040059 8.864552294761335 39
      vertex -33.11602283954428 14.744203311497758 39
    endloop
  endfacet
  facet normal 0 0 1
    outer loop
      vertex -33.11602283954428 14.744203311497758 39
      vertex -32.75343789173397 10.013730886753734 39
      vertex -32.85365728007856 15.319911988100355 39
    endloop
  endfacet
  facet normal 0 0 1
    outer loop
      vertex -32.85365728007856 15.319911988100355 39
      vertex -32.75343789173397 10.013730886753734 39
      vertex -32.573685683109005 10.583832057341949 39
    endloop
  endfacet
  facet normal 0 0 1
    outer loop
      vertex -32.5812841783448 15.890954071104058 39
      vertex -32.573685683109005 10.583832057341949 39
      vertex -32.384011214276605 11.150709290157616 39
    endloop
  endfacet
  facet normal 0 0 1
    outer loop
      vertex -32.5812841783448 15.890954071104058 39
      vertex -32.384011214276605 11.150709290157616 39
      vertex -32.184472261917364 11.714189908904153 39
    endloop
  endfacet
  facet normal 0 0 1
    outer loop
      vertex -32.29898650182834 16.457155615558573 39
      vertex -32.184472261917364 11.714189908904153 39
      vertex -31.97512960752916 12.274102271926534 39
    endloop
  endfacet
  facet normal 0 0 1
    outer loop
      vertex -32.85365728007856 15.319911988100355 39
      vertex -32.573685683109005 10.583832057341949 39
      vertex -32.5812841783448 15.890954071104058 39
    endloop
  endfacet
  facet normal 0 0 1
    outer loop
      vertex -32.5812841783448 15.890954071104058 39
      vertex -32.184472261917364 11.714189908904153 39
      vertex -32.29898650182834 16.457155615558573 39
    endloop
  endfacet
  facet normal 0 0 1
    outer loop
      vertex -32.00685024113611 17.018344150988543 39
      vertex -31.97512960752916 12.274102271926534 39
      vertex -31.75604701891247 12.830275824494986 39
    endloop
  endfacet
  facet normal 0 0 1
    outer loop
      vertex -32.00685024113611 17.018344150988543 39
      vertex -31.75604701891247 12.830275824494986 39
      vertex -31.527291230746084 13.382541150757627 39
    endloop
  endfacet
  facet normal 0 0 1
    outer loop
      vertex -32.29898650182834 16.457155615558573 39
      vertex -31.97512960752916 12.274102271926534 39
      vertex -32.00685024113611 17.018344150988543 39
    endloop
  endfacet
  facet normal 0 0 1
    outer loop
      vertex -32.00685024113611 17.018344150988543 39
      vertex -31.527291230746084 13.382541150757627 39
      vertex -31.704964383803095 17.574348733929718 39
    endloop
  endfacet
  facet normal 0 0 1
    outer loop
      vertex -31.704964383803095 17.574348733929718 39
      vertex -31.527291230746084 13.382541150757627 39
      vertex -31.288931924259078 13.930730025346158 39
    endloop
  endfacet
  facet normal 0 0 1
    outer loop
      vertex -31.3934208871859 18.125 39
      vertex -31.288931924259078 13.930730025346158 39
      vertex -31.04104170600526 14.474675464618956 39
    endloop
  endfacet
  facet normal 0 0 1
    outer loop
      vertex -31.704964383803095 17.574348733929718 39
      vertex -31.288931924259078 13.930730025346158 39
      vertex -31.3934208871859 18.125 39
    endloop
  endfacet
  facet normal 0 0 1
    outer loop
      vertex -31.07231465045157 18.670130215489465 39
      vertex -31.04104170600526 14.474675464618956 39
      vertex -30.78369608574647 15.014211777525903 39
    endloop
  endfacet
  facet normal 0 0 1
    outer loop
      vertex -31.07231465045157 18.670130215489465 39
      vertex -30.78369608574647 15.014211777525903 39
      vertex -30.5169734534516 15.549174616079478 39
    endloop
  endfacet
  facet normal 0 0 1
    outer loop
      vertex -31.3934208871859 18.125 39
      vertex -31.04104170600526 14.474675464618956 39
      vertex -31.07231465045157 18.670130215489465 39
    endloop
  endfacet
  facet normal 0 0 1
    outer loop
      vertex -31.07231465045157 18.670130215489465 39
      vertex -30.5169734534516 15.549174616079478 39
      vertex -30.74174348567044 19.20957332845368 39
    endloop
  endfacet
  facet normal 0 0 1
    outer loop
      vertex -30.74174348567044 19.20957332845368 39
      vertex -30.5169734534516 15.549174616079478 39
      vertex -30.24095505541825 16.07940102541676 39
    endloop
  endfacet
  facet normal 0 0 1
    outer loop
      vertex -30.40180808802162 19.743165019294732 39
      vertex -30.24095505541825 16.07940102541676 39
      vertex -29.955724969524304 16.604729493437045 39
    endloop
  endfacet
  facet normal 0 0 1
    outer loop
      vertex -30.052612005120263 20.270742750814577 39
      vertex -29.955724969524304 16.604729493437045 39
      vertex -29.661370079617022 17.125 39
    endloop
  endfacet
  facet normal -0.8319170536771218 0.5299896143562826 -0.1643928966703111
    outer loop
      vertex -24.950449396376367 16.203011291697056 0
      vertex -30.74174348567044 19.20957332845368 39
      vertex -30.40180808802162 19.743165019294732 39
    endloop
  endfacet
  facet normal -0.8225407545230828 0.5444278489138317 -0.16439289667031134
    outer loop
      vertex -24.66386778351249 16.63598887825472 0
      vertex -30.40180808802162 19.743165019294732 39
      vertex -30.052612005120263 20.270742750814577 39
    endloop
  endfacet
  facet normal -0.8129139014870745 0.5587002454746259 -0.16439289667031132
    outer loop
      vertex -24.369773317597506 17.06389898144362 0
      vertex -30.052612005120263 20.270742750814577 39
      vertex -29.69426160547595 20.79214581772542 39
    endloop
  endfacet
  facet normal -0.8030394270018145 0.5728024565283758 -0.1643928966703112
    outer loop
      vertex -24.068255582654686 17.486611255701074 0
      vertex -29.69426160547595 20.79214581772542 39
      vertex -29.326866046091844 21.30721539560215 39
    endloop
  endfacet
  facet normal -0.7929203389278654 0.5867301864050146 -0.16439289667031137
    outer loop
      vertex -23.759406423906963 17.903996938773435 0
      vertex -29.326866046091844 21.30721539560215 39
      vertex -28.950537239214366 21.81579458926175 39
    endloop
  endfacet
  facet normal -0.7825597196374873 0.6004791925830916 -0.16439289667031134
    outer loop
      vertex -23.443319919799976 18.315928890938334 0
      vertex -28.950537239214366 21.81579458926175 39
      vertex -28.56538981824367 22.317728480555115 39
    endloop
  endfacet
  facet normal -0.7719607250756783 0.6140452869821389 -0.1643928966703112
    outer loop
      vertex -23.120092353344884 18.722281633732663 0
      vertex -28.56538981824367 22.317728480555115 39
      vertex -28.171541102815194 22.812864175556605 39
    endloop
  endfacet
  facet normal -0.7611265837988668 0.6274243372383723 -0.16439289667031143
    outer loop
      vertex -22.789822182789596 19.122931388174543 0
      vertex -28.171541102815194 22.812864175556605 39
      vertex -27.769111063062955 23.30105085113705 39
    endloop
  endfacet
  facet normal -0.7500605959914259 0.640612267963494 -0.16439289667031137
    outer loop
      vertex -22.452610011627467 19.51775611246759 0
      vertex -27.769111063062955 23.30105085113705 39
      vertex -27.358222283075484 23.782139800905888 39
    endloop
  endfacet
  facet normal -0.7387661324604511 0.6536050619860372 -0.16439289667031137
    outer loop
      vertex -22.108558557952477 19.906635539176033 0
      vertex -27.358222283075484 23.782139800905888 39
      vertex -26.938999923555542 24.255984480508612 39
    endloop
  endfacet
  facet normal -0.72724663360893 0.666398761575097 -0.1643928966703113
    outer loop
      vertex -21.75777262317032 20.28945121185933 0
      vertex -26.938999923555542 24.255984480508612 39
      vertex -26.51157168369493 24.72244055226557 39
    endloop
  endfacet
  facet normal -0.7155056083878285 0.678989469645817 -0.16439289667031123
    outer loop
      vertex -21.400359060074873 20.66608652115517 0
      vertex -26.51157168369493 24.72244055226557 39
      vertex -26.076067762276107 25.18136592913865 39
    endloop
  endfacet
  facet normal -0.7035466332271445 0.6913733509465737 -0.16439289667031118
    outer loop
      vertex -21.03642674029979 21.03642674029979 0
      vertex -26.076067762276107 25.18136592913865 39
      vertex -25.63262081801235 25.63262081801235 39
    endloop
  endfacet
  facet normal -0.6913733509465737 0.7035466332271445 -0.16439289667031118
    outer loop
      vertex -21.03642674029979 21.03642674029979 0
      vertex -25.63262081801235 25.63262081801235 39
      vertex -25.18136592913865 26.076067762276107 39
    endloop
  endfacet
  facet normal -0.678989469645817 0.7155056083878285 -0.16439289667031123
    outer loop
      vertex -20.66608652115517 21.400359060074873 0
      vertex -25.18136592913865 26.076067762276107 39
      vertex -24.72244055226557 26.51157168369493 39
    endloop
  endfacet
  facet normal -0.666398761575097 0.72724663360893 -0.1643928966703113
    outer loop
      vertex -20.28945121185933 21.75777262317032 0
      vertex -24.72244055226557 26.51157168369493 39
      vertex -24.255984480508612 26.938999923555542 39
    endloop
  endfacet
  facet normal -0.6536050619860372 0.7387661324604511 -0.16439289667031137
    outer loop
      vertex -19.906635539176033 22.108558557952477 0
      vertex -24.255984480508612 26.938999923555542 39
      vertex -23.782139800905888 27.358222283075484 39
    endloop
  endfacet
  facet normal -0.640612267963494 0.7500605959914259 -0.16439289667031137
    outer loop
      vertex -19.51775611246759 22.452610011627467 0
      vertex -23.782139800905888 27.358222283075484 39
      vertex -23.30105085113705 27.769111063062955 39
    endloop
  endfacet
  facet normal -0.6274243372383723 0.7611265837988668 -0.16439289667031143
    outer loop
      vertex -19.122931388174543 22.789822182789596 0
      vertex -23.30105085113705 27.769111063062955 39
      vertex -22.812864175556605 28.171541102815194 39
    endloop
  endfacet
  facet normal -0.6140452869821389 0.7719607250756783 -0.1643928966703112
    outer loop
      vertex -18.722281633732663 23.120092353344884 0
      vertex -22.812864175556605 28.171541102815194 39
      vertex -22.317728480555115 28.56538981824367 39
    endloop
  endfacet
  facet normal -0.6004791925830916 0.7825597196374873 -0.16439289667031134
    outer loop
      vertex -18.315928890938334 23.443319919799976 0
      vertex -22.317728480555115 28.56538981824367 39
      vertex -21.81579458926175 28.950537239214366 39
    endloop
  endfacet
  facet normal -0.5867301864050146 0.7929203389278654 -0.16439289667031137
    outer loop
      vertex -17.903996938773435 23.759406423906963 0
      vertex -21.81579458926175 28.950537239214366 39
      vertex -21.30721539560215 29.326866046091844 39
    endloop
  endfacet
  facet normal -0.5728024565283758 0.8030394270018145 -0.1643928966703112
    outer loop
      vertex -17.486611255701074 24.068255582654686 0
      vertex -21.30721539560215 29.326866046091844 39
      vertex -20.79214581772542 29.69426160547595 39
    endloop
  endfacet
  facet normal -0.5587002454746259 0.8129139014870745 -0.16439289667031132
    outer loop
      vertex -17.06389898144362 24.369773317597506 0
      vertex -20.79214581772542 29.69426160547595 39
      vertex -20.270742750814577 30.052612005120263 39
    endloop
  endfacet
  facet normal -0.5444278489138317 0.8225407545230828 -0.16439289667031134
    outer loop
      vertex -16.63598887825472 24.66386778351249 0
      vertex -20.270742750814577 30.052612005120263 39
      vertex -19.743165019294732 30.40180808802162 39
    endloop
  endfacet
  facet normal -0.5299896143562826 0.8319170536771218 -0.1643928966703111
    outer loop
      vertex -16.203011291697056 24.950449396376367 0
      vertex -19.743165019294732 30.40180808802162 39
      vertex -19.20957332845368 30.74174348567044 39
    endloop
  endfacet
  facet normal 0 0 1
    outer loop
      vertex -30.74174348567044 19.20957332845368 39
      vertex -30.24095505541825 16.07940102541676 39
      vertex -30.40180808802162 19.743165019294732 39
    endloop
  endfacet
  facet normal 0 0 1
    outer loop
      vertex -30.40180808802162 19.743165019294732 39
      vertex -29.955724969524304 16.604729493437045 39
      vertex -30.052612005120263 20.270742750814577 39
    endloop
  endfacet
  facet normal 0 0 1
    outer loop
      vertex -29.69426160547595 20.79214581772542 39
      vertex -29.661370079617022 17.125 39
      vertex -29.35798004904735 17.640054065669354 39
    endloop
  endfacet
  facet normal 0 0 1
    outer loop
      vertex -30.052612005120263 20.270742750814577 39
      vertex -29.661370079617022 17.125 39
      vertex -29.69426160547595 20.79214581772542 39
    endloop
  endfacet
  facet normal 0 0 1
    outer loop
      vertex -29.69426160547595 20.79214581772542 39
      vertex -29.35798004904735 17.640054065669354 39
      vertex -29.04564729335759 18.149734799987268 39
    endloop
  endfacet
  facet normal 0 0 1
    outer loop
      vertex -29.326866046091844 21.30721539560215 39
      vertex -29.04564729335759 18.149734799987268 39
      vertex -28.724466952130772 18.653886949264677 39
    endloop
  endfacet
  facet normal 0 0 1
    outer loop
      vertex -29.69426160547595 20.79214581772542 39
      vertex -29.04564729335759 18.149734799987268 39
      vertex -29.326866046091844 21.30721539560215 39
    endloop
  endfacet
  facet normal 0 0 1
    outer loop
      vertex -28.950537239214366 21.81579458926175 39
      vertex -28.724466952130772 18.653886949264677 39
      vertex -28.39453686001018 19.15235694387308 39
    endloop
  endfacet
  facet normal 0 0 1
    outer loop
      vertex -28.56538981824367 22.317728480555115 39
      vertex -28.39453686001018 19.15235694387308 39
      vertex -28.05595751689797 19.644992945023326 39
    endloop
  endfacet
  facet normal 0 0 1
    outer loop
      vertex -29.326866046091844 21.30721539560215 39
      vertex -28.724466952130772 18.653886949264677 39
      vertex -28.950537239214366 21.81579458926175 39
    endloop
  endfacet
  facet normal 0 0 1
    outer loop
      vertex -28.950537239214366 21.81579458926175 39
      vertex -28.39453686001018 19.15235694387308 39
      vertex -28.56538981824367 22.317728480555115 39
    endloop
  endfacet
  facet normal 0 0 1
    outer loop
      vertex -28.171541102815194 22.812864175556605 39
      vertex -28.05595751689797 19.644992945023326 39
      vertex -27.70883205734195 20.131644891017206 39
    endloop
  endfacet
  facet normal 0 0 1
    outer loop
      vertex -27.769111063062955 23.30105085113705 39
      vertex -27.70883205734195 20.131644891017206 39
      vertex -27.353266219119778 20.612164542957654 39
    endloop
  endfacet
  facet normal 0 0 1
    outer loop
      vertex -28.56538981824367 22.317728480555115 39
      vertex -28.05595751689797 19.644992945023326 39
      vertex -28.171541102815194 22.812864175556605 39
    endloop
  endfacet
  facet normal 0 0 1
    outer loop
      vertex -28.171541102815194 22.812864175556605 39
      vertex -27.70883205734195 20.131644891017206 39
      vertex -27.769111063062955 23.30105085113705 39
    endloop
  endfacet
  facet normal 0 0 1
    outer loop
      vertex -27.358222283075484 23.782139800905888 39
      vertex -27.353266219119778 20.612164542957654 39
      vertex -26.989368311030226 21.086405529903796 39
    endloop
  endfacet
  facet normal 0 0 1
    outer loop
      vertex -27.769111063062955 23.30105085113705 39
      vertex -27.353266219119778 20.612164542957654 39
      vertex -27.358222283075484 23.782139800905888 39
    endloop
  endfacet
  facet normal 0 0 1
    outer loop
      vertex -27.358222283075484 23.782139800905888 39
      vertex -26.989368311030226 21.086405529903796 39
      vertex -26.617249179901254 21.55422339345693 39
    endloop
  endfacet
  facet normal 0 0 1
    outer loop
      vertex -26.938999923555542 24.255984480508612 39
      vertex -26.617249179901254 21.55422339345693 39
      vertex -26.237022176824997 22.01547563176397 39
    endloop
  endfacet
  facet normal 0 0 1
    outer loop
      vertex -27.358222283075484 23.782139800905888 39
      vertex -26.617249179901254 21.55422339345693 39
      vertex -26.938999923555542 24.255984480508612 39
    endloop
  endfacet
  facet normal 0 0 1
    outer loop
      vertex -26.51157168369493 24.72244055226557 39
      vertex -26.237022176824997 22.01547563176397 39
      vertex -25.848803122629942 22.470021742924875 39
    endloop
  endfacet
  facet normal 0 0 1
    outer loop
      vertex -26.938999923555542 24.255984480508612 39
      vertex -26.237022176824997 22.01547563176397 39
      vertex -26.51157168369493 24.72244055226557 39
    endloop
  endfacet
  facet normal 0 0 1
    outer loop
      vertex -26.51157168369493 24.72244055226557 39
      vertex -25.848803122629942 22.470021742924875 39
      vertex -26.076067762276107 25.18136592913865 39
    endloop
  endfacet
  facet normal 0 0 1
    outer loop
      vertex -26.076067762276107 25.18136592913865 39
      vertex -25.848803122629942 22.470021742924875 39
      vertex -25.452710272600754 22.917723267790894 39
    endloop
  endfacet
  facet normal 0 0 1
    outer loop
      vertex -26.076067762276107 25.18136592913865 39
      vertex -25.452710272600754 22.917723267790894 39
      vertex -25.63262081801235 25.63262081801235 39
    endloop
  endfacet
  facet normal 0 0 1
    outer loop
      vertex -25.63262081801235 25.63262081801235 39
      vertex -25.452710272600754 22.917723267790894 39
      vertex -25.048864280456588 23.358443832140573 39
    endloop
  endfacet
  facet normal 0 0 1
    outer loop
      vertex -25.18136592913865 26.076067762276107 39
      vertex -25.048864280456588 23.358443832140573 39
      vertex -24.637388161598803 23.792049188220656 39
    endloop
  endfacet
  facet normal 0 0 1
    outer loop
      vertex -25.63262081801235 25.63262081801235 39
      vertex -25.048864280456588 23.358443832140573 39
      vertex -25.18136592913865 26.076067762276107 39
    endloop
  endfacet
  facet normal 0 0 1
    outer loop
      vertex -24.72244055226557 26.51157168369493 39
      vertex -24.637388161598803 23.792049188220656 39
      vertex -24.218407255639253 24.218407255639253 39
    endloop
  endfacet
  facet normal 0 0 1
    outer loop
      vertex -25.18136592913865 26.076067762276107 39
      vertex -24.637388161598803 23.792049188220656 39
      vertex -24.72244055226557 26.51157168369493 39
    endloop
  endfacet
  facet normal 0 0 1
    outer loop
      vertex -24.72244055226557 26.51157168369493 39
      vertex -24.218407255639253 24.218407255639253 39
      vertex -24.255984480508612 26.938999923555542 39
    endloop
  endfacet
  facet normal 0 0 1
    outer loop
      vertex -24.255984480508612 26.938999923555542 39
      vertex -24.218407255639253 24.218407255639253 39
      vertex -23.792049188220656 24.637388161598803 39
    endloop
  endfacet
  facet normal 0 0 1
    outer loop
      vertex -24.255984480508612 26.938999923555542 39
      vertex -23.792049188220656 24.637388161598803 39
      vertex -23.358443832140573 25.048864280456588 39
    endloop
  endfacet
  facet normal 0 0 1
    outer loop
      vertex -24.255984480508612 26.938999923555542 39
      vertex -23.358443832140573 25.048864280456588 39
      vertex -23.782139800905888 27.358222283075484 39
    endloop
  endfacet
  facet normal 0 0 1
    outer loop
      vertex -23.782139800905888 27.358222283075484 39
      vertex -23.358443832140573 25.048864280456588 39
      vertex -22.917723267790894 25.452710272600754 39
    endloop
  endfacet
  facet normal 0 0 1
    outer loop
      vertex -23.782139800905888 27.358222283075484 39
      vertex -22.917723267790894 25.452710272600754 39
      vertex -23.30105085113705 27.769111063062955 39
    endloop
  endfacet
  facet normal 0 0 1
    outer loop
      vertex -23.30105085113705 27.769111063062955 39
      vertex -22.917723267790894 25.452710272600754 39
      vertex -22.470021742924875 25.848803122629942 39
    endloop
  endfacet
  facet normal 0 0 1
    outer loop
      vertex -22.812864175556605 28.171541102815194 39
      vertex -22.470021742924875 25.848803122629942 39
      vertex -22.01547563176397 26.237022176824997 39
    endloop
  endfacet
  facet normal 0 0 1
    outer loop
      vertex -22.317728480555115 28.56538981824367 39
      vertex -22.01547563176397 26.237022176824997 39
      vertex -21.55422339345693 26.617249179901254 39
    endloop
  endfacet
  facet normal 0 0 1
    outer loop
      vertex -23.30105085113705 27.769111063062955 39
      vertex -22.470021742924875 25.848803122629942 39
      vertex -22.812864175556605 28.171541102815194 39
    endloop
  endfacet
  facet normal 0 0 1
    outer loop
      vertex -22.812864175556605 28.171541102815194 39
      vertex -22.01547563176397 26.237022176824997 39
      vertex -22.317728480555115 28.56538981824367 39
    endloop
  endfacet
  facet normal 0 0 1
    outer loop
      vertex -22.317728480555115 28.56538981824367 39
      vertex -21.55422339345693 26.617249179901254 39
      vertex -21.81579458926175 28.950537239214366 39
    endloop
  endfacet
  facet normal 0 0 1
    outer loop
      vertex -21.81579458926175 28.950537239214366 39
      vertex -21.55422339345693 26.617249179901254 39
      vertex -21.086405529903796 26.989368311030226 39
    endloop
  endfacet
  facet normal 0 0 1
    outer loop
      vertex -21.30721539560215 29.326866046091844 39
      vertex -21.086405529903796 26.989368311030226 39
      vertex -20.612164542957654 27.353266219119778 39
    endloop
  endfacet
  facet normal 0 0 1
    outer loop
      vertex -20.79214581772542 29.69426160547595 39
      vertex -20.612164542957654 27.353266219119778 39
      vertex -20.131644891017206 27.70883205734195 39
    endloop
  endfacet
  facet normal 0 0 1
    outer loop
      vertex -21.81579458926175 28.950537239214366 39
      vertex -21.086405529903796 26.989368311030226 39
      vertex -21.30721539560215 29.326866046091844 39
    endloop
  endfacet
  facet normal 0 0 1
    outer loop
      vertex -21.30721539560215 29.326866046091844 39
      vertex -20.612164542957654 27.353266219119778 39
      vertex -20.79214581772542 29.69426160547595 39
    endloop
  endfacet
  facet normal 0 0 1
    outer loop
      vertex -20.79214581772542 29.69426160547595 39
      vertex -20.131644891017206 27.70883205734195 39
      vertex -20.270742750814577 30.052612005120263 39
    endloop
  endfacet
  facet normal 0 0 1
    outer loop
      vertex -20.270742750814577 30.052612005120263 39
      vertex -20.131644891017206 27.70883205734195 39
      vertex -19.644992945023326 28.05595751689797 39
    endloop
  endfacet
  facet normal 0 0 1
    outer loop
      vertex -19.743165019294732 30.40180808802162 39
      vertex -19.644992945023326 28.05595751689797 39
      vertex -19.15235694387308 28.39453686001018 39
    endloop
  endfacet
  facet normal 0 0 1
    outer loop
      vertex -19.20957332845368 30.74174348567044 39
      vertex -19.15235694387308 28.39453686001018 39
      vertex -18.653886949264677 28.724466952130772 39
    endloop
  endfacet
  facet normal 0 0 1
    outer loop
      vertex -20.270742750814577 30.052612005120263 39
      vertex -19.644992945023326 28.05595751689797 39
      vertex -19.743165019294732 30.40180808802162 39
    endloop
  endfacet
  facet normal 0 0 1
    outer loop
      vertex -19.743165019294732 30.40180808802162 39
      vertex -19.15235694387308 28.39453686001018 39
      vertex -19.20957332845368 30.74174348567044 39
    endloop
  endfacet
  facet normal 0 0 1
    outer loop
      vertex -19.20957332845368 30.74174348567044 39
      vertex -18.653886949264677 28.724466952130772 39
      vertex -18.670130215489465 31.07231465045157 39
    endloop
  endfacet
  facet normal 0 0 1
    outer loop
      vertex -18.670130215489465 31.07231465045157 39
      vertex -18.653886949264677 28.724466952130772 39
      vertex -18.149734799987268 29.04564729335759 39
    endloop
  endfacet
  facet normal 0 0 1
    outer loop
      vertex -18.670130215489465 31.07231465045157 39
      vertex -18.149734799987268 29.04564729335759 39
      vertex -17.640054065669354 29.35798004904735 39
    endloop
  endfacet
  facet normal 0 0 1
    outer loop
      vertex -18.670130215489465 31.07231465045157 39
      vertex -17.640054065669354 29.35798004904735 39
      vertex -18.125 31.3934208871859 39
    endloop
  endfacet
  facet normal -0.5153899398280767 0.8410399428376488 -0.16439289667031143
    outer loop
      vertex -15.765098110937846 25.22943086065367 0
      vertex -19.20957332845368 30.74174348567044 39
      vertex -18.670130215489465 31.07231465045157 39
    endloop
  endfacet
  facet normal -0.5006332725314998 0.8499066430842539 -0.16439289667031137
    outer loop
      vertex -15.32238272857411 25.50072719588784 0
      vertex -18.670130215489465 31.07231465045157 39
      vertex -18.125 31.3934208871859 39
    endloop
  endfacet
  facet normal -0.4857241074903642 0.8585144535341461 -0.16439289667031134
    outer loop
      vertex -14.875 25.764255762587048 0
      vertex -18.125 31.3934208871859 39
      vertex -17.574348733929718 31.704964383803095 39
    endloop
  endfacet
  facet normal -0.47066698618079106 0.8668607521648649 -0.16439289667031123
    outer loop
      vertex -14.423086202328527 26.019936287397023 0
      vertex -17.574348733929718 31.704964383803095 39
      vertex -17.018344150988543 32.00685024113611 39
    endloop
  endfacet
  facet normal -0.4554664951477442 0.8749429966130218 -0.16439289667031134
    outer loop
      vertex -13.96677899288025 26.267690887553076 0
      vertex -17.018344150988543 32.00685024113611 39
      vertex -16.457155615558573 32.29898650182834 39
    endloop
  endfacet
  facet normal -0.4401272646080832 0.882758724948641 -0.16439289667031134
    outer loop
      vertex -13.506217367251518 26.507444094603944 0
      vertex -16.457155615558573 32.29898650182834 39
      vertex -15.890954071104058 32.5812841783448 39
    endloop
  endfacet
  facet normal -0.4246539670400191 0.8903055564251627 -0.16439289667031126
    outer loop
      vertex -13.041541616975055 26.73912287740022 0
      vertex -15.890954071104058 32.5812841783448 39
      vertex -15.319911988100355 32.85365728007856 39
    endloop
  endfacet
  facet normal -0.4090513157598814 0.8975811922046129 -0.16439289667031112
    outer loop
      vertex -12.572893286785808 26.962656664340336 0
      vertex -15.319911988100355 32.85365728007856 39
      vertex -14.744203311497758 33.11602283954428 39
    endloop
  endfacet
  facet normal -0.3933240634863987 0.9045834160578514 -0.16439289667031118
    outer loop
      vertex -12.100415131505056 27.177977364867377 0
      vertex -14.744203311497758 33.11602283954428 39
      vertex -14.164003407736175 33.368300937650964 39
    endloop
  endfacet
  facet normal -0.3774770008929432 0.9113100950396704 -0.16439289667031134
    outer loop
      vertex -11.624251072555895 27.3850193902101 0
      vertex -14.164003407736175 33.368300937650964 39
      vertex -13.57948901132681 33.610414728046045 39
    endloop
  endfacet
  facet normal -0.36151495514832604 0.9177591801384763 -0.16439289667031126
    outer loop
      vertex -11.144546154123383 27.583719673361927 0
      vertex -13.57948901132681 33.610414728046045 39
      vertex -12.990838171017135 33.842290460523564 39
    endloop
  endfacet
  facet normal -0.3454427884462978 0.9239287069004787 -0.1643928966703113
    outer loop
      vertex -10.661446498972683 27.774017688291753 0
      vertex -12.990838171017135 33.842290460523564 39
      vertex -12.398230195555492 34.06385750348918 39
    endloop
  endfacet
  facet normal -0.32926539652452336 0.9298167960280632 -0.16439289667031134
    outer loop
      vertex -10.175099263938645 27.955855468380776 0
      vertex -12.398230195555492 34.06385750348918 39
      vertex -11.80184559907193 34.275048365475236 39
    endloop
  endfacet
  facet normal -0.31298770717329755 0.9354216539522412 -0.1643928966703112
    outer loop
      vertex -9.685652595100413 28.129177624079677 0
      vertex -11.80184559907193 34.275048365475236 39
      vertex -11.201866046091842 34.47579871569931 39
    endloop
  endfacet
  facet normal -0.29661467873451386 0.9407415733789836 -0.1643928966703112
    outer loop
      vertex -9.193255582654684 28.293931359780817 0
      vertex -11.201866046091842 34.47579871569931 39
      vertex -10.598474296199209 34.66604740366004 39
    endloop
  endfacet
  facet normal -0.2801512985911907 0.9457749338093148 -0.16439289667031132
    outer loop
      vertex -8.698058215501419 28.450066489900305 0
      vertex -10.598474296199209 34.66604740366004 39
      vertex -9.991854148366219 34.84573647776406 39
    endloop
  endfacet
  facet normal -0.26360258164842915 0.9505202020328802 -0.16439289667031137
    outer loop
      vertex -8.200211335555725 28.597535454164987 0
      vertex -9.991854148366219 34.84573647776406 39
      vertex -9.382190384966377 35.01481120297873 39
    endloop
  endfacet
  facet normal -0.24697356880573254 0.9549759325950076 -0.16439289667031126
    outer loop
      vertex -7.699866591799992 28.736293332099784 0
      vertex -9.382190384966377 35.01481120297873 39
      vertex -8.769668715487954 35.17322007750487 39
    endloop
  endfacet
  facet normal -0.23026932542148515 0.9591407682370083 -0.1643928966703113
    outer loop
      vertex -7.197176394090115 28.866297856710894 0
      vertex -8.769668715487954 35.17322007750487 39
      vertex -8.154475719965106 35.320914848464774 39
    endloop
  endfacet
  facet normal -0.21349493977005504 0.9630134403095966 -0.16439289667031118
    outer loop
      vertex -6.692293866729984 28.98750942736075 0
      vertex -8.154475719965106 35.320914848464774 39
      vertex -7.5367987921437765 35.45785052660045 39
    endloop
  endfacet
  facet normal -0.19665552149179513 0.9665927691593469 -0.16439289667031118
    outer loop
      vertex -6.185372801828341 29.09989112183072 0
      vertex -7.5367987921437765 35.45785052660045 39
      vertex -6.916826082399749 35.58398539997782 39
    endloop
  endfacet
  facet normal -0.1797562000366318 0.9698776644880192 -0.16439289667031132
    outer loop
      vertex -5.6765676124522075 29.203408707568002 0
      vertex -6.916826082399749 35.58398539997782 39
      vertex -6.294746440426224 35.69928104669254 39
    endloop
  endfacet
  facet normal -0.1628021231016184 0.9728671256846692 -0.16439289667031132
    outer loop
      vertex -5.166033285591177 29.298030652113187 0
      vertex -6.294746440426224 35.69928104669254 39
      vertex -5.670749357708369 35.80370234657374 39
    endloop
  endfacet
  facet normal -0.14579845506279576 0.9755602421304624 -0.1643928966703112
    outer loop
      vertex -4.6539253349468686 29.38372813270535 0
      vertex -5.670749357708369 35.80370234657374 39
      vertex -5.045024909802372 35.897217491881925 39
    endloop
  endfacet
  facet normal -0.12875037540218173 0.9779561934760378 -0.1643928966703113
    outer loop
      vertex -4.140399753561947 29.460475045061717 0
      vertex -5.045024909802372 35.897217491881925 39
      vertex -4.417763698436596 35.979797996997924 39
    endloop
  endfacet
  facet normal -0.11166307712998595 0.9800542498914063 -0.1643928966703113
    outer loop
      vertex -3.6256129663031373 29.528248011329328 0
      vertex -4.417763698436596 35.979797996997924 39
      vertex -3.789156793452438 36.051418707099906 39
    endloop
  endfacet
  facet normal -0.09454176520280683 0.9818537722882577 -0.16439289667031126
    outer loop
      vertex -3.1097217822126906 29.58702638720613 0
      vertex -3.789156793452438 36.051418707099906 39
      vertex -3.1593956746026084 36.11205780582578 39
    endloop
  endfacet
  facet normal -0.0773916549380708 0.9833542125146416 -0.1643928966703113
    outer loop
      vertex -2.5928833467428305 29.63679226822943 0
      vertex -3.1593956746026084 36.11205780582578 39
      vertex -2.528672173224542 36.161696821918625 39
    endloop
  endfacet
  facet normal -0.0602179704255576 0.9845551135219253 -0.1643928966703112
    outer loop
      vertex -2.0752550938877277 29.67753049522977 0
      vertex -2.528672173224542 36.161696821918625 39
      vertex -1.897178413806714 36.2003206348533 39
    endloop
  endfacet
  facet normal -0.04302594293590481 0.985456109504031 -0.16439289667031123
    outer loop
      vertex -1.556994698227579 29.70922865894857 0
      vertex -1.897178413806714 36.2003206348533 39
      vertex -1.26510675546566 36.22791747944222 39
    endloop
  endfacet
  facet normal -0.025820809327223276 0.9860569260088544 -0.1643928966703113
    outer loop
      vertex -0.5192090915091845 29.74546893090264 0
      vertex -1.26510675546566 36.22791747944222 39
      vertex -0.6326497333515273 36.24447894941918 39
    endloop
  endfacet
  facet normal -0.008607810449890162 0.9863573800218676 -0.1643928966703113
    outer loop
      vertex -0.6326497333515273 36.24447894941918 39
      vertex 0 36.25 39
      vertex 0 29.75 0
    endloop
  endfacet
  facet normal 0 0 1
    outer loop
      vertex -18.125 31.3934208871859 39
      vertex -17.640054065669354 29.35798004904735 39
      vertex -17.125 29.661370079617022 39
    endloop
  endfacet
  facet normal 0 0 1
    outer loop
      vertex -17.574348733929718 31.704964383803095 39
      vertex -17.125 29.661370079617022 39
      vertex -16.604729493437045 29.955724969524304 39
    endloop
  endfacet
  facet normal 0 0 1
    outer loop
      vertex -18.125 31.3934208871859 39
      vertex -17.125 29.661370079617022 39
      vertex -17.574348733929718 31.704964383803095 39
    endloop
  endfacet
  facet normal 0 0 1
    outer loop
      vertex -17.574348733929718 31.704964383803095 39
      vertex -16.604729493437045 29.955724969524304 39
      vertex -17.018344150988543 32.00685024113611 39
    endloop
  endfacet
  facet normal 0 0 1
    outer loop
      vertex -17.018344150988543 32.00685024113611 39
      vertex -16.604729493437045 29.955724969524304 39
      vertex -16.07940102541676 30.24095505541825 39
    endloop
  endfacet
  facet normal 0 0 1
    outer loop
      vertex -17.018344150988543 32.00685024113611 39
      vertex -16.07940102541676 30.24095505541825 39
      vertex -16.457155615558573 32.29898650182834 39
    endloop
  endfacet
  facet normal 0 0 1
    outer loop
      vertex -16.457155615558573 32.29898650182834 39
      vertex -16.07940102541676 30.24095505541825 39
      vertex -15.549174616079478 30.5169734534516 39
    endloop
  endfacet
  facet normal 0 0 1
    outer loop
      vertex -15.890954071104058 32.5812841783448 39
      vertex -15.549174616079478 30.5169734534516 39
      vertex -15.014211777525903 30.78369608574647 39
    endloop
  endfacet
  facet normal 0 0 1
    outer loop
      vertex -15.319911988100355 32.85365728007856 39
      vertex -15.014211777525903 30.78369608574647 39
      vertex -14.474675464618956 31.04104170600526 39
    endloop
  endfacet
  facet normal 0 0 1
    outer loop
      vertex -16.457155615558573 32.29898650182834 39
      vertex -15.549174616079478 30.5169734534516 39
      vertex -15.890954071104058 32.5812841783448 39
    endloop
  endfacet
  facet normal 0 0 1
    outer loop
      vertex -15.890954071104058 32.5812841783448 39
      vertex -15.014211777525903 30.78369608574647 39
      vertex -15.319911988100355 32.85365728007856 39
    endloop
  endfacet
  facet normal 0 0 1
    outer loop
      vertex -15.319911988100355 32.85365728007856 39
      vertex -14.474675464618956 31.04104170600526 39
      vertex -14.744203311497758 33.11602283954428 39
    endloop
  endfacet
  facet normal 0 0 1
    outer loop
      vertex -14.744203311497758 33.11602283954428 39
      vertex -14.474675464618956 31.04104170600526 39
      vertex -13.930730025346158 31.288931924259078 39
    endloop
  endfacet
  facet normal 0 0 1
    outer loop
      vertex -14.744203311497758 33.11602283954428 39
      vertex -13.930730025346158 31.288931924259078 39
      vertex -14.164003407736175 33.368300937650964 39
    endloop
  endfacet
  facet normal 0 0 1
    outer loop
      vertex -14.164003407736175 33.368300937650964 39
      vertex -13.930730025346158 31.288931924259078 39
      vertex -13.382541150757627 31.527291230746084 39
    endloop
  endfacet
  facet normal 0 0 1
    outer loop
      vertex -14.164003407736175 33.368300937650964 39
      vertex -13.382541150757627 31.527291230746084 39
      vertex -13.57948901132681 33.610414728046045 39
    endloop
  endfacet
  facet normal 0 0 1
    outer loop
      vertex -13.57948901132681 33.610414728046045 39
      vertex -13.382541150757627 31.527291230746084 39
      vertex -12.830275824494986 31.75604701891247 39
    endloop
  endfacet
  facet normal 0 0 1
    outer loop
      vertex -12.990838171017135 33.842290460523564 39
      vertex -12.830275824494986 31.75604701891247 39
      vertex -12.274102271926534 31.97512960752916 39
    endloop
  endfacet
  facet normal 0 0 1
    outer loop
      vertex -13.57948901132681 33.610414728046045 39
      vertex -12.830275824494986 31.75604701891247 39
      vertex -12.990838171017135 33.842290460523564 39
    endloop
  endfacet
  facet normal 0 0 1
    outer loop
      vertex -12.990838171017135 33.842290460523564 39
      vertex -12.274102271926534 31.97512960752916 39
      vertex -12.398230195555492 34.06385750348918 39
    endloop
  endfacet
  facet normal 0 0 1
    outer loop
      vertex -12.398230195555492 34.06385750348918 39
      vertex -12.274102271926534 31.97512960752916 39
      vertex -11.714189908904153 32.184472261917364 39
    endloop
  endfacet
  facet normal 0 0 1
    outer loop
      vertex -12.398230195555492 34.06385750348918 39
      vertex -11.714189908904153 32.184472261917364 39
      vertex -11.80184559907193 34.275048365475236 39
    endloop
  endfacet
  facet normal 0 0 1
    outer loop
      vertex -11.80184559907193 34.275048365475236 39
      vertex -11.714189908904153 32.184472261917364 39
      vertex -11.150709290157616 32.384011214276605 39
    endloop
  endfacet
  facet normal 0 0 1
    outer loop
      vertex -11.80184559907193 34.275048365475236 39
      vertex -11.150709290157616 32.384011214276605 39
      vertex -11.201866046091842 34.47579871569931 39
    endloop
  endfacet
  facet normal 0 0 1
    outer loop
      vertex -11.201866046091842 34.47579871569931 39
      vertex -11.150709290157616 32.384011214276605 39
      vertex -10.583832057341949 32.573685683109005 39
    endloop
  endfacet
  facet normal 0 0 1
    outer loop
      vertex -11.201866046091842 34.47579871569931 39
      vertex -10.583832057341949 32.573685683109005 39
      vertex -10.598474296199209 34.66604740366004 39
    endloop
  endfacet
  facet normal 0 0 1
    outer loop
      vertex -10.598474296199209 34.66604740366004 39
      vertex -10.583832057341949 32.573685683109005 39
      vertex -10.013730886753734 32.75343789173397 39
    endloop
  endfacet
  facet normal 0 0 1
    outer loop
      vertex -10.598474296199209 34.66604740366004 39
      vertex -10.013730886753734 32.75343789173397 39
      vertex -9.440579436732222 32.923213085887426 39
    endloop
  endfacet
  facet normal 0 0 1
    outer loop
      vertex -9.991854148366219 34.84573647776406 39
      vertex -9.440579436732222 32.923213085887426 39
      vertex -8.864552294761335 33.08295955040059 39
    endloop
  endfacet
  facet normal 0 0 1
    outer loop
      vertex -10.598474296199209 34.66604740366004 39
      vertex -9.440579436732222 32.923213085887426 39
      vertex -9.991854148366219 34.84573647776406 39
    endloop
  endfacet
  facet normal 0 0 1
    outer loop
      vertex -9.991854148366219 34.84573647776406 39
      vertex -8.864552294761335 33.08295955040059 39
      vertex -9.382190384966377 35.01481120297873 39
    endloop
  endfacet
  facet normal 0 0 1
    outer loop
      vertex -9.382190384966377 35.01481120297873 39
      vertex -8.864552294761335 33.08295955040059 39
      vertex -8.28582492428862 33.23262862495288 39
    endloop
  endfacet
  facet normal 0 0 1
    outer loop
      vertex -8.769668715487954 35.17322007750487 39
      vertex -8.28582492428862 33.23262862495288 39
      vertex -7.704573611277376 33.37217471889431 39
    endloop
  endfacet
  facet normal 0 0 1
    outer loop
      vertex -9.382190384966377 35.01481120297873 39
      vertex -8.28582492428862 33.23262862495288 39
      vertex -8.769668715487954 35.17322007750487 39
    endloop
  endfacet
  facet normal 0 0 1
    outer loop
      vertex -8.769668715487954 35.17322007750487 39
      vertex -7.704573611277376 33.37217471889431 39
      vertex -8.154475719965106 35.320914848464774 39
    endloop
  endfacet
  facet normal 0 0 1
    outer loop
      vertex -8.154475719965106 35.320914848464774 39
      vertex -7.704573611277376 33.37217471889431 39
      vertex -7.120975410508257 33.50155532513284 39
    endloop
  endfacet
  facet normal 0 0 1
    outer loop
      vertex -8.154475719965106 35.320914848464774 39
      vertex -7.120975410508257 33.50155532513284 39
      vertex -7.5367987921437765 35.45785052660045 39
    endloop
  endfacet
  facet normal 0 0 1
    outer loop
      vertex -7.5367987921437765 35.45785052660045 39
      vertex -7.120975410508257 33.50155532513284 39
      vertex -6.53520809164666 33.62073103308249 39
    endloop
  endfacet
  facet normal 0 0 1
    outer loop
      vertex -7.5367987921437765 35.45785052660045 39
      vertex -6.53520809164666 33.62073103308249 39
      vertex -6.916826082399749 35.58398539997782 39
    endloop
  endfacet
  facet normal 0 0 1
    outer loop
      vertex -6.916826082399749 35.58398539997782 39
      vertex -6.53520809164666 33.62073103308249 39
      vertex -5.947450085092364 33.72966554066812 39
    endloop
  endfacet
  facet normal 0 0 1
    outer loop
      vertex -6.916826082399749 35.58398539997782 39
      vertex -5.947450085092364 33.72966554066812 39
      vertex -6.294746440426224 35.69928104669254 39
    endloop
  endfacet
  facet normal 0 0 1
    outer loop
      vertex -6.294746440426224 35.69928104669254 39
      vertex -5.947450085092364 33.72966554066812 39
      vertex -5.357880427627907 33.82832566538347 39
    endloop
  endfacet
  facet normal 0 0 1
    outer loop
      vertex -6.294746440426224 35.69928104669254 39
      vertex -5.357880427627907 33.82832566538347 39
      vertex -5.670749357708369 35.80370234657374 39
    endloop
  endfacet
  facet normal 0 0 1
    outer loop
      vertex -5.670749357708369 35.80370234657374 39
      vertex -5.357880427627907 33.82832566538347 39
      vertex -4.7666787078822415 33.91668135439878 39
    endloop
  endfacet
  facet normal 0 0 1
    outer loop
      vertex -5.045024909802372 35.897217491881925 39
      vertex -4.7666787078822415 33.91668135439878 39
      vertex -4.174025011626301 33.994705693715275 39
    endloop
  endfacet
  facet normal 0 0 1
    outer loop
      vertex -5.670749357708369 35.80370234657374 39
      vertex -4.7666787078822415 33.91668135439878 39
      vertex -5.045024909802372 35.897217491881925 39
    endloop
  endfacet
  facet normal 0 0 1
    outer loop
      vertex -5.045024909802372 35.897217491881925 39
      vertex -4.174025011626301 33.994705693715275 39
      vertex -4.417763698436596 35.979797996997924 39
    endloop
  endfacet
  facet normal 0 0 1
    outer loop
      vertex -4.417763698436596 35.979797996997924 39
      vertex -4.174025011626301 33.994705693715275 39
      vertex -3.5800998669171316 34.06237491636336 39
    endloop
  endfacet
  facet normal 0 0 1
    outer loop
      vertex -3.789156793452438 36.051418707099906 39
      vertex -3.5800998669171316 34.06237491636336 39
      vertex -2.985084189107292 34.11966840964229 39
    endloop
  endfacet
  facet normal 0 0 1
    outer loop
      vertex -4.417763698436596 35.979797996997924 39
      vertex -3.5800998669171316 34.06237491636336 39
      vertex -3.789156793452438 36.051418707099906 39
    endloop
  endfacet
  facet normal 0 0 1
    outer loop
      vertex -3.1593956746026084 36.11205780582578 39
      vertex -2.985084189107292 34.11966840964229 39
      vertex -2.3891592257362917 34.16656872139898 39
    endloop
  endfacet
  facet normal 0 0 1
    outer loop
      vertex -3.789156793452438 36.051418707099906 39
      vertex -2.985084189107292 34.11966840964229 39
      vertex -3.1593956746026084 36.11205780582578 39
    endloop
  endfacet
  facet normal 0 0 1
    outer loop
      vertex -3.1593956746026084 36.11205780582578 39
      vertex -2.3891592257362917 34.16656872139898 39
      vertex -2.528672173224542 36.161696821918625 39
    endloop
  endfacet
  facet normal 0 0 1
    outer loop
      vertex -2.528672173224542 36.161696821918625 39
      vertex -2.3891592257362917 34.16656872139898 39
      vertex -1.7925065013208263 34.20306156534416 39
    endloop
  endfacet
  facet normal 0 0 1
    outer loop
      vertex -1.897178413806714 36.2003206348533 39
      vertex -1.7925065013208263 34.20306156534416 39
      vertex -1.1953077620606583 34.22913582540403 39
    endloop
  endfacet
  facet normal 0 0 1
    outer loop
      vertex -2.528672173224542 36.161696821918625 39
      vertex -1.7925065013208263 34.20306156534416 39
      vertex -1.897178413806714 36.2003206348533 39
    endloop
  endfacet
  facet normal 0 0 1
    outer loop
      vertex -1.897178413806714 36.2003206348533 39
      vertex -1.1953077620606583 34.22913582540403 39
      vertex -1.26510675546566 36.22791747944222 39
    endloop
  endfacet
  facet normal 0 0 1
    outer loop
      vertex -1.26510675546566 36.22791747944222 39
      vertex -1.1953077620606583 34.22913582540403 39
      vertex -0.5977449204769603 34.2447835591064 39
    endloop
  endfacet
  facet normal 0 0 1
    outer loop
      vertex 0 36.25 39
      vertex -0.5977449204769603 34.2447835591064 39
      vertex 0 34.25 39
    endloop
  endfacet
  facet normal 0 0 1
    outer loop
      vertex -1.26510675546566 36.22791747944222 39
      vertex -0.5977449204769603 34.2447835591064 39
      vertex -0.6326497333515273 36.24447894941918 39
    endloop
  endfacet
  facet normal 0 0 1
    outer loop
      vertex -0.6326497333515273 36.24447894941918 39
      vertex -0.5977449204769603 34.2447835591064 39
      vertex 0 36.25 39
    endloop
  endfacet
  facet normal 0 0 -1
    outer loop
      vertex 0 -29.75 0
      vertex 0.4755780754159757 -27.245849693011664 0
      vertex 0.5192090915091845 -29.74546893090264 0
    endloop
  endfacet
  facet normal 0 0 -1
    outer loop
      vertex 0.5192090915091845 -29.74546893090264 0
      vertex 0.9510112851431514 -27.23340003627036 0
      vertex 1.0382600268994038 -29.7318771038181 0
    endloop
  endfacet
  facet normal 0 0 -1
    outer loop
      vertex 0 -29.75 0
      vertex 0 -27.25 0
      vertex 0.4755780754159757 -27.245849693011664 0
    endloop
  endfacet
  facet normal 0 0 -1
    outer loop
      vertex 0.5192090915091845 -29.74546893090264 0
      vertex 0.4755780754159757 -27.245849693011664 0
      vertex 0.9510112851431514 -27.23340003627036 0
    endloop
  endfacet
  facet normal 0 0 -1
    outer loop
      vertex 1.0382600268994038 -29.7318771038181 0
      vertex 1.4261548076202195 -27.212654822062138 0
      vertex 1.556994698227579 -29.70922865894857 0
    endloop
  endfacet
  facet normal 0 0 -1
    outer loop
      vertex 1.556994698227579 -29.70922865894857 0
      vertex 1.9008639095274145 -27.183620369580208 0
      vertex 2.0752550938877277 -29.67753049522977 0
    endloop
  endfacet
  facet normal 0 0 -1
    outer loop
      vertex 1.0382600268994038 -29.7318771038181 0
      vertex 0.9510112851431514 -27.23340003627036 0
      vertex 1.4261548076202195 -27.212654822062138 0
    endloop
  endfacet
  facet normal 0 0 -1
    outer loop
      vertex 1.556994698227579 -29.70922865894857 0
      vertex 1.4261548076202195 -27.212654822062138 0
      vertex 1.9008639095274145 -27.183620369580208 0
    endloop
  endfacet
  facet normal 0 0 -1
    outer loop
      vertex 2.0752550938877277 -29.67753049522977 0
      vertex 1.9008639095274145 -27.183620369580208 0
      vertex 2.374993989873685 -27.146305523000066 0
    endloop
  endfacet
  facet normal 0 0 -1
    outer loop
      vertex 2.0752550938877277 -29.67753049522977 0
      vertex 2.374993989873685 -27.146305523000066 0
      vertex 2.5928833467428305 -29.63679226822943 0
    endloop
  endfacet
  facet normal 0 0 -1
    outer loop
      vertex 2.5928833467428305 -29.63679226822943 0
      vertex 2.848400624043557 -27.10072164878545 0
      vertex 3.1097217822126906 -29.58702638720613 0
    endloop
  endfacet
  facet normal 0 0 -1
    outer loop
      vertex 3.1097217822126906 -29.58702638720613 0
      vertex 3.320939607790269 -27.046882632226023 0
      vertex 3.6256129663031373 -29.528248011329328 0
    endloop
  endfacet
  facet normal 0 0 -1
    outer loop
      vertex 2.5928833467428305 -29.63679226822943 0
      vertex 2.374993989873685 -27.146305523000066 0
      vertex 2.848400624043557 -27.10072164878545 0
    endloop
  endfacet
  facet normal 0 0 -1
    outer loop
      vertex 3.1097217822126906 -29.58702638720613 0
      vertex 2.848400624043557 -27.10072164878545 0
      vertex 3.320939607790269 -27.046882632226023 0
    endloop
  endfacet
  facet normal 0 0 -1
    outer loop
      vertex 3.6256129663031373 -29.528248011329328 0
      vertex 3.7924670011617834 -26.984804873207793 0
      vertex 4.140399753561947 -29.460475045061717 0
    endloop
  endfacet
  facet normal 0 0 -1
    outer loop
      vertex 4.140399753561947 -29.460475045061717 0
      vertex 4.2628391723462915 -26.914507281217503 0
      vertex 4.6539253349468686 -29.38372813270535 0
    endloop
  endfacet
  facet normal 0 0 -1
    outer loop
      vertex 3.6256129663031373 -29.528248011329328 0
      vertex 3.320939607790269 -27.046882632226023 0
      vertex 3.7924670011617834 -26.984804873207793 0
    endloop
  endfacet
  facet normal 0 0 -1
    outer loop
      vertex 4.140399753561947 -29.460475045061717 0
      vertex 3.7924670011617834 -26.984804873207793 0
      vertex 4.2628391723462915 -26.914507281217503 0
    endloop
  endfacet
  facet normal 0 0 -1
    outer loop
      vertex 4.6539253349468686 -29.38372813270535 0
      vertex 4.731912841423852 -26.83601126958267 0
      vertex 5.166033285591177 -29.298030652113187 0
    endloop
  endfacet
  facet normal 0 0 -1
    outer loop
      vertex 5.166033285591177 -29.298030652113187 0
      vertex 5.199545124010846 -26.749340748948843 0
      vertex 5.6765676124522075 -29.203408707568002 0
    endloop
  endfacet
  facet normal 0 0 -1
    outer loop
      vertex 4.6539253349468686 -29.38372813270535 0
      vertex 4.2628391723462915 -26.914507281217503 0
      vertex 4.731912841423852 -26.83601126958267 0
    endloop
  endfacet
  facet normal 0 0 -1
    outer loop
      vertex 5.166033285591177 -29.298030652113187 0
      vertex 4.731912841423852 -26.83601126958267 0
      vertex 5.199545124010846 -26.749340748948843 0
    endloop
  endfacet
  facet normal 0 0 -1
    outer loop
      vertex 5.6765676124522075 -29.203408707568002 0
      vertex 5.199545124010846 -26.749340748948843 0
      vertex 5.665593574783942 -26.654522119996205 0
    endloop
  endfacet
  facet normal 0 0 -1
    outer loop
      vertex 5.6765676124522075 -29.203408707568002 0
      vertex 6.129916230870322 -26.55158426539766 0
      vertex 6.185372801828341 -29.09989112183072 0
    endloop
  endfacet
  facet normal 0 0 -1
    outer loop
      vertex 5.6765676124522075 -29.203408707568002 0
      vertex 5.665593574783942 -26.654522119996205 0
      vertex 6.129916230870322 -26.55158426539766 0
    endloop
  endfacet
  facet normal 0 0 -1
    outer loop
      vertex 6.185372801828341 -29.09989112183072 0
      vertex 6.592371655090946 -26.440558541020906 0
      vertex 6.692293866729984 -28.98750942736075 0
    endloop
  endfacet
  facet normal 0 0 -1
    outer loop
      vertex 6.185372801828341 -29.09989112183072 0
      vertex 6.129916230870322 -26.55158426539766 0
      vertex 6.592371655090946 -26.440558541020906 0
    endloop
  endfacet
  facet normal 0 0 -1
    outer loop
      vertex 6.692293866729984 -28.98750942736075 0
      vertex 6.592371655090946 -26.440558541020906 0
      vertex 7.05281897904369 -26.321478766377112 0
    endloop
  endfacet
  facet normal 0 0 -1
    outer loop
      vertex 6.692293866729984 -28.98750942736075 0
      vertex 7.05281897904369 -26.321478766377112 0
      vertex 7.197176394090115 -28.866297856710894 0
    endloop
  endfacet
  facet normal 0 0 -1
    outer loop
      vertex 7.197176394090115 -28.866297856710894 0
      vertex 7.511117946013227 -26.19438121431919 0
      vertex 7.699866591799992 -28.736293332099784 0
    endloop
  endfacet
  facet normal 0 0 -1
    outer loop
      vertex 7.699866591799992 -28.736293332099784 0
      vertex 7.967128953694577 -26.059304599992714 0
      vertex 8.200211335555725 -28.597535454164987 0
    endloop
  endfacet
  facet normal 0 0 -1
    outer loop
      vertex 8.200211335555725 -28.597535454164987 0
      vertex 8.420713096717316 -25.916290069042933 0
      vertex 8.698058215501419 -28.450066489900305 0
    endloop
  endfacet
  facet normal 0 0 -1
    outer loop
      vertex 8.698058215501419 -28.450066489900305 0
      vertex 8.87173220895752 -25.765381185081385 0
      vertex 9.193255582654684 -28.293931359780817 0
    endloop
  endfacet
  facet normal 0 0 -1
    outer loop
      vertex 7.197176394090115 -28.866297856710894 0
      vertex 7.05281897904369 -26.321478766377112 0
      vertex 7.511117946013227 -26.19438121431919 0
    endloop
  endfacet
  facet normal 0 0 -1
    outer loop
      vertex 7.699866591799992 -28.736293332099784 0
      vertex 7.511117946013227 -26.19438121431919 0
      vertex 7.967128953694577 -26.059304599992714 0
    endloop
  endfacet
  facet normal 0 0 -1
    outer loop
      vertex 8.200211335555725 -28.597535454164987 0
      vertex 7.967128953694577 -26.059304599992714 0
      vertex 8.420713096717316 -25.916290069042933 0
    endloop
  endfacet
  facet normal 0 0 -1
    outer loop
      vertex 8.698058215501419 -28.450066489900305 0
      vertex 8.420713096717316 -25.916290069042933 0
      vertex 8.87173220895752 -25.765381185081385 0
    endloop
  endfacet
  facet normal 0 0 -1
    outer loop
      vertex 9.193255582654684 -28.293931359780817 0
      vertex 9.320048905624473 -25.606623916416005 0
      vertex 9.685652595100413 -28.129177624079677 0
    endloop
  endfacet
  facet normal 0 0 -1
    outer loop
      vertex 9.193255582654684 -28.293931359780817 0
      vertex 8.87173220895752 -25.765381185081385 0
      vertex 9.320048905624473 -25.606623916416005 0
    endloop
  endfacet
  facet normal 0 0 -1
    outer loop
      vertex 9.685652595100413 -28.129177624079677 0
      vertex 9.320048905624473 -25.606623916416005 0
      vertex 9.765526625109432 -25.440066622048747 0
    endloop
  endfacet
  facet normal 0 0 -1
    outer loop
      vertex 9.685652595100413 -28.129177624079677 0
      vertex 9.765526625109432 -25.440066622048747 0
      vertex 10.175099263938645 -27.955855468380776 0
    endloop
  endfacet
  facet normal 0 0 -1
    outer loop
      vertex 10.175099263938645 -27.955855468380776 0
      vertex 9.765526625109432 -25.440066622048747 0
      vertex 10.208029670583603 -25.265760036944958 0
    endloop
  endfacet
  facet normal 0 0 -1
    outer loop
      vertex 10.175099263938645 -27.955855468380776 0
      vertex 10.208029670583603 -25.265760036944958 0
      vertex 10.661446498972683 -27.774017688291753 0
    endloop
  endfacet
  facet normal 0 0 -1
    outer loop
      vertex 10.661446498972683 -27.774017688291753 0
      vertex 11.083573523815556 -24.894113720760874 0
      vertex 11.144546154123383 -27.583719673361927 0
    endloop
  endfacet
  facet normal 0 0 -1
    outer loop
      vertex 10.661446498972683 -27.774017688291753 0
      vertex 10.208029670583603 -25.265760036944958 0
      vertex 10.647423251332711 -25.083757256579002 0
    endloop
  endfacet
  facet normal 0 0 -1
    outer loop
      vertex 10.661446498972683 -27.774017688291753 0
      vertex 10.647423251332711 -25.083757256579002 0
      vertex 11.083573523815556 -24.894113720760874 0
    endloop
  endfacet
  facet normal 0 0 -1
    outer loop
      vertex 11.144546154123383 -27.583719673361927 0
      vertex 11.083573523815556 -24.894113720760874 0
      vertex 11.51634763243406 -24.696887196748712 0
    endloop
  endfacet
  facet normal 0 0 -1
    outer loop
      vertex 11.144546154123383 -27.583719673361927 0
      vertex 11.51634763243406 -24.696887196748712 0
      vertex 11.624251072555895 -27.3850193902101 0
    endloop
  endfacet
  facet normal 0 0 -1
    outer loop
      vertex 11.624251072555895 -27.3850193902101 0
      vertex 11.94561375000236 -24.4921377616523 0
      vertex 12.100415131505056 -27.177977364867377 0
    endloop
  endfacet
  facet normal 0 0 -1
    outer loop
      vertex 12.100415131505056 -27.177977364867377 0
      vertex 12.37124111790265 -24.279927784133026 0
      vertex 12.572893286785808 -26.962656664340336 0
    endloop
  endfacet
  facet normal 0 0 -1
    outer loop
      vertex 11.624251072555895 -27.3850193902101 0
      vertex 11.51634763243406 -24.696887196748712 0
      vertex 11.94561375000236 -24.4921377616523 0
    endloop
  endfacet
  facet normal 0 0 -1
    outer loop
      vertex 12.100415131505056 -27.177977364867377 0
      vertex 11.94561375000236 -24.4921377616523 0
      vertex 12.37124111790265 -24.279927784133026 0
    endloop
  endfacet
  facet normal 0 0 -1
    outer loop
      vertex 12.572893286785808 -26.962656664340336 0
      vertex 12.793100085915524 -24.06032190540576 0
      vertex 13.041541616975055 -26.73912287740022 0
    endloop
  endfacet
  facet normal 0 0 -1
    outer loop
      vertex 12.572893286785808 -26.962656664340336 0
      vertex 12.37124111790265 -24.279927784133026 0
      vertex 12.793100085915524 -24.06032190540576 0
    endloop
  endfacet
  facet normal 0 0 -1
    outer loop
      vertex 13.041541616975055 -26.73912287740022 0
      vertex 13.211062151712685 -23.833387019548535 0
      vertex 13.506217367251518 -26.507444094603944 0
    endloop
  endfacet
  facet normal 0 0 -1
    outer loop
      vertex 13.041541616975055 -26.73912287740022 0
      vertex 12.793100085915524 -24.06032190540576 0
      vertex 13.211062151712685 -23.833387019548535 0
    endloop
  endfacet
  facet normal 0 0 -1
    outer loop
      vertex 13.506217367251518 -26.507444094603944 0
      vertex 13.211062151712685 -23.833387019548535 0
      vertex 13.625 -23.599192253125953 0
    endloop
  endfacet
  facet normal 0 0 -1
    outer loop
      vertex 13.506217367251518 -26.507444094603944 0
      vertex 13.625 -23.599192253125953 0
      vertex 13.96677899288025 -26.267690887553076 0
    endloop
  endfacet
  facet normal 0 0 -1
    outer loop
      vertex 13.96677899288025 -26.267690887553076 0
      vertex 14.034787541298975 -23.35780894413256 0
      vertex 14.423086202328527 -26.019936287397023 0
    endloop
  endfacet
  facet normal 0 0 -1
    outer loop
      vertex 13.96677899288025 -26.267690887553076 0
      vertex 13.625 -23.599192253125953 0
      vertex 14.034787541298975 -23.35780894413256 0
    endloop
  endfacet
  facet normal 0 0 -1
    outer loop
      vertex 14.423086202328527 -26.019936287397023 0
      vertex 14.841413704159487 -22.853772976512804 0
      vertex 14.875 -25.764255762587048 0
    endloop
  endfacet
  facet normal 0 0 -1
    outer loop
      vertex 14.423086202328527 -26.019936287397023 0
      vertex 14.034787541298975 -23.35780894413256 0
      vertex 14.440299950354834 -23.109310620262608 0
    endloop
  endfacet
  facet normal 0 0 -1
    outer loop
      vertex 14.423086202328527 -26.019936287397023 0
      vertex 14.440299950354834 -23.109310620262608 0
      vertex 14.841413704159487 -22.853772976512804 0
    endloop
  endfacet
  facet normal 0 0 -1
    outer loop
      vertex 14.875 -25.764255762587048 0
      vertex 15.238006619577853 -22.59127385212489 0
      vertex 15.32238272857411 -25.50072719588784 0
    endloop
  endfacet
  facet normal 0 0 -1
    outer loop
      vertex 15.32238272857411 -25.50072719588784 0
      vertex 15.629957890566004 -22.321893206875025 0
      vertex 15.765098110937846 -25.22943086065367 0
    endloop
  endfacet
  facet normal 0 0 -1
    outer loop
      vertex 14.875 -25.764255762587048 0
      vertex 14.841413704159487 -22.853772976512804 0
      vertex 15.238006619577853 -22.59127385212489 0
    endloop
  endfacet
  facet normal 0 0 -1
    outer loop
      vertex 15.32238272857411 -25.50072719588784 0
      vertex 15.238006619577853 -22.59127385212489 0
      vertex 15.629957890566004 -22.321893206875025 0
    endloop
  endfacet
  facet normal 0 0 -1
    outer loop
      vertex 15.765098110937846 -25.22943086065367 0
      vertex 15.629957890566004 -22.321893206875025 0
      vertex 16.017148124969893 -22.045713096717318 0
    endloop
  endfacet
  facet normal 0 0 -1
    outer loop
      vertex 15.765098110937846 -25.22943086065367 0
      vertex 16.017148124969893 -22.045713096717318 0
      vertex 16.203011291697056 -24.950449396376367 0
    endloop
  endfacet
  facet normal 0 0 -1
    outer loop
      vertex 16.203011291697056 -24.950449396376367 0
      vertex 16.399459380893315 -21.76281764878873 0
      vertex 16.63598887825472 -24.66386778351249 0
    endloop
  endfacet
  facet normal 0 0 -1
    outer loop
      vertex 16.203011291697056 -24.950449396376367 0
      vertex 16.017148124969893 -22.045713096717318 0
      vertex 16.399459380893315 -21.76281764878873 0
    endloop
  endfacet
  facet normal 0 0 -1
    outer loop
      vertex 16.63598887825472 -24.66386778351249 0
      vertex 16.77677520262419 -21.473293035783172 0
      vertex 17.06389898144362 -24.369773317597506 0
    endloop
  endfacet
  facet normal 0 0 -1
    outer loop
      vertex 17.06389898144362 -24.369773317597506 0
      vertex 17.14898065610807 -21.177227449702457 0
      vertex 17.486611255701074 -24.068255582654686 0
    endloop
  endfacet
  facet normal 0 0 -1
    outer loop
      vertex 17.486611255701074 -24.068255582654686 0
      vertex 17.515962363958195 -20.874711074992153 0
      vertex 17.903996938773435 -23.759406423906963 0
    endloop
  endfacet
  facet normal 0 0 -1
    outer loop
      vertex 16.63598887825472 -24.66386778351249 0
      vertex 16.399459380893315 -21.76281764878873 0
      vertex 16.77677520262419 -21.473293035783172 0
    endloop
  endfacet
  facet normal 0 0 -1
    outer loop
      vertex 17.06389898144362 -24.369773317597506 0
      vertex 16.77677520262419 -21.473293035783172 0
      vertex 17.14898065610807 -21.177227449702457 0
    endloop
  endfacet
  facet normal 0 0 -1
    outer loop
      vertex 17.486611255701074 -24.068255582654686 0
      vertex 17.14898065610807 -21.177227449702457 0
      vertex 17.515962363958195 -20.874711074992153 0
    endloop
  endfacet
  facet normal 0 0 -1
    outer loop
      vertex 17.903996938773435 -23.759406423906963 0
      vertex 17.515962363958195 -20.874711074992153 0
      vertex 17.877608539991325 -20.565836061070538 0
    endloop
  endfacet
  facet normal 0 0 -1
    outer loop
      vertex 17.903996938773435 -23.759406423906963 0
      vertex 17.877608539991325 -20.565836061070538 0
      vertex 18.233809023278887 -20.250696494258992 0
    endloop
  endfacet
  facet normal 0.00860781044989035 -0.9863573800218678 -0.1643928966703113
    outer loop
      vertex 0 -29.75 0
      vertex 0.5192090915091845 -29.74546893090264 0
      vertex 0.6326497333515273 -36.24447894941918 39
    endloop
  endfacet
  facet normal 0.025820809327217698 -0.9860569260088545 -0.16439289667031118
    outer loop
      vertex 0.5192090915091845 -29.74546893090264 0
      vertex 1.0382600268994038 -29.7318771038181 0
      vertex 1.26510675546566 -36.22791747944222 39
    endloop
  endfacet
  facet normal 0.04302594293590536 -0.9854561095040308 -0.16439289667031118
    outer loop
      vertex 1.0382600268994038 -29.7318771038181 0
      vertex 1.556994698227579 -29.70922865894857 0
      vertex 1.26510675546566 -36.22791747944222 39
    endloop
  endfacet
  facet normal 0.06021797042555726 -0.9845551135219252 -0.16439289667031118
    outer loop
      vertex 1.556994698227579 -29.70922865894857 0
      vertex 2.0752550938877277 -29.67753049522977 0
      vertex 1.897178413806714 -36.2003206348533 39
    endloop
  endfacet
  facet normal 0.07739165493807668 -0.9833542125146412 -0.1643928966703112
    outer loop
      vertex 2.0752550938877277 -29.67753049522977 0
      vertex 2.5928833467428305 -29.63679226822943 0
      vertex 2.528672173224542 -36.161696821918625 39
    endloop
  endfacet
  facet normal 0.09454176520280572 -0.9818537722882578 -0.1643928966703113
    outer loop
      vertex 2.5928833467428305 -29.63679226822943 0
      vertex 3.1097217822126906 -29.58702638720613 0
      vertex 3.1593956746026084 -36.11205780582578 39
    endloop
  endfacet
  facet normal 0.11166307712999146 -0.9800542498914057 -0.16439289667031123
    outer loop
      vertex 3.1097217822126906 -29.58702638720613 0
      vertex 3.6256129663031373 -29.528248011329328 0
      vertex 3.789156793452438 -36.051418707099906 39
    endloop
  endfacet
  facet normal 0.12875037540217876 -0.9779561934760383 -0.16439289667031137
    outer loop
      vertex 3.6256129663031373 -29.528248011329328 0
      vertex 4.140399753561947 -29.460475045061717 0
      vertex 4.417763698436596 -35.979797996997924 39
    endloop
  endfacet
  facet normal 0.1457984550627893 -0.9755602421304633 -0.16439289667031132
    outer loop
      vertex 4.140399753561947 -29.460475045061717 0
      vertex 4.6539253349468686 -29.38372813270535 0
      vertex 5.045024909802372 -35.897217491881925 39
    endloop
  endfacet
  facet normal 0.16280212310162445 -0.972867125684668 -0.1643928966703112
    outer loop
      vertex 4.6539253349468686 -29.38372813270535 0
      vertex 5.166033285591177 -29.298030652113187 0
      vertex 5.670749357708369 -35.80370234657374 39
    endloop
  endfacet
  facet normal 0.1797562000366329 -0.969877664488019 -0.16439289667031132
    outer loop
      vertex 5.166033285591177 -29.298030652113187 0
      vertex 5.6765676124522075 -29.203408707568002 0
      vertex 6.294746440426224 -35.69928104669254 39
    endloop
  endfacet
  facet normal 0.1966555214917861 -0.9665927691593488 -0.16439289667031134
    outer loop
      vertex 5.6765676124522075 -29.203408707568002 0
      vertex 6.185372801828341 -29.09989112183072 0
      vertex 6.916826082399749 -35.58398539997782 39
    endloop
  endfacet
  facet normal 0.21349493977005454 -0.9630134403095967 -0.16439289667031118
    outer loop
      vertex 6.185372801828341 -29.09989112183072 0
      vertex 6.692293866729984 -28.98750942736075 0
      vertex 7.5367987921437765 -35.45785052660045 39
    endloop
  endfacet
  facet normal 0.2302693254214937 -0.9591407682370063 -0.16439289667031118
    outer loop
      vertex 6.692293866729984 -28.98750942736075 0
      vertex 7.197176394090115 -28.866297856710894 0
      vertex 8.154475719965106 -35.320914848464774 39
    endloop
  endfacet
  facet normal 0.24697356880572774 -0.9549759325950088 -0.16439289667031134
    outer loop
      vertex 7.197176394090115 -28.866297856710894 0
      vertex 7.699866591799992 -28.736293332099784 0
      vertex 8.769668715487954 -35.17322007750487 39
    endloop
  endfacet
  facet normal 0.26360258164843653 -0.9505202020328782 -0.16439289667031123
    outer loop
      vertex 7.699866591799992 -28.736293332099784 0
      vertex 8.200211335555725 -28.597535454164987 0
      vertex 9.382190384966377 -35.01481120297873 39
    endloop
  endfacet
  facet normal 0.2801512985911893 -0.9457749338093152 -0.16439289667031134
    outer loop
      vertex 8.200211335555725 -28.597535454164987 0
      vertex 8.698058215501419 -28.450066489900305 0
      vertex 9.991854148366219 -34.84573647776406 39
    endloop
  endfacet
  facet normal 0.29661467873450686 -0.9407415733789858 -0.16439289667031134
    outer loop
      vertex 8.698058215501419 -28.450066489900305 0
      vertex 9.193255582654684 -28.293931359780817 0
      vertex 10.598474296199209 -34.66604740366004 39
    endloop
  endfacet
  facet normal 0.31298770717329893 -0.9354216539522408 -0.1643928966703112
    outer loop
      vertex 9.193255582654684 -28.293931359780817 0
      vertex 9.685652595100413 -28.129177624079677 0
      vertex 11.201866046091842 -34.47579871569931 39
    endloop
  endfacet
  facet normal 0.32926539652452735 -0.9298167960280617 -0.16439289667031126
    outer loop
      vertex 9.685652595100413 -28.129177624079677 0
      vertex 10.175099263938645 -27.955855468380776 0
      vertex 11.80184559907193 -34.275048365475236 39
    endloop
  endfacet
  facet normal 0.3454427884462957 -0.9239287069004795 -0.16439289667031132
    outer loop
      vertex 10.175099263938645 -27.955855468380776 0
      vertex 10.661446498972683 -27.774017688291753 0
      vertex 12.398230195555492 -34.06385750348918 39
    endloop
  endfacet
  facet normal 0.36151495514832666 -0.917759180138476 -0.1643928966703113
    outer loop
      vertex 10.661446498972683 -27.774017688291753 0
      vertex 11.144546154123383 -27.583719673361927 0
      vertex 12.990838171017135 -33.842290460523564 39
    endloop
  endfacet
  facet normal 0.3774770008929457 -0.9113100950396695 -0.1643928966703113
    outer loop
      vertex 11.144546154123383 -27.583719673361927 0
      vertex 11.624251072555895 -27.3850193902101 0
      vertex 13.57948901132681 -33.610414728046045 39
    endloop
  endfacet
  facet normal 0.39332406348639076 -0.9045834160578548 -0.16439289667031132
    outer loop
      vertex 11.624251072555895 -27.3850193902101 0
      vertex 12.100415131505056 -27.177977364867377 0
      vertex 14.164003407736175 -33.368300937650964 39
    endloop
  endfacet
  facet normal 0.4090513157598824 -0.8975811922046125 -0.1643928966703112
    outer loop
      vertex 12.100415131505056 -27.177977364867377 0
      vertex 12.572893286785808 -26.962656664340336 0
      vertex 14.744203311497758 -33.11602283954428 39
    endloop
  endfacet
  facet normal 0.4246539670400188 -0.8903055564251631 -0.1643928966703112
    outer loop
      vertex 12.572893286785808 -26.962656664340336 0
      vertex 13.041541616975055 -26.73912287740022 0
      vertex 15.319911988100355 -32.85365728007856 39
    endloop
  endfacet
  facet normal 0.4401272646080929 -0.8827587249486363 -0.1643928966703112
    outer loop
      vertex 13.041541616975055 -26.73912287740022 0
      vertex 13.506217367251518 -26.507444094603944 0
      vertex 15.890954071104058 -32.5812841783448 39
    endloop
  endfacet
  facet normal 0.4554664951477471 -0.8749429966130202 -0.16439289667031137
    outer loop
      vertex 13.506217367251518 -26.507444094603944 0
      vertex 13.96677899288025 -26.267690887553076 0
      vertex 16.457155615558573 -32.29898650182834 39
    endloop
  endfacet
  facet normal 0.47066698618078184 -0.8668607521648699 -0.16439289667031143
    outer loop
      vertex 13.96677899288025 -26.267690887553076 0
      vertex 14.423086202328527 -26.019936287397023 0
      vertex 17.018344150988543 -32.00685024113611 39
    endloop
  endfacet
  facet normal 0.4857241074903676 -0.8585144535341441 -0.16439289667031126
    outer loop
      vertex 14.423086202328527 -26.019936287397023 0
      vertex 14.875 -25.764255762587048 0
      vertex 17.574348733929718 -31.704964383803095 39
    endloop
  endfacet
  facet normal 0.5006332725314994 -0.8499066430842541 -0.16439289667031132
    outer loop
      vertex 14.875 -25.764255762587048 0
      vertex 15.32238272857411 -25.50072719588784 0
      vertex 18.125 -31.3934208871859 39
    endloop
  endfacet
  facet normal 0.5153899398280761 -0.8410399428376493 -0.16439289667031132
    outer loop
      vertex 15.32238272857411 -25.50072719588784 0
      vertex 15.765098110937846 -25.22943086065367 0
      vertex 18.670130215489465 -31.07231465045157 39
    endloop
  endfacet
  facet normal 0.5299896143562784 -0.8319170536771244 -0.16439289667031132
    outer loop
      vertex 15.765098110937846 -25.22943086065367 0
      vertex 16.203011291697056 -24.950449396376367 0
      vertex 19.20957332845368 -30.74174348567044 39
    endloop
  endfacet
  facet normal 0.5444278489138367 -0.8225407545230796 -0.16439289667031123
    outer loop
      vertex 16.203011291697056 -24.950449396376367 0
      vertex 16.63598887825472 -24.66386778351249 0
      vertex 19.743165019294732 -30.40180808802162 39
    endloop
  endfacet
  facet normal 0.5587002454746203 -0.8129139014870784 -0.16439289667031134
    outer loop
      vertex 16.63598887825472 -24.66386778351249 0
      vertex 17.06389898144362 -24.369773317597506 0
      vertex 20.270742750814577 -30.052612005120263 39
    endloop
  endfacet
  facet normal 0 0 -1
    outer loop
      vertex 17.903996938773435 -23.759406423906963 0
      vertex 18.233809023278887 -20.250696494258992 0
      vertex 18.315928890938334 -23.443319919799976 0
    endloop
  endfacet
  facet normal 0 0 -1
    outer loop
      vertex 18.315928890938334 -23.443319919799976 0
      vertex 18.584455311703085 -19.929388369122396 0
      vertex 18.722281633732663 -23.120092353344884 0
    endloop
  endfacet
  facet normal 0 0 -1
    outer loop
      vertex 18.722281633732663 -23.120092353344884 0
      vertex 18.929440595007677 -19.602009559228247 0
      vertex 19.122931388174543 -22.789822182789596 0
    endloop
  endfacet
  facet normal 0 0 -1
    outer loop
      vertex 18.315928890938334 -23.443319919799976 0
      vertex 18.233809023278887 -20.250696494258992 0
      vertex 18.584455311703085 -19.929388369122396 0
    endloop
  endfacet
  facet normal 0 0 -1
    outer loop
      vertex 18.722281633732663 -23.120092353344884 0
      vertex 18.584455311703085 -19.929388369122396 0
      vertex 18.929440595007677 -19.602009559228247 0
    endloop
  endfacet
  facet normal 0 0 -1
    outer loop
      vertex 19.122931388174543 -22.789822182789596 0
      vertex 18.929440595007677 -19.602009559228247 0
      vertex 19.268659787333423 -19.268659787333423 0
    endloop
  endfacet
  facet normal 0 0 -1
    outer loop
      vertex 19.122931388174543 -22.789822182789596 0
      vertex 19.268659787333423 -19.268659787333423 0
      vertex 19.51775611246759 -22.452610011627467 0
    endloop
  endfacet
  facet normal 0 0 -1
    outer loop
      vertex 19.51775611246759 -22.452610011627467 0
      vertex 19.602009559228247 -18.929440595007677 0
      vertex 19.906635539176033 -22.108558557952477 0
    endloop
  endfacet
  facet normal 0 0 -1
    outer loop
      vertex 19.906635539176033 -22.108558557952477 0
      vertex 20.250696494258992 -18.233809023278887 0
      vertex 20.28945121185933 -21.75777262317032 0
    endloop
  endfacet
  facet normal 0 0 -1
    outer loop
      vertex 19.51775611246759 -22.452610011627467 0
      vertex 19.268659787333423 -19.268659787333423 0
      vertex 19.602009559228247 -18.929440595007677 0
    endloop
  endfacet
  facet normal 0 0 -1
    outer loop
      vertex 19.906635539176033 -22.108558557952477 0
      vertex 19.602009559228247 -18.929440595007677 0
      vertex 19.929388369122396 -18.584455311703085 0
    endloop
  endfacet
  facet normal 0 0 -1
    outer loop
      vertex 19.906635539176033 -22.108558557952477 0
      vertex 19.929388369122396 -18.584455311703085 0
      vertex 20.250696494258992 -18.233809023278887 0
    endloop
  endfacet
  facet normal 0 0 -1
    outer loop
      vertex 20.28945121185933 -21.75777262317032 0
      vertex 20.250696494258992 -18.233809023278887 0
      vertex 20.565836061070538 -17.877608539991325 0
    endloop
  endfacet
  facet normal 0 0 -1
    outer loop
      vertex 20.28945121185933 -21.75777262317032 0
      vertex 20.565836061070538 -17.877608539991325 0
      vertex 20.66608652115517 -21.400359060074873 0
    endloop
  endfacet
  facet normal 0 0 -1
    outer loop
      vertex 20.66608652115517 -21.400359060074873 0
      vertex 20.874711074992153 -17.515962363958195 0
      vertex 21.03642674029979 -21.03642674029979 0
    endloop
  endfacet
  facet normal 0 0 -1
    outer loop
      vertex 21.03642674029979 -21.03642674029979 0
      vertex 21.177227449702457 -17.14898065610807 0
      vertex 21.400359060074873 -20.66608652115517 0
    endloop
  endfacet
  facet normal 0 0 -1
    outer loop
      vertex 20.66608652115517 -21.400359060074873 0
      vertex 20.565836061070538 -17.877608539991325 0
      vertex 20.874711074992153 -17.515962363958195 0
    endloop
  endfacet
  facet normal 0 0 -1
    outer loop
      vertex 21.03642674029979 -21.03642674029979 0
      vertex 20.874711074992153 -17.515962363958195 0
      vertex 21.177227449702457 -17.14898065610807 0
    endloop
  endfacet
  facet normal 0 0 -1
    outer loop
      vertex 21.400359060074873 -20.66608652115517 0
      vertex 21.177227449702457 -17.14898065610807 0
      vertex 21.473293035783172 -16.77677520262419 0
    endloop
  endfacet
  facet normal 0 0 -1
    outer loop
      vertex 21.400359060074873 -20.66608652115517 0
      vertex 21.473293035783172 -16.77677520262419 0
      vertex 21.75777262317032 -20.28945121185933 0
    endloop
  endfacet
  facet normal 0 0 -1
    outer loop
      vertex 21.75777262317032 -20.28945121185933 0
      vertex 22.045713096717318 -16.017148124969893 0
      vertex 22.108558557952477 -19.906635539176033 0
    endloop
  endfacet
  facet normal 0 0 -1
    outer loop
      vertex 22.108558557952477 -19.906635539176033 0
      vertex 22.321893206875025 -15.629957890566004 0
      vertex 22.452610011627467 -19.51775611246759 0
    endloop
  endfacet
  facet normal 0.5728024565283782 -0.8030394270018126 -0.1643928966703112
    outer loop
      vertex 17.06389898144362 -24.369773317597506 0
      vertex 17.486611255701074 -24.068255582654686 0
      vertex 20.79214581772542 -29.69426160547595 39
    endloop
  endfacet
  facet normal 0.5867301864050146 -0.7929203389278655 -0.16439289667031126
    outer loop
      vertex 17.486611255701074 -24.068255582654686 0
      vertex 17.903996938773435 -23.759406423906963 0
      vertex 21.30721539560215 -29.326866046091844 39
    endloop
  endfacet
  facet normal 0.6004791925830953 -0.7825597196374845 -0.16439289667031126
    outer loop
      vertex 17.903996938773435 -23.759406423906963 0
      vertex 18.315928890938334 -23.443319919799976 0
      vertex 21.81579458926175 -28.950537239214366 39
    endloop
  endfacet
  facet normal 0.6140452869821337 -0.7719607250756825 -0.16439289667031134
    outer loop
      vertex 18.315928890938334 -23.443319919799976 0
      vertex 18.722281633732663 -23.120092353344884 0
      vertex 22.317728480555115 -28.56538981824367 39
    endloop
  endfacet
  facet normal 0.6274243372383762 -0.7611265837988638 -0.16439289667031123
    outer loop
      vertex 18.722281633732663 -23.120092353344884 0
      vertex 19.122931388174543 -22.789822182789596 0
      vertex 22.812864175556605 -28.171541102815194 39
    endloop
  endfacet
  facet normal 0.6406122679634912 -0.7500605959914282 -0.16439289667031132
    outer loop
      vertex 19.122931388174543 -22.789822182789596 0
      vertex 19.51775611246759 -22.452610011627467 0
      vertex 23.30105085113705 -27.769111063062955 39
    endloop
  endfacet
  facet normal 0.6536050619860402 -0.7387661324604484 -0.16439289667031126
    outer loop
      vertex 19.51775611246759 -22.452610011627467 0
      vertex 19.906635539176033 -22.108558557952477 0
      vertex 23.782139800905888 -27.358222283075484 39
    endloop
  endfacet
  facet normal 0.6663987615750941 -0.7272466336089327 -0.16439289667031132
    outer loop
      vertex 19.906635539176033 -22.108558557952477 0
      vertex 20.28945121185933 -21.75777262317032 0
      vertex 24.255984480508612 -26.938999923555542 39
    endloop
  endfacet
  facet normal 0.6789894696458177 -0.7155056083878277 -0.16439289667031126
    outer loop
      vertex 20.28945121185933 -21.75777262317032 0
      vertex 20.66608652115517 -21.400359060074873 0
      vertex 24.72244055226557 -26.51157168369493 39
    endloop
  endfacet
  facet normal 0.6913733509465688 -0.7035466332271492 -0.1643928966703113
    outer loop
      vertex 20.66608652115517 -21.400359060074873 0
      vertex 21.03642674029979 -21.03642674029979 0
      vertex 25.18136592913865 -26.076067762276107 39
    endloop
  endfacet
  facet normal 0.7035466332271492 -0.6913733509465688 -0.1643928966703113
    outer loop
      vertex 21.03642674029979 -21.03642674029979 0
      vertex 21.400359060074873 -20.66608652115517 0
      vertex 26.076067762276107 -25.18136592913865 39
    endloop
  endfacet
  facet normal 0.7155056083878277 -0.6789894696458177 -0.16439289667031126
    outer loop
      vertex 21.400359060074873 -20.66608652115517 0
      vertex 21.75777262317032 -20.28945121185933 0
      vertex 26.51157168369493 -24.72244055226557 39
    endloop
  endfacet
  facet normal 0.7272466336089327 -0.6663987615750941 -0.16439289667031132
    outer loop
      vertex 21.75777262317032 -20.28945121185933 0
      vertex 22.108558557952477 -19.906635539176033 0
      vertex 26.938999923555542 -24.255984480508612 39
    endloop
  endfacet
  facet normal 0.7387661324604484 -0.6536050619860402 -0.16439289667031126
    outer loop
      vertex 22.108558557952477 -19.906635539176033 0
      vertex 22.452610011627467 -19.51775611246759 0
      vertex 27.358222283075484 -23.782139800905888 39
    endloop
  endfacet
  facet normal 0.7500605959914282 -0.6406122679634912 -0.1643928966703113
    outer loop
      vertex 22.452610011627467 -19.51775611246759 0
      vertex 22.789822182789596 -19.122931388174543 0
      vertex 27.769111063062955 -23.30105085113705 39
    endloop
  endfacet
  facet normal 0.7611265837988638 -0.6274243372383762 -0.16439289667031123
    outer loop
      vertex 22.789822182789596 -19.122931388174543 0
      vertex 23.120092353344884 -18.722281633732663 0
      vertex 28.171541102815194 -22.812864175556605 39
    endloop
  endfacet
  facet normal 0.7719607250756825 -0.6140452869821337 -0.16439289667031132
    outer loop
      vertex 23.120092353344884 -18.722281633732663 0
      vertex 23.443319919799976 -18.315928890938334 0
      vertex 28.56538981824367 -22.317728480555115 39
    endloop
  endfacet
  facet normal 0.7825597196374845 -0.6004791925830953 -0.16439289667031126
    outer loop
      vertex 23.443319919799976 -18.315928890938334 0
      vertex 23.759406423906963 -17.903996938773435 0
      vertex 28.950537239214366 -21.81579458926175 39
    endloop
  endfacet
  facet normal 0.7929203389278655 -0.5867301864050146 -0.16439289667031126
    outer loop
      vertex 23.759406423906963 -17.903996938773435 0
      vertex 24.068255582654686 -17.486611255701074 0
      vertex 29.326866046091844 -21.30721539560215 39
    endloop
  endfacet
  facet normal 0.8030394270018126 -0.5728024565283782 -0.1643928966703112
    outer loop
      vertex 24.068255582654686 -17.486611255701074 0
      vertex 24.369773317597506 -17.06389898144362 0
      vertex 29.69426160547595 -20.79214581772542 39
    endloop
  endfacet
  facet normal 0 0 -1
    outer loop
      vertex 21.75777262317032 -20.28945121185933 0
      vertex 21.473293035783172 -16.77677520262419 0
      vertex 21.76281764878873 -16.399459380893315 0
    endloop
  endfacet
  facet normal 0 0 -1
    outer loop
      vertex 21.75777262317032 -20.28945121185933 0
      vertex 21.76281764878873 -16.399459380893315 0
      vertex 22.045713096717318 -16.017148124969893 0
    endloop
  endfacet
  facet normal 0 0 -1
    outer loop
      vertex 22.452610011627467 -19.51775611246759 0
      vertex 22.59127385212489 -15.238006619577853 0
      vertex 22.789822182789596 -19.122931388174543 0
    endloop
  endfacet
  facet normal 0 0 -1
    outer loop
      vertex 22.108558557952477 -19.906635539176033 0
      vertex 22.045713096717318 -16.017148124969893 0
      vertex 22.321893206875025 -15.629957890566004 0
    endloop
  endfacet
  facet normal 0 0 -1
    outer loop
      vertex 22.452610011627467 -19.51775611246759 0
      vertex 22.321893206875025 -15.629957890566004 0
      vertex 22.59127385212489 -15.238006619577853 0
    endloop
  endfacet
  facet normal 0 0 -1
    outer loop
      vertex 22.789822182789596 -19.122931388174543 0
      vertex 22.853772976512804 -14.841413704159487 0
      vertex 23.120092353344884 -18.722281633732663 0
    endloop
  endfacet
  facet normal 0 0 -1
    outer loop
      vertex 23.120092353344884 -18.722281633732663 0
      vertex 23.35780894413256 -14.034787541298975 0
      vertex 23.443319919799976 -18.315928890938334 0
    endloop
  endfacet
  facet normal 0 0 -1
    outer loop
      vertex 22.789822182789596 -19.122931388174543 0
      vertex 22.59127385212489 -15.238006619577853 0
      vertex 22.853772976512804 -14.841413704159487 0
    endloop
  endfacet
  facet normal 0 0 -1
    outer loop
      vertex 23.120092353344884 -18.722281633732663 0
      vertex 22.853772976512804 -14.841413704159487 0
      vertex 23.109310620262608 -14.440299950354834 0
    endloop
  endfacet
  facet normal 0 0 -1
    outer loop
      vertex 23.443319919799976 -18.315928890938334 0
      vertex 23.599192253125953 -13.625 0
      vertex 23.759406423906963 -17.903996938773435 0
    endloop
  endfacet
  facet normal 0 0 -1
    outer loop
      vertex 23.759406423906963 -17.903996938773435 0
      vertex 23.833387019548535 -13.211062151712685 0
      vertex 24.068255582654686 -17.486611255701074 0
    endloop
  endfacet
  facet normal 0 0 -1
    outer loop
      vertex 23.120092353344884 -18.722281633732663 0
      vertex 23.109310620262608 -14.440299950354834 0
      vertex 23.35780894413256 -14.034787541298975 0
    endloop
  endfacet
  facet normal 0 0 -1
    outer loop
      vertex 23.443319919799976 -18.315928890938334 0
      vertex 23.35780894413256 -14.034787541298975 0
      vertex 23.599192253125953 -13.625 0
    endloop
  endfacet
  facet normal 0 0 -1
    outer loop
      vertex 23.759406423906963 -17.903996938773435 0
      vertex 23.599192253125953 -13.625 0
      vertex 23.833387019548535 -13.211062151712685 0
    endloop
  endfacet
  facet normal 0 0 -1
    outer loop
      vertex 24.068255582654686 -17.486611255701074 0
      vertex 24.279927784133026 -12.37124111790265 0
      vertex 24.369773317597506 -17.06389898144362 0
    endloop
  endfacet
  facet normal 0 0 -1
    outer loop
      vertex 24.369773317597506 -17.06389898144362 0
      vertex 24.4921377616523 -11.94561375000236 0
      vertex 24.66386778351249 -16.63598887825472 0
    endloop
  endfacet
  facet normal 0 0 -1
    outer loop
      vertex 24.068255582654686 -17.486611255701074 0
      vertex 23.833387019548535 -13.211062151712685 0
      vertex 24.06032190540576 -12.793100085915524 0
    endloop
  endfacet
  facet normal 0 0 -1
    outer loop
      vertex 24.068255582654686 -17.486611255701074 0
      vertex 24.06032190540576 -12.793100085915524 0
      vertex 24.279927784133026 -12.37124111790265 0
    endloop
  endfacet
  facet normal 0 0 -1
    outer loop
      vertex 24.66386778351249 -16.63598887825472 0
      vertex 24.894113720760874 -11.083573523815556 0
      vertex 24.950449396376367 -16.203011291697056 0
    endloop
  endfacet
  facet normal 0 0 -1
    outer loop
      vertex 24.369773317597506 -17.06389898144362 0
      vertex 24.279927784133026 -12.37124111790265 0
      vertex 24.4921377616523 -11.94561375000236 0
    endloop
  endfacet
  facet normal 0 0 -1
    outer loop
      vertex 24.950449396376367 -16.203011291697056 0
      vertex 25.083757256579002 -10.647423251332711 0
      vertex 25.22943086065367 -15.765098110937846 0
    endloop
  endfacet
  facet normal 0 0 -1
    outer loop
      vertex 25.22943086065367 -15.765098110937846 0
      vertex 25.440066622048747 -9.765526625109432 0
      vertex 25.50072719588784 -15.32238272857411 0
    endloop
  endfacet
  facet normal 0 0 -1
    outer loop
      vertex 24.66386778351249 -16.63598887825472 0
      vertex 24.4921377616523 -11.94561375000236 0
      vertex 24.696887196748712 -11.51634763243406 0
    endloop
  endfacet
  facet normal 0 0 -1
    outer loop
      vertex 24.66386778351249 -16.63598887825472 0
      vertex 24.696887196748712 -11.51634763243406 0
      vertex 24.894113720760874 -11.083573523815556 0
    endloop
  endfacet
  facet normal 0 0 -1
    outer loop
      vertex 24.950449396376367 -16.203011291697056 0
      vertex 24.894113720760874 -11.083573523815556 0
      vertex 25.083757256579002 -10.647423251332711 0
    endloop
  endfacet
  facet normal 0 0 -1
    outer loop
      vertex 25.50072719588784 -15.32238272857411 0
      vertex 25.606623916416005 -9.320048905624473 0
      vertex 25.764255762587048 -14.875 0
    endloop
  endfacet
  facet normal 0 0 -1
    outer loop
      vertex 25.764255762587048 -14.875 0
      vertex 25.916290069042933 -8.420713096717316 0
      vertex 26.019936287397023 -14.423086202328527 0
    endloop
  endfacet
  facet normal 0 0 -1
    outer loop
      vertex 25.22943086065367 -15.765098110937846 0
      vertex 25.083757256579002 -10.647423251332711 0
      vertex 25.265760036944958 -10.208029670583603 0
    endloop
  endfacet
  facet normal 0 0 -1
    outer loop
      vertex 25.22943086065367 -15.765098110937846 0
      vertex 25.265760036944958 -10.208029670583603 0
      vertex 25.440066622048747 -9.765526625109432 0
    endloop
  endfacet
  facet normal 0 0 -1
    outer loop
      vertex 25.50072719588784 -15.32238272857411 0
      vertex 25.440066622048747 -9.765526625109432 0
      vertex 25.606623916416005 -9.320048905624473 0
    endloop
  endfacet
  facet normal 0 0 -1
    outer loop
      vertex 26.019936287397023 -14.423086202328527 0
      vertex 26.19438121431919 -7.511117946013227 0
      vertex 26.267690887553076 -13.96677899288025 0
    endloop
  endfacet
  facet normal 0 0 -1
    outer loop
      vertex 26.267690887553076 -13.96677899288025 0
      vertex 26.440558541020906 -6.592371655090946 0
      vertex 26.507444094603944 -13.506217367251518 0
    endloop
  endfacet
  facet normal 0 0 -1
    outer loop
      vertex 25.764255762587048 -14.875 0
      vertex 25.606623916416005 -9.320048905624473 0
      vertex 25.765381185081385 -8.87173220895752 0
    endloop
  endfacet
  facet normal 0 0 -1
    outer loop
      vertex 25.764255762587048 -14.875 0
      vertex 25.765381185081385 -8.87173220895752 0
      vertex 25.916290069042933 -8.420713096717316 0
    endloop
  endfacet
  facet normal 0 0 -1
    outer loop
      vertex 26.019936287397023 -14.423086202328527 0
      vertex 25.916290069042933 -8.420713096717316 0
      vertex 26.059304599992714 -7.967128953694577 0
    endloop
  endfacet
  facet normal 0 0 -1
    outer loop
      vertex 26.507444094603944 -13.506217367251518 0
      vertex 26.654522119996205 -5.665593574783942 0
      vertex 26.73912287740022 -13.041541616975055 0
    endloop
  endfacet
  facet normal 0 0 -1
    outer loop
      vertex 26.019936287397023 -14.423086202328527 0
      vertex 26.059304599992714 -7.967128953694577 0
      vertex 26.19438121431919 -7.511117946013227 0
    endloop
  endfacet
  facet normal 0 0 -1
    outer loop
      vertex 26.267690887553076 -13.96677899288025 0
      vertex 26.19438121431919 -7.511117946013227 0
      vertex 26.321478766377112 -7.05281897904369 0
    endloop
  endfacet
  facet normal 0 0 -1
    outer loop
      vertex 26.267690887553076 -13.96677899288025 0
      vertex 26.321478766377112 -7.05281897904369 0
      vertex 26.440558541020906 -6.592371655090946 0
    endloop
  endfacet
  facet normal 0 0 -1
    outer loop
      vertex 26.73912287740022 -13.041541616975055 0
      vertex 26.83601126958267 -4.731912841423852 0
      vertex 26.962656664340336 -12.572893286785808 0
    endloop
  endfacet
  facet normal 0 0 -1
    outer loop
      vertex 26.962656664340336 -12.572893286785808 0
      vertex 27.046882632226023 -3.320939607790269 0
      vertex 27.177977364867377 -12.100415131505056 0
    endloop
  endfacet
  facet normal 0 0 -1
    outer loop
      vertex 26.507444094603944 -13.506217367251518 0
      vertex 26.440558541020906 -6.592371655090946 0
      vertex 26.55158426539766 -6.129916230870322 0
    endloop
  endfacet
  facet normal 0 0 -1
    outer loop
      vertex 26.507444094603944 -13.506217367251518 0
      vertex 26.55158426539766 -6.129916230870322 0
      vertex 26.654522119996205 -5.665593574783942 0
    endloop
  endfacet
  facet normal 0 0 -1
    outer loop
      vertex 26.73912287740022 -13.041541616975055 0
      vertex 26.654522119996205 -5.665593574783942 0
      vertex 26.749340748948843 -5.199545124010846 0
    endloop
  endfacet
  facet normal 0 0 -1
    outer loop
      vertex 26.73912287740022 -13.041541616975055 0
      vertex 26.749340748948843 -5.199545124010846 0
      vertex 26.83601126958267 -4.731912841423852 0
    endloop
  endfacet
  facet normal 0 0 -1
    outer loop
      vertex 26.962656664340336 -12.572893286785808 0
      vertex 26.83601126958267 -4.731912841423852 0
      vertex 26.914507281217503 -4.2628391723462915 0
    endloop
  endfacet
  facet normal 0 0 -1
    outer loop
      vertex 26.962656664340336 -12.572893286785808 0
      vertex 26.914507281217503 -4.2628391723462915 0
      vertex 26.984804873207793 -3.7924670011617834 0
    endloop
  endfacet
  facet normal 0 0 -1
    outer loop
      vertex 26.962656664340336 -12.572893286785808 0
      vertex 26.984804873207793 -3.7924670011617834 0
      vertex 27.046882632226023 -3.320939607790269 0
    endloop
  endfacet
  facet normal 0 0 -1
    outer loop
      vertex 27.177977364867377 -12.100415131505056 0
      vertex 27.046882632226023 -3.320939607790269 0
      vertex 27.10072164878545 -2.848400624043557 0
    endloop
  endfacet
  facet normal 0 0 -1
    outer loop
      vertex 27.177977364867377 -12.100415131505056 0
      vertex 27.10072164878545 -2.848400624043557 0
      vertex 27.146305523000066 -2.374993989873685 0
    endloop
  endfacet
  facet normal 0 0 -1
    outer loop
      vertex 27.177977364867377 -12.100415131505056 0
      vertex 27.146305523000066 -2.374993989873685 0
      vertex 27.183620369580208 -1.9008639095274145 0
    endloop
  endfacet
  facet normal 0 0 -1
    outer loop
      vertex 27.177977364867377 -12.100415131505056 0
      vertex 27.183620369580208 -1.9008639095274145 0
      vertex 27.212654822062138 -1.4261548076202195 0
    endloop
  endfacet
  facet normal 0 0 -1
    outer loop
      vertex 27.177977364867377 -12.100415131505056 0
      vertex 27.212654822062138 -1.4261548076202195 0
      vertex 27.23340003627036 -0.9510112851431514 0
    endloop
  endfacet
  facet normal 0 0 -1
    outer loop
      vertex 27.177977364867377 -12.100415131505056 0
      vertex 27.23340003627036 -0.9510112851431514 0
      vertex 27.245849693011664 -0.4755780754159757 0
    endloop
  endfacet
  facet normal 0 0 -1
    outer loop
      vertex 27.177977364867377 -12.100415131505056 0
      vertex 27.3850193902101 11.624251072555895 0
      vertex 27.3850193902101 -11.624251072555895 0
    endloop
  endfacet
  facet normal 0 0 -1
    outer loop
      vertex 27.3850193902101 -11.624251072555895 0
      vertex 27.583719673361927 11.144546154123383 0
      vertex 27.583719673361927 -11.144546154123383 0
    endloop
  endfacet
  facet normal 0 0 -1
    outer loop
      vertex 27.583719673361927 -11.144546154123383 0
      vertex 27.774017688291753 10.661446498972683 0
      vertex 27.774017688291753 -10.661446498972683 0
    endloop
  endfacet
  facet normal 0 0 -1
    outer loop
      vertex 27.774017688291753 -10.661446498972683 0
      vertex 27.955855468380776 10.175099263938645 0
      vertex 27.955855468380776 -10.175099263938645 0
    endloop
  endfacet
  facet normal 0 0 -1
    outer loop
      vertex 27.955855468380776 -10.175099263938645 0
      vertex 28.129177624079677 9.685652595100413 0
      vertex 28.129177624079677 -9.685652595100413 0
    endloop
  endfacet
  facet normal 0 0 -1
    outer loop
      vertex 28.129177624079677 -9.685652595100413 0
      vertex 28.293931359780817 9.193255582654684 0
      vertex 28.293931359780817 -9.193255582654684 0
    endloop
  endfacet
  facet normal 0 0 -1
    outer loop
      vertex 28.293931359780817 -9.193255582654684 0
      vertex 28.450066489900305 8.698058215501419 0
      vertex 28.450066489900305 -8.698058215501419 0
    endloop
  endfacet
  facet normal 0 0 -1
    outer loop
      vertex 28.450066489900305 -8.698058215501419 0
      vertex 28.597535454164987 8.200211335555725 0
      vertex 28.597535454164987 -8.200211335555725 0
    endloop
  endfacet
  facet normal 0 0 -1
    outer loop
      vertex 28.597535454164987 -8.200211335555725 0
      vertex 28.736293332099784 7.699866591799992 0
      vertex 28.736293332099784 -7.699866591799992 0
    endloop
  endfacet
  facet normal 0 0 -1
    outer loop
      vertex 28.736293332099784 -7.699866591799992 0
      vertex 28.866297856710894 7.197176394090115 0
      vertex 28.866297856710894 -7.197176394090115 0
    endloop
  endfacet
  facet normal 0 0 -1
    outer loop
      vertex 28.866297856710894 -7.197176394090115 0
      vertex 28.98750942736075 6.692293866729984 0
      vertex 28.98750942736075 -6.692293866729984 0
    endloop
  endfacet
  facet normal 0 0 -1
    outer loop
      vertex 27.177977364867377 -12.100415131505056 0
      vertex 27.245849693011664 -0.4755780754159757 0
      vertex 27.3850193902101 11.624251072555895 0
    endloop
  endfacet
  facet normal 0 0 -1
    outer loop
      vertex 28.98750942736075 -6.692293866729984 0
      vertex 29.09989112183072 6.185372801828341 0
      vertex 29.09989112183072 -6.185372801828341 0
    endloop
  endfacet
  facet normal 0 0 -1
    outer loop
      vertex 29.09989112183072 -6.185372801828341 0
      vertex 29.203408707568002 5.6765676124522075 0
      vertex 29.203408707568002 -5.6765676124522075 0
    endloop
  endfacet
  facet normal 0 0 -1
    outer loop
      vertex 29.203408707568002 -5.6765676124522075 0
      vertex 29.298030652113187 5.166033285591177 0
      vertex 29.298030652113187 -5.166033285591177 0
    endloop
  endfacet
  facet normal 0 0 -1
    outer loop
      vertex 29.298030652113187 -5.166033285591177 0
      vertex 29.38372813270535 4.6539253349468686 0
      vertex 29.38372813270535 -4.6539253349468686 0
    endloop
  endfacet
  facet normal 0 0 -1
    outer loop
      vertex 29.38372813270535 -4.6539253349468686 0
      vertex 29.460475045061717 4.140399753561947 0
      vertex 29.460475045061717 -4.140399753561947 0
    endloop
  endfacet
  facet normal 0 0 -1
    outer loop
      vertex 29.460475045061717 -4.140399753561947 0
      vertex 29.528248011329328 3.6256129663031373 0
      vertex 29.528248011329328 -3.6256129663031373 0
    endloop
  endfacet
  facet normal 0 0 -1
    outer loop
      vertex 29.528248011329328 -3.6256129663031373 0
      vertex 29.58702638720613 3.1097217822126906 0
      vertex 29.58702638720613 -3.1097217822126906 0
    endloop
  endfacet
  facet normal 0 0 -1
    outer loop
      vertex 29.58702638720613 -3.1097217822126906 0
      vertex 29.63679226822943 2.5928833467428305 0
      vertex 29.63679226822943 -2.5928833467428305 0
    endloop
  endfacet
  facet normal 0 0 -1
    outer loop
      vertex 29.63679226822943 -2.5928833467428305 0
      vertex 29.67753049522977 2.0752550938877277 0
      vertex 29.67753049522977 -2.0752550938877277 0
    endloop
  endfacet
  facet normal 0 0 -1
    outer loop
      vertex 29.67753049522977 -2.0752550938877277 0
      vertex 29.70922865894857 1.556994698227579 0
      vertex 29.70922865894857 -1.556994698227579 0
    endloop
  endfacet
  facet normal 0 0 -1
    outer loop
      vertex 29.70922865894857 -1.556994698227579 0
      vertex 29.7318771038181 1.0382600268994038 0
      vertex 29.7318771038181 -1.0382600268994038 0
    endloop
  endfacet
  facet normal 0 0 -1
    outer loop
      vertex 29.7318771038181 -1.0382600268994038 0
      vertex 29.74546893090264 0.5192090915091845 0
      vertex 29.74546893090264 -0.5192090915091845 0
    endloop
  endfacet
  facet normal 0.8129139014870784 -0.5587002454746203 -0.16439289667031134
    outer loop
      vertex 24.369773317597506 -17.06389898144362 0
      vertex 24.66386778351249 -16.63598887825472 0
      vertex 30.052612005120263 -20.270742750814577 39
    endloop
  endfacet
  facet normal 0.8225407545230796 -0.5444278489138367 -0.16439289667031123
    outer loop
      vertex 24.66386778351249 -16.63598887825472 0
      vertex 24.950449396376367 -16.203011291697056 0
      vertex 30.40180808802162 -19.743165019294732 39
    endloop
  endfacet
  facet normal 0.8319170536771244 -0.5299896143562784 -0.16439289667031132
    outer loop
      vertex 24.950449396376367 -16.203011291697056 0
      vertex 25.22943086065367 -15.765098110937846 0
      vertex 30.74174348567044 -19.20957332845368 39
    endloop
  endfacet
  facet normal 0.8410399428376493 -0.5153899398280761 -0.16439289667031132
    outer loop
      vertex 25.22943086065367 -15.765098110937846 0
      vertex 25.50072719588784 -15.32238272857411 0
      vertex 31.07231465045157 -18.670130215489465 39
    endloop
  endfacet
  facet normal 0.8499066430842541 -0.5006332725314994 -0.16439289667031132
    outer loop
      vertex 25.50072719588784 -15.32238272857411 0
      vertex 25.764255762587048 -14.875 0
      vertex 31.3934208871859 -18.125 39
    endloop
  endfacet
  facet normal 0.8585144535341441 -0.4857241074903676 -0.16439289667031126
    outer loop
      vertex 25.764255762587048 -14.875 0
      vertex 26.019936287397023 -14.423086202328527 0
      vertex 31.704964383803095 -17.574348733929718 39
    endloop
  endfacet
  facet normal 0.8668607521648699 -0.47066698618078184 -0.16439289667031143
    outer loop
      vertex 26.019936287397023 -14.423086202328527 0
      vertex 26.267690887553076 -13.96677899288025 0
      vertex 32.00685024113611 -17.018344150988543 39
    endloop
  endfacet
  facet normal 0.8749429966130202 -0.4554664951477471 -0.16439289667031137
    outer loop
      vertex 26.267690887553076 -13.96677899288025 0
      vertex 26.507444094603944 -13.506217367251518 0
      vertex 32.29898650182834 -16.457155615558573 39
    endloop
  endfacet
  facet normal 0.8827587249486363 -0.4401272646080929 -0.16439289667031118
    outer loop
      vertex 26.507444094603944 -13.506217367251518 0
      vertex 26.73912287740022 -13.041541616975055 0
      vertex 32.5812841783448 -15.890954071104058 39
    endloop
  endfacet
  facet normal 0.8903055564251631 -0.4246539670400188 -0.16439289667031123
    outer loop
      vertex 26.73912287740022 -13.041541616975055 0
      vertex 26.962656664340336 -12.572893286785808 0
      vertex 32.85365728007856 -15.319911988100355 39
    endloop
  endfacet
  facet normal 0.8975811922046125 -0.4090513157598824 -0.1643928966703112
    outer loop
      vertex 26.962656664340336 -12.572893286785808 0
      vertex 27.177977364867377 -12.100415131505056 0
      vertex 33.11602283954428 -14.744203311497758 39
    endloop
  endfacet
  facet normal 0.9045834160578548 -0.39332406348639076 -0.16439289667031132
    outer loop
      vertex 27.177977364867377 -12.100415131505056 0
      vertex 27.3850193902101 -11.624251072555895 0
      vertex 33.368300937650964 -14.164003407736175 39
    endloop
  endfacet
  facet normal 0.9113100950396695 -0.3774770008929457 -0.1643928966703113
    outer loop
      vertex 27.3850193902101 -11.624251072555895 0
      vertex 27.583719673361927 -11.144546154123383 0
      vertex 33.610414728046045 -13.57948901132681 39
    endloop
  endfacet
  facet normal 0.917759180138476 -0.36151495514832666 -0.1643928966703113
    outer loop
      vertex 27.583719673361927 -11.144546154123383 0
      vertex 27.774017688291753 -10.661446498972683 0
      vertex 33.842290460523564 -12.990838171017135 39
    endloop
  endfacet
  facet normal 0.9239287069004795 -0.3454427884462957 -0.16439289667031132
    outer loop
      vertex 27.774017688291753 -10.661446498972683 0
      vertex 27.955855468380776 -10.175099263938645 0
      vertex 34.06385750348918 -12.398230195555492 39
    endloop
  endfacet
  facet normal 0.9298167960280617 -0.32926539652452735 -0.16439289667031126
    outer loop
      vertex 27.955855468380776 -10.175099263938645 0
      vertex 28.129177624079677 -9.685652595100413 0
      vertex 34.275048365475236 -11.80184559907193 39
    endloop
  endfacet
  facet normal 0.9354216539522408 -0.31298770717329893 -0.1643928966703112
    outer loop
      vertex 28.129177624079677 -9.685652595100413 0
      vertex 28.293931359780817 -9.193255582654684 0
      vertex 34.47579871569931 -11.201866046091842 39
    endloop
  endfacet
  facet normal 0.9407415733789858 -0.29661467873450686 -0.16439289667031134
    outer loop
      vertex 28.293931359780817 -9.193255582654684 0
      vertex 28.450066489900305 -8.698058215501419 0
      vertex 34.66604740366004 -10.598474296199209 39
    endloop
  endfacet
  facet normal 0.9457749338093152 -0.2801512985911893 -0.16439289667031137
    outer loop
      vertex 28.450066489900305 -8.698058215501419 0
      vertex 28.597535454164987 -8.200211335555725 0
      vertex 34.84573647776406 -9.991854148366219 39
    endloop
  endfacet
  facet normal 0.9505202020328782 -0.26360258164843653 -0.16439289667031123
    outer loop
      vertex 28.597535454164987 -8.200211335555725 0
      vertex 28.736293332099784 -7.699866591799992 0
      vertex 35.01481120297873 -9.382190384966377 39
    endloop
  endfacet
  facet normal 0.9549759325950088 -0.24697356880572774 -0.16439289667031134
    outer loop
      vertex 28.736293332099784 -7.699866591799992 0
      vertex 28.866297856710894 -7.197176394090115 0
      vertex 35.17322007750487 -8.769668715487954 39
    endloop
  endfacet
  facet normal 0.9591407682370063 -0.2302693254214937 -0.16439289667031118
    outer loop
      vertex 28.866297856710894 -7.197176394090115 0
      vertex 28.98750942736075 -6.692293866729984 0
      vertex 35.320914848464774 -8.154475719965106 39
    endloop
  endfacet
  facet normal 0.9630134403095967 -0.21349493977005454 -0.16439289667031118
    outer loop
      vertex 28.98750942736075 -6.692293866729984 0
      vertex 29.09989112183072 -6.185372801828341 0
      vertex 35.45785052660045 -7.5367987921437765 39
    endloop
  endfacet
  facet normal 0.9665927691593487 -0.19665552149178606 -0.16439289667031134
    outer loop
      vertex 29.09989112183072 -6.185372801828341 0
      vertex 29.203408707568002 -5.6765676124522075 0
      vertex 35.58398539997782 -6.916826082399749 39
    endloop
  endfacet
  facet normal 0.969877664488019 -0.1797562000366329 -0.16439289667031132
    outer loop
      vertex 29.203408707568002 -5.6765676124522075 0
      vertex 29.298030652113187 -5.166033285591177 0
      vertex 35.69928104669254 -6.294746440426224 39
    endloop
  endfacet
  facet normal 0.972867125684668 -0.16280212310162445 -0.1643928966703112
    outer loop
      vertex 29.298030652113187 -5.166033285591177 0
      vertex 29.38372813270535 -4.6539253349468686 0
      vertex 35.80370234657374 -5.670749357708369 39
    endloop
  endfacet
  facet normal 0.9755602421304633 -0.1457984550627893 -0.16439289667031132
    outer loop
      vertex 29.38372813270535 -4.6539253349468686 0
      vertex 29.460475045061717 -4.140399753561947 0
      vertex 35.897217491881925 -5.045024909802372 39
    endloop
  endfacet
  facet normal 0.9779561934760383 -0.12875037540217876 -0.16439289667031134
    outer loop
      vertex 29.460475045061717 -4.140399753561947 0
      vertex 29.528248011329328 -3.6256129663031373 0
      vertex 35.979797996997924 -4.417763698436596 39
    endloop
  endfacet
  facet normal 0.9800542498914057 -0.11166307712999146 -0.16439289667031123
    outer loop
      vertex 29.528248011329328 -3.6256129663031373 0
      vertex 29.58702638720613 -3.1097217822126906 0
      vertex 36.051418707099906 -3.789156793452438 39
    endloop
  endfacet
  facet normal 0.9818537722882578 -0.09454176520280572 -0.1643928966703113
    outer loop
      vertex 29.58702638720613 -3.1097217822126906 0
      vertex 29.63679226822943 -2.5928833467428305 0
      vertex 36.11205780582578 -3.1593956746026084 39
    endloop
  endfacet
  facet normal 0.9833542125146412 -0.07739165493807668 -0.1643928966703112
    outer loop
      vertex 29.63679226822943 -2.5928833467428305 0
      vertex 29.67753049522977 -2.0752550938877277 0
      vertex 36.161696821918625 -2.528672173224542 39
    endloop
  endfacet
  facet normal 0.9845551135219252 -0.06021797042555726 -0.16439289667031118
    outer loop
      vertex 29.67753049522977 -2.0752550938877277 0
      vertex 29.70922865894857 -1.556994698227579 0
      vertex 36.2003206348533 -1.897178413806714 39
    endloop
  endfacet
  facet normal 0.9854561095040308 -0.04302594293590536 -0.16439289667031118
    outer loop
      vertex 29.70922865894857 -1.556994698227579 0
      vertex 29.7318771038181 -1.0382600268994038 0
      vertex 36.22791747944222 -1.26510675546566 39
    endloop
  endfacet
  facet normal 0.9860569260088545 -0.025820809327217698 -0.1643928966703113
    outer loop
      vertex 29.7318771038181 -1.0382600268994038 0
      vertex 29.74546893090264 -0.5192090915091845 0
      vertex 36.24447894941918 -0.6326497333515273 39
    endloop
  endfacet
  facet normal 0.9863573800218678 -0.00860781044989035 -0.1643928966703113
    outer loop
      vertex 29.74546893090264 -0.5192090915091845 0
      vertex 29.75 0 0
      vertex 36.25 0 39
    endloop
  endfacet
  facet normal 0.008607810449890162 -0.9863573800218676 -0.1643928966703113
    outer loop
      vertex 0 -29.75 0
      vertex 0.6326497333515273 -36.24447894941918 39
      vertex 0 -36.25 39
    endloop
  endfacet
  facet normal 0.025820809327223276 -0.9860569260088544 -0.1643928966703113
    outer loop
      vertex 0.5192090915091845 -29.74546893090264 0
      vertex 1.26510675546566 -36.22791747944222 39
      vertex 0.6326497333515273 -36.24447894941918 39
    endloop
  endfacet
  facet normal 0.04302594293590481 -0.985456109504031 -0.16439289667031123
    outer loop
      vertex 1.556994698227579 -29.70922865894857 0
      vertex 1.897178413806714 -36.2003206348533 39
      vertex 1.26510675546566 -36.22791747944222 39
    endloop
  endfacet
  facet normal 0.0602179704255576 -0.9845551135219253 -0.1643928966703112
    outer loop
      vertex 2.0752550938877277 -29.67753049522977 0
      vertex 2.528672173224542 -36.161696821918625 39
      vertex 1.897178413806714 -36.2003206348533 39
    endloop
  endfacet
  facet normal 0.0773916549380708 -0.9833542125146416 -0.1643928966703113
    outer loop
      vertex 2.5928833467428305 -29.63679226822943 0
      vertex 3.1593956746026084 -36.11205780582578 39
      vertex 2.528672173224542 -36.161696821918625 39
    endloop
  endfacet
  facet normal 0.09454176520280683 -0.9818537722882577 -0.16439289667031126
    outer loop
      vertex 3.1097217822126906 -29.58702638720613 0
      vertex 3.789156793452438 -36.051418707099906 39
      vertex 3.1593956746026084 -36.11205780582578 39
    endloop
  endfacet
  facet normal 0.11166307712998595 -0.9800542498914063 -0.1643928966703113
    outer loop
      vertex 3.6256129663031373 -29.528248011329328 0
      vertex 4.417763698436596 -35.979797996997924 39
      vertex 3.789156793452438 -36.051418707099906 39
    endloop
  endfacet
  facet normal 0.12875037540218173 -0.9779561934760378 -0.1643928966703113
    outer loop
      vertex 4.140399753561947 -29.460475045061717 0
      vertex 5.045024909802372 -35.897217491881925 39
      vertex 4.417763698436596 -35.979797996997924 39
    endloop
  endfacet
  facet normal 0.14579845506279576 -0.9755602421304624 -0.1643928966703112
    outer loop
      vertex 4.6539253349468686 -29.38372813270535 0
      vertex 5.670749357708369 -35.80370234657374 39
      vertex 5.045024909802372 -35.897217491881925 39
    endloop
  endfacet
  facet normal 0.1628021231016184 -0.9728671256846692 -0.16439289667031132
    outer loop
      vertex 5.166033285591177 -29.298030652113187 0
      vertex 6.294746440426224 -35.69928104669254 39
      vertex 5.670749357708369 -35.80370234657374 39
    endloop
  endfacet
  facet normal 0.1797562000366318 -0.9698776644880192 -0.16439289667031132
    outer loop
      vertex 5.6765676124522075 -29.203408707568002 0
      vertex 6.916826082399749 -35.58398539997782 39
      vertex 6.294746440426224 -35.69928104669254 39
    endloop
  endfacet
  facet normal 0.19665552149179513 -0.9665927691593469 -0.16439289667031118
    outer loop
      vertex 6.185372801828341 -29.09989112183072 0
      vertex 7.5367987921437765 -35.45785052660045 39
      vertex 6.916826082399749 -35.58398539997782 39
    endloop
  endfacet
  facet normal 0.21349493977005504 -0.9630134403095966 -0.16439289667031118
    outer loop
      vertex 6.692293866729984 -28.98750942736075 0
      vertex 8.154475719965106 -35.320914848464774 39
      vertex 7.5367987921437765 -35.45785052660045 39
    endloop
  endfacet
  facet normal 0.23026932542148515 -0.9591407682370083 -0.1643928966703113
    outer loop
      vertex 7.197176394090115 -28.866297856710894 0
      vertex 8.769668715487954 -35.17322007750487 39
      vertex 8.154475719965106 -35.320914848464774 39
    endloop
  endfacet
  facet normal 0.24697356880573254 -0.9549759325950076 -0.16439289667031126
    outer loop
      vertex 7.699866591799992 -28.736293332099784 0
      vertex 9.382190384966377 -35.01481120297873 39
      vertex 8.769668715487954 -35.17322007750487 39
    endloop
  endfacet
  facet normal 0.26360258164842915 -0.9505202020328802 -0.16439289667031137
    outer loop
      vertex 8.200211335555725 -28.597535454164987 0
      vertex 9.991854148366219 -34.84573647776406 39
      vertex 9.382190384966377 -35.01481120297873 39
    endloop
  endfacet
  facet normal 0.2801512985911907 -0.9457749338093148 -0.16439289667031132
    outer loop
      vertex 8.698058215501419 -28.450066489900305 0
      vertex 10.598474296199209 -34.66604740366004 39
      vertex 9.991854148366219 -34.84573647776406 39
    endloop
  endfacet
  facet normal 0.29661467873451386 -0.9407415733789836 -0.1643928966703112
    outer loop
      vertex 9.193255582654684 -28.293931359780817 0
      vertex 11.201866046091842 -34.47579871569931 39
      vertex 10.598474296199209 -34.66604740366004 39
    endloop
  endfacet
  facet normal 0.31298770717329755 -0.9354216539522412 -0.1643928966703112
    outer loop
      vertex 9.685652595100413 -28.129177624079677 0
      vertex 11.80184559907193 -34.275048365475236 39
      vertex 11.201866046091842 -34.47579871569931 39
    endloop
  endfacet
  facet normal 0.32926539652452336 -0.9298167960280632 -0.16439289667031134
    outer loop
      vertex 10.175099263938645 -27.955855468380776 0
      vertex 12.398230195555492 -34.06385750348918 39
      vertex 11.80184559907193 -34.275048365475236 39
    endloop
  endfacet
  facet normal 0.3454427884462978 -0.9239287069004787 -0.1643928966703113
    outer loop
      vertex 10.661446498972683 -27.774017688291753 0
      vertex 12.990838171017135 -33.842290460523564 39
      vertex 12.398230195555492 -34.06385750348918 39
    endloop
  endfacet
  facet normal 0.36151495514832604 -0.9177591801384763 -0.16439289667031126
    outer loop
      vertex 11.144546154123383 -27.583719673361927 0
      vertex 13.57948901132681 -33.610414728046045 39
      vertex 12.990838171017135 -33.842290460523564 39
    endloop
  endfacet
  facet normal 0.3774770008929432 -0.9113100950396704 -0.16439289667031134
    outer loop
      vertex 11.624251072555895 -27.3850193902101 0
      vertex 14.164003407736175 -33.368300937650964 39
      vertex 13.57948901132681 -33.610414728046045 39
    endloop
  endfacet
  facet normal 0.3933240634863987 -0.9045834160578514 -0.16439289667031118
    outer loop
      vertex 12.100415131505056 -27.177977364867377 0
      vertex 14.744203311497758 -33.11602283954428 39
      vertex 14.164003407736175 -33.368300937650964 39
    endloop
  endfacet
  facet normal 0.4090513157598814 -0.8975811922046129 -0.16439289667031112
    outer loop
      vertex 12.572893286785808 -26.962656664340336 0
      vertex 15.319911988100355 -32.85365728007856 39
      vertex 14.744203311497758 -33.11602283954428 39
    endloop
  endfacet
  facet normal 0.4246539670400191 -0.8903055564251627 -0.16439289667031126
    outer loop
      vertex 13.041541616975055 -26.73912287740022 0
      vertex 15.890954071104058 -32.5812841783448 39
      vertex 15.319911988100355 -32.85365728007856 39
    endloop
  endfacet
  facet normal 0.4401272646080832 -0.882758724948641 -0.16439289667031134
    outer loop
      vertex 13.506217367251518 -26.507444094603944 0
      vertex 16.457155615558573 -32.29898650182834 39
      vertex 15.890954071104058 -32.5812841783448 39
    endloop
  endfacet
  facet normal 0.4554664951477442 -0.8749429966130218 -0.16439289667031134
    outer loop
      vertex 13.96677899288025 -26.267690887553076 0
      vertex 17.018344150988543 -32.00685024113611 39
      vertex 16.457155615558573 -32.29898650182834 39
    endloop
  endfacet
  facet normal 0.47066698618079106 -0.8668607521648649 -0.16439289667031123
    outer loop
      vertex 14.423086202328527 -26.019936287397023 0
      vertex 17.574348733929718 -31.704964383803095 39
      vertex 17.018344150988543 -32.00685024113611 39
    endloop
  endfacet
  facet normal 0.4857241074903642 -0.8585144535341461 -0.16439289667031134
    outer loop
      vertex 14.875 -25.764255762587048 0
      vertex 18.125 -31.3934208871859 39
      vertex 17.574348733929718 -31.704964383803095 39
    endloop
  endfacet
  facet normal 0.5006332725314998 -0.8499066430842539 -0.16439289667031137
    outer loop
      vertex 15.32238272857411 -25.50072719588784 0
      vertex 18.670130215489465 -31.07231465045157 39
      vertex 18.125 -31.3934208871859 39
    endloop
  endfacet
  facet normal 0.5153899398280767 -0.8410399428376488 -0.16439289667031143
    outer loop
      vertex 15.765098110937846 -25.22943086065367 0
      vertex 19.20957332845368 -30.74174348567044 39
      vertex 18.670130215489465 -31.07231465045157 39
    endloop
  endfacet
  facet normal 0 0 1
    outer loop
      vertex 0 -36.25 39
      vertex 0.6326497333515273 -36.24447894941918 39
      vertex 0.5977449204769603 -34.2447835591064 39
    endloop
  endfacet
  facet normal 0 0 1
    outer loop
      vertex 0.6326497333515273 -36.24447894941918 39
      vertex 1.26510675546566 -36.22791747944222 39
      vertex 0.5977449204769603 -34.2447835591064 39
    endloop
  endfacet
  facet normal 0 0 1
    outer loop
      vertex 0 -36.25 39
      vertex 0.5977449204769603 -34.2447835591064 39
      vertex 0 -34.25 39
    endloop
  endfacet
  facet normal 0 0 1
    outer loop
      vertex 1.26510675546566 -36.22791747944222 39
      vertex 1.1953077620606583 -34.22913582540403 39
      vertex 0.5977449204769603 -34.2447835591064 39
    endloop
  endfacet
  facet normal 0 0 1
    outer loop
      vertex 1.26510675546566 -36.22791747944222 39
      vertex 1.897178413806714 -36.2003206348533 39
      vertex 1.1953077620606583 -34.22913582540403 39
    endloop
  endfacet
  facet normal 0 0 1
    outer loop
      vertex 1.897178413806714 -36.2003206348533 39
      vertex 2.528672173224542 -36.161696821918625 39
      vertex 1.7925065013208263 -34.20306156534416 39
    endloop
  endfacet
  facet normal 0 0 1
    outer loop
      vertex 1.897178413806714 -36.2003206348533 39
      vertex 1.7925065013208263 -34.20306156534416 39
      vertex 1.1953077620606583 -34.22913582540403 39
    endloop
  endfacet
  facet normal 0 0 1
    outer loop
      vertex 2.528672173224542 -36.161696821918625 39
      vertex 2.3891592257362917 -34.16656872139898 39
      vertex 1.7925065013208263 -34.20306156534416 39
    endloop
  endfacet
  facet normal 0 0 1
    outer loop
      vertex 2.528672173224542 -36.161696821918625 39
      vertex 3.1593956746026084 -36.11205780582578 39
      vertex 2.3891592257362917 -34.16656872139898 39
    endloop
  endfacet
  facet normal 0 0 1
    outer loop
      vertex 3.1593956746026084 -36.11205780582578 39
      vertex 3.789156793452438 -36.051418707099906 39
      vertex 2.985084189107292 -34.11966840964229 39
    endloop
  endfacet
  facet normal 0 0 1
    outer loop
      vertex 3.1593956746026084 -36.11205780582578 39
      vertex 2.985084189107292 -34.11966840964229 39
      vertex 2.3891592257362917 -34.16656872139898 39
    endloop
  endfacet
  facet normal 0 0 1
    outer loop
      vertex 3.789156793452438 -36.051418707099906 39
      vertex 4.417763698436596 -35.979797996997924 39
      vertex 3.5800998669171316 -34.06237491636336 39
    endloop
  endfacet
  facet normal 0 0 1
    outer loop
      vertex 3.789156793452438 -36.051418707099906 39
      vertex 3.5800998669171316 -34.06237491636336 39
      vertex 2.985084189107292 -34.11966840964229 39
    endloop
  endfacet
  facet normal 0 0 1
    outer loop
      vertex 4.417763698436596 -35.979797996997924 39
      vertex 4.174025011626301 -33.994705693715275 39
      vertex 3.5800998669171316 -34.06237491636336 39
    endloop
  endfacet
  facet normal 0 0 1
    outer loop
      vertex 4.417763698436596 -35.979797996997924 39
      vertex 5.045024909802372 -35.897217491881925 39
      vertex 4.174025011626301 -33.994705693715275 39
    endloop
  endfacet
  facet normal 0 0 1
    outer loop
      vertex 5.045024909802372 -35.897217491881925 39
      vertex 5.670749357708369 -35.80370234657374 39
      vertex 4.7666787078822415 -33.91668135439878 39
    endloop
  endfacet
  facet normal 0 0 1
    outer loop
      vertex 5.045024909802372 -35.897217491881925 39
      vertex 4.7666787078822415 -33.91668135439878 39
      vertex 4.174025011626301 -33.994705693715275 39
    endloop
  endfacet
  facet normal 0 0 1
    outer loop
      vertex 5.670749357708369 -35.80370234657374 39
      vertex 5.357880427627907 -33.82832566538347 39
      vertex 4.7666787078822415 -33.91668135439878 39
    endloop
  endfacet
  facet normal 0 0 1
    outer loop
      vertex 5.670749357708369 -35.80370234657374 39
      vertex 6.294746440426224 -35.69928104669254 39
      vertex 5.357880427627907 -33.82832566538347 39
    endloop
  endfacet
  facet normal 0 0 1
    outer loop
      vertex 6.294746440426224 -35.69928104669254 39
      vertex 5.947450085092364 -33.72966554066812 39
      vertex 5.357880427627907 -33.82832566538347 39
    endloop
  endfacet
  facet normal 0 0 1
    outer loop
      vertex 6.294746440426224 -35.69928104669254 39
      vertex 6.916826082399749 -35.58398539997782 39
      vertex 5.947450085092364 -33.72966554066812 39
    endloop
  endfacet
  facet normal 0 0 1
    outer loop
      vertex 6.916826082399749 -35.58398539997782 39
      vertex 6.53520809164666 -33.62073103308249 39
      vertex 5.947450085092364 -33.72966554066812 39
    endloop
  endfacet
  facet normal 0 0 1
    outer loop
      vertex 6.916826082399749 -35.58398539997782 39
      vertex 7.5367987921437765 -35.45785052660045 39
      vertex 6.53520809164666 -33.62073103308249 39
    endloop
  endfacet
  facet normal 0 0 1
    outer loop
      vertex 7.5367987921437765 -35.45785052660045 39
      vertex 7.120975410508257 -33.50155532513284 39
      vertex 6.53520809164666 -33.62073103308249 39
    endloop
  endfacet
  facet normal 0 0 1
    outer loop
      vertex 7.5367987921437765 -35.45785052660045 39
      vertex 8.154475719965106 -35.320914848464774 39
      vertex 7.120975410508257 -33.50155532513284 39
    endloop
  endfacet
  facet normal 0 0 1
    outer loop
      vertex 8.154475719965106 -35.320914848464774 39
      vertex 7.704573611277376 -33.37217471889431 39
      vertex 7.120975410508257 -33.50155532513284 39
    endloop
  endfacet
  facet normal 0 0 1
    outer loop
      vertex 8.154475719965106 -35.320914848464774 39
      vertex 8.769668715487954 -35.17322007750487 39
      vertex 7.704573611277376 -33.37217471889431 39
    endloop
  endfacet
  facet normal 0 0 1
    outer loop
      vertex 8.769668715487954 -35.17322007750487 39
      vertex 9.382190384966377 -35.01481120297873 39
      vertex 8.28582492428862 -33.23262862495288 39
    endloop
  endfacet
  facet normal 0 0 1
    outer loop
      vertex 8.769668715487954 -35.17322007750487 39
      vertex 8.28582492428862 -33.23262862495288 39
      vertex 7.704573611277376 -33.37217471889431 39
    endloop
  endfacet
  facet normal 0 0 1
    outer loop
      vertex 9.382190384966377 -35.01481120297873 39
      vertex 8.864552294761335 -33.08295955040059 39
      vertex 8.28582492428862 -33.23262862495288 39
    endloop
  endfacet
  facet normal 0 0 1
    outer loop
      vertex 9.382190384966377 -35.01481120297873 39
      vertex 9.991854148366219 -34.84573647776406 39
      vertex 8.864552294761335 -33.08295955040059 39
    endloop
  endfacet
  facet normal 0 0 1
    outer loop
      vertex 9.991854148366219 -34.84573647776406 39
      vertex 10.598474296199209 -34.66604740366004 39
      vertex 9.440579436732222 -32.923213085887426 39
    endloop
  endfacet
  facet normal 0 0 1
    outer loop
      vertex 9.991854148366219 -34.84573647776406 39
      vertex 9.440579436732222 -32.923213085887426 39
      vertex 8.864552294761335 -33.08295955040059 39
    endloop
  endfacet
  facet normal 0 0 1
    outer loop
      vertex 10.598474296199209 -34.66604740366004 39
      vertex 10.013730886753734 -32.75343789173397 39
      vertex 9.440579436732222 -32.923213085887426 39
    endloop
  endfacet
  facet normal 0 0 1
    outer loop
      vertex 10.598474296199209 -34.66604740366004 39
      vertex 10.583832057341949 -32.573685683109005 39
      vertex 10.013730886753734 -32.75343789173397 39
    endloop
  endfacet
  facet normal 0 0 1
    outer loop
      vertex 10.598474296199209 -34.66604740366004 39
      vertex 11.201866046091842 -34.47579871569931 39
      vertex 10.583832057341949 -32.573685683109005 39
    endloop
  endfacet
  facet normal 0 0 1
    outer loop
      vertex 11.201866046091842 -34.47579871569931 39
      vertex 11.150709290157616 -32.384011214276605 39
      vertex 10.583832057341949 -32.573685683109005 39
    endloop
  endfacet
  facet normal 0 0 1
    outer loop
      vertex 11.201866046091842 -34.47579871569931 39
      vertex 11.80184559907193 -34.275048365475236 39
      vertex 11.150709290157616 -32.384011214276605 39
    endloop
  endfacet
  facet normal 0 0 1
    outer loop
      vertex 11.80184559907193 -34.275048365475236 39
      vertex 11.714189908904153 -32.184472261917364 39
      vertex 11.150709290157616 -32.384011214276605 39
    endloop
  endfacet
  facet normal 0 0 1
    outer loop
      vertex 11.80184559907193 -34.275048365475236 39
      vertex 12.398230195555492 -34.06385750348918 39
      vertex 11.714189908904153 -32.184472261917364 39
    endloop
  endfacet
  facet normal 0 0 1
    outer loop
      vertex 12.398230195555492 -34.06385750348918 39
      vertex 12.274102271926534 -31.97512960752916 39
      vertex 11.714189908904153 -32.184472261917364 39
    endloop
  endfacet
  facet normal 0 0 1
    outer loop
      vertex 12.398230195555492 -34.06385750348918 39
      vertex 12.990838171017135 -33.842290460523564 39
      vertex 12.274102271926534 -31.97512960752916 39
    endloop
  endfacet
  facet normal 0 0 1
    outer loop
      vertex 12.990838171017135 -33.842290460523564 39
      vertex 13.57948901132681 -33.610414728046045 39
      vertex 12.830275824494986 -31.75604701891247 39
    endloop
  endfacet
  facet normal 0 0 1
    outer loop
      vertex 12.990838171017135 -33.842290460523564 39
      vertex 12.830275824494986 -31.75604701891247 39
      vertex 12.274102271926534 -31.97512960752916 39
    endloop
  endfacet
  facet normal 0 0 1
    outer loop
      vertex 13.57948901132681 -33.610414728046045 39
      vertex 13.382541150757627 -31.527291230746084 39
      vertex 12.830275824494986 -31.75604701891247 39
    endloop
  endfacet
  facet normal 0 0 1
    outer loop
      vertex 13.57948901132681 -33.610414728046045 39
      vertex 14.164003407736175 -33.368300937650964 39
      vertex 13.382541150757627 -31.527291230746084 39
    endloop
  endfacet
  facet normal 0 0 1
    outer loop
      vertex 14.164003407736175 -33.368300937650964 39
      vertex 13.930730025346158 -31.288931924259078 39
      vertex 13.382541150757627 -31.527291230746084 39
    endloop
  endfacet
  facet normal 0 0 1
    outer loop
      vertex 14.164003407736175 -33.368300937650964 39
      vertex 14.744203311497758 -33.11602283954428 39
      vertex 13.930730025346158 -31.288931924259078 39
    endloop
  endfacet
  facet normal 0 0 1
    outer loop
      vertex 14.744203311497758 -33.11602283954428 39
      vertex 14.474675464618956 -31.04104170600526 39
      vertex 13.930730025346158 -31.288931924259078 39
    endloop
  endfacet
  facet normal 0 0 1
    outer loop
      vertex 14.744203311497758 -33.11602283954428 39
      vertex 15.319911988100355 -32.85365728007856 39
      vertex 14.474675464618956 -31.04104170600526 39
    endloop
  endfacet
  facet normal 0 0 1
    outer loop
      vertex 15.319911988100355 -32.85365728007856 39
      vertex 15.890954071104058 -32.5812841783448 39
      vertex 15.014211777525903 -30.78369608574647 39
    endloop
  endfacet
  facet normal 0 0 1
    outer loop
      vertex 15.890954071104058 -32.5812841783448 39
      vertex 16.457155615558573 -32.29898650182834 39
      vertex 15.549174616079478 -30.5169734534516 39
    endloop
  endfacet
  facet normal 0 0 1
    outer loop
      vertex 15.319911988100355 -32.85365728007856 39
      vertex 15.014211777525903 -30.78369608574647 39
      vertex 14.474675464618956 -31.04104170600526 39
    endloop
  endfacet
  facet normal 0 0 1
    outer loop
      vertex 15.890954071104058 -32.5812841783448 39
      vertex 15.549174616079478 -30.5169734534516 39
      vertex 15.014211777525903 -30.78369608574647 39
    endloop
  endfacet
  facet normal 0 0 1
    outer loop
      vertex 16.457155615558573 -32.29898650182834 39
      vertex 16.07940102541676 -30.24095505541825 39
      vertex 15.549174616079478 -30.5169734534516 39
    endloop
  endfacet
  facet normal 0 0 1
    outer loop
      vertex 16.457155615558573 -32.29898650182834 39
      vertex 17.018344150988543 -32.00685024113611 39
      vertex 16.07940102541676 -30.24095505541825 39
    endloop
  endfacet
  facet normal 0 0 1
    outer loop
      vertex 17.018344150988543 -32.00685024113611 39
      vertex 16.604729493437045 -29.955724969524304 39
      vertex 16.07940102541676 -30.24095505541825 39
    endloop
  endfacet
  facet normal 0 0 1
    outer loop
      vertex 17.018344150988543 -32.00685024113611 39
      vertex 17.574348733929718 -31.704964383803095 39
      vertex 16.604729493437045 -29.955724969524304 39
    endloop
  endfacet
  facet normal 0 0 1
    outer loop
      vertex 17.574348733929718 -31.704964383803095 39
      vertex 18.125 -31.3934208871859 39
      vertex 17.125 -29.661370079617022 39
    endloop
  endfacet
  facet normal 0 0 1
    outer loop
      vertex 17.574348733929718 -31.704964383803095 39
      vertex 17.125 -29.661370079617022 39
      vertex 16.604729493437045 -29.955724969524304 39
    endloop
  endfacet
  facet normal 0 0 1
    outer loop
      vertex 18.125 -31.3934208871859 39
      vertex 17.640054065669354 -29.35798004904735 39
      vertex 17.125 -29.661370079617022 39
    endloop
  endfacet
  facet normal 0.5299896143562826 -0.8319170536771218 -0.1643928966703111
    outer loop
      vertex 16.203011291697056 -24.950449396376367 0
      vertex 19.743165019294732 -30.40180808802162 39
      vertex 19.20957332845368 -30.74174348567044 39
    endloop
  endfacet
  facet normal 0.5444278489138317 -0.8225407545230828 -0.16439289667031134
    outer loop
      vertex 16.63598887825472 -24.66386778351249 0
      vertex 20.270742750814577 -30.052612005120263 39
      vertex 19.743165019294732 -30.40180808802162 39
    endloop
  endfacet
  facet normal 0.5587002454746259 -0.8129139014870745 -0.16439289667031132
    outer loop
      vertex 17.06389898144362 -24.369773317597506 0
      vertex 20.79214581772542 -29.69426160547595 39
      vertex 20.270742750814577 -30.052612005120263 39
    endloop
  endfacet
  facet normal 0.5728024565283758 -0.8030394270018145 -0.1643928966703112
    outer loop
      vertex 17.486611255701074 -24.068255582654686 0
      vertex 21.30721539560215 -29.326866046091844 39
      vertex 20.79214581772542 -29.69426160547595 39
    endloop
  endfacet
  facet normal 0.5867301864050146 -0.7929203389278654 -0.16439289667031137
    outer loop
      vertex 17.903996938773435 -23.759406423906963 0
      vertex 21.81579458926175 -28.950537239214366 39
      vertex 21.30721539560215 -29.326866046091844 39
    endloop
  endfacet
  facet normal 0.6004791925830916 -0.7825597196374873 -0.16439289667031134
    outer loop
      vertex 18.315928890938334 -23.443319919799976 0
      vertex 22.317728480555115 -28.56538981824367 39
      vertex 21.81579458926175 -28.950537239214366 39
    endloop
  endfacet
  facet normal 0.6140452869821389 -0.7719607250756783 -0.1643928966703112
    outer loop
      vertex 18.722281633732663 -23.120092353344884 0
      vertex 22.812864175556605 -28.171541102815194 39
      vertex 22.317728480555115 -28.56538981824367 39
    endloop
  endfacet
  facet normal 0.6274243372383723 -0.7611265837988668 -0.16439289667031143
    outer loop
      vertex 19.122931388174543 -22.789822182789596 0
      vertex 23.30105085113705 -27.769111063062955 39
      vertex 22.812864175556605 -28.171541102815194 39
    endloop
  endfacet
  facet normal 0.640612267963494 -0.7500605959914259 -0.16439289667031137
    outer loop
      vertex 19.51775611246759 -22.452610011627467 0
      vertex 23.782139800905888 -27.358222283075484 39
      vertex 23.30105085113705 -27.769111063062955 39
    endloop
  endfacet
  facet normal 0.6536050619860372 -0.7387661324604511 -0.16439289667031137
    outer loop
      vertex 19.906635539176033 -22.108558557952477 0
      vertex 24.255984480508612 -26.938999923555542 39
      vertex 23.782139800905888 -27.358222283075484 39
    endloop
  endfacet
  facet normal 0.666398761575097 -0.72724663360893 -0.1643928966703113
    outer loop
      vertex 20.28945121185933 -21.75777262317032 0
      vertex 24.72244055226557 -26.51157168369493 39
      vertex 24.255984480508612 -26.938999923555542 39
    endloop
  endfacet
  facet normal 0.678989469645817 -0.7155056083878285 -0.16439289667031123
    outer loop
      vertex 20.66608652115517 -21.400359060074873 0
      vertex 25.18136592913865 -26.076067762276107 39
      vertex 24.72244055226557 -26.51157168369493 39
    endloop
  endfacet
  facet normal 0.6913733509465737 -0.7035466332271445 -0.16439289667031118
    outer loop
      vertex 21.03642674029979 -21.03642674029979 0
      vertex 25.63262081801235 -25.63262081801235 39
      vertex 25.18136592913865 -26.076067762276107 39
    endloop
  endfacet
  facet normal 0.7035466332271445 -0.6913733509465737 -0.16439289667031118
    outer loop
      vertex 21.03642674029979 -21.03642674029979 0
      vertex 26.076067762276107 -25.18136592913865 39
      vertex 25.63262081801235 -25.63262081801235 39
    endloop
  endfacet
  facet normal 0.7155056083878285 -0.678989469645817 -0.16439289667031123
    outer loop
      vertex 21.400359060074873 -20.66608652115517 0
      vertex 26.51157168369493 -24.72244055226557 39
      vertex 26.076067762276107 -25.18136592913865 39
    endloop
  endfacet
  facet normal 0.72724663360893 -0.666398761575097 -0.1643928966703113
    outer loop
      vertex 21.75777262317032 -20.28945121185933 0
      vertex 26.938999923555542 -24.255984480508612 39
      vertex 26.51157168369493 -24.72244055226557 39
    endloop
  endfacet
  facet normal 0.7387661324604511 -0.6536050619860372 -0.16439289667031137
    outer loop
      vertex 22.108558557952477 -19.906635539176033 0
      vertex 27.358222283075484 -23.782139800905888 39
      vertex 26.938999923555542 -24.255984480508612 39
    endloop
  endfacet
  facet normal 0.7500605959914259 -0.640612267963494 -0.16439289667031137
    outer loop
      vertex 22.452610011627467 -19.51775611246759 0
      vertex 27.769111063062955 -23.30105085113705 39
      vertex 27.358222283075484 -23.782139800905888 39
    endloop
  endfacet
  facet normal 0.7611265837988668 -0.6274243372383723 -0.16439289667031143
    outer loop
      vertex 22.789822182789596 -19.122931388174543 0
      vertex 28.171541102815194 -22.812864175556605 39
      vertex 27.769111063062955 -23.30105085113705 39
    endloop
  endfacet
  facet normal 0.7719607250756783 -0.6140452869821389 -0.1643928966703112
    outer loop
      vertex 23.120092353344884 -18.722281633732663 0
      vertex 28.56538981824367 -22.317728480555115 39
      vertex 28.171541102815194 -22.812864175556605 39
    endloop
  endfacet
  facet normal 0.7825597196374873 -0.6004791925830916 -0.16439289667031134
    outer loop
      vertex 23.443319919799976 -18.315928890938334 0
      vertex 28.950537239214366 -21.81579458926175 39
      vertex 28.56538981824367 -22.317728480555115 39
    endloop
  endfacet
  facet normal 0.7929203389278654 -0.5867301864050146 -0.16439289667031137
    outer loop
      vertex 23.759406423906963 -17.903996938773435 0
      vertex 29.326866046091844 -21.30721539560215 39
      vertex 28.950537239214366 -21.81579458926175 39
    endloop
  endfacet
  facet normal 0.8030394270018145 -0.5728024565283758 -0.1643928966703112
    outer loop
      vertex 24.068255582654686 -17.486611255701074 0
      vertex 29.69426160547595 -20.79214581772542 39
      vertex 29.326866046091844 -21.30721539560215 39
    endloop
  endfacet
  facet normal 0.8129139014870745 -0.5587002454746259 -0.16439289667031132
    outer loop
      vertex 24.369773317597506 -17.06389898144362 0
      vertex 30.052612005120263 -20.270742750814577 39
      vertex 29.69426160547595 -20.79214581772542 39
    endloop
  endfacet
  facet normal 0.8225407545230828 -0.5444278489138317 -0.16439289667031134
    outer loop
      vertex 24.66386778351249 -16.63598887825472 0
      vertex 30.40180808802162 -19.743165019294732 39
      vertex 30.052612005120263 -20.270742750814577 39
    endloop
  endfacet
  facet normal 0.8319170536771218 -0.5299896143562826 -0.1643928966703111
    outer loop
      vertex 24.950449396376367 -16.203011291697056 0
      vertex 30.74174348567044 -19.20957332845368 39
      vertex 30.40180808802162 -19.743165019294732 39
    endloop
  endfacet
  facet normal 0 0 1
    outer loop
      vertex 18.125 -31.3934208871859 39
      vertex 18.670130215489465 -31.07231465045157 39
      vertex 17.640054065669354 -29.35798004904735 39
    endloop
  endfacet
  facet normal 0 0 1
    outer loop
      vertex 18.670130215489465 -31.07231465045157 39
      vertex 18.149734799987268 -29.04564729335759 39
      vertex 17.640054065669354 -29.35798004904735 39
    endloop
  endfacet
  facet normal 0 0 1
    outer loop
      vertex 18.670130215489465 -31.07231465045157 39
      vertex 18.653886949264677 -28.724466952130772 39
      vertex 18.149734799987268 -29.04564729335759 39
    endloop
  endfacet
  facet normal 0 0 1
    outer loop
      vertex 18.670130215489465 -31.07231465045157 39
      vertex 19.20957332845368 -30.74174348567044 39
      vertex 18.653886949264677 -28.724466952130772 39
    endloop
  endfacet
  facet normal 0 0 1
    outer loop
      vertex 19.20957332845368 -30.74174348567044 39
      vertex 19.743165019294732 -30.40180808802162 39
      vertex 19.15235694387308 -28.39453686001018 39
    endloop
  endfacet
  facet normal 0 0 1
    outer loop
      vertex 19.743165019294732 -30.40180808802162 39
      vertex 20.270742750814577 -30.052612005120263 39
      vertex 19.644992945023326 -28.05595751689797 39
    endloop
  endfacet
  facet normal 0 0 1
    outer loop
      vertex 19.20957332845368 -30.74174348567044 39
      vertex 19.15235694387308 -28.39453686001018 39
      vertex 18.653886949264677 -28.724466952130772 39
    endloop
  endfacet
  facet normal 0 0 1
    outer loop
      vertex 19.743165019294732 -30.40180808802162 39
      vertex 19.644992945023326 -28.05595751689797 39
      vertex 19.15235694387308 -28.39453686001018 39
    endloop
  endfacet
  facet normal 0 0 1
    outer loop
      vertex 20.270742750814577 -30.052612005120263 39
      vertex 20.131644891017206 -27.70883205734195 39
      vertex 19.644992945023326 -28.05595751689797 39
    endloop
  endfacet
  facet normal 0 0 1
    outer loop
      vertex 20.270742750814577 -30.052612005120263 39
      vertex 20.79214581772542 -29.69426160547595 39
      vertex 20.131644891017206 -27.70883205734195 39
    endloop
  endfacet
  facet normal 0 0 1
    outer loop
      vertex 20.79214581772542 -29.69426160547595 39
      vertex 21.30721539560215 -29.326866046091844 39
      vertex 20.612164542957654 -27.353266219119778 39
    endloop
  endfacet
  facet normal 0 0 1
    outer loop
      vertex 21.30721539560215 -29.326866046091844 39
      vertex 21.81579458926175 -28.950537239214366 39
      vertex 21.086405529903796 -26.989368311030226 39
    endloop
  endfacet
  facet normal 0 0 1
    outer loop
      vertex 20.79214581772542 -29.69426160547595 39
      vertex 20.612164542957654 -27.353266219119778 39
      vertex 20.131644891017206 -27.70883205734195 39
    endloop
  endfacet
  facet normal 0 0 1
    outer loop
      vertex 21.30721539560215 -29.326866046091844 39
      vertex 21.086405529903796 -26.989368311030226 39
      vertex 20.612164542957654 -27.353266219119778 39
    endloop
  endfacet
  facet normal 0 0 1
    outer loop
      vertex 21.81579458926175 -28.950537239214366 39
      vertex 21.55422339345693 -26.617249179901254 39
      vertex 21.086405529903796 -26.989368311030226 39
    endloop
  endfacet
  facet normal 0 0 1
    outer loop
      vertex 21.81579458926175 -28.950537239214366 39
      vertex 22.317728480555115 -28.56538981824367 39
      vertex 21.55422339345693 -26.617249179901254 39
    endloop
  endfacet
  facet normal 0 0 1
    outer loop
      vertex 22.317728480555115 -28.56538981824367 39
      vertex 22.812864175556605 -28.171541102815194 39
      vertex 22.01547563176397 -26.237022176824997 39
    endloop
  endfacet
  facet normal 0 0 1
    outer loop
      vertex 22.812864175556605 -28.171541102815194 39
      vertex 23.30105085113705 -27.769111063062955 39
      vertex 22.470021742924875 -25.848803122629942 39
    endloop
  endfacet
  facet normal 0 0 1
    outer loop
      vertex 22.317728480555115 -28.56538981824367 39
      vertex 22.01547563176397 -26.237022176824997 39
      vertex 21.55422339345693 -26.617249179901254 39
    endloop
  endfacet
  facet normal 0 0 1
    outer loop
      vertex 22.812864175556605 -28.171541102815194 39
      vertex 22.470021742924875 -25.848803122629942 39
      vertex 22.01547563176397 -26.237022176824997 39
    endloop
  endfacet
  facet normal 0 0 1
    outer loop
      vertex 23.30105085113705 -27.769111063062955 39
      vertex 22.917723267790894 -25.452710272600754 39
      vertex 22.470021742924875 -25.848803122629942 39
    endloop
  endfacet
  facet normal 0 0 1
    outer loop
      vertex 23.30105085113705 -27.769111063062955 39
      vertex 23.782139800905888 -27.358222283075484 39
      vertex 22.917723267790894 -25.452710272600754 39
    endloop
  endfacet
  facet normal 0 0 1
    outer loop
      vertex 23.782139800905888 -27.358222283075484 39
      vertex 23.358443832140573 -25.048864280456588 39
      vertex 22.917723267790894 -25.452710272600754 39
    endloop
  endfacet
  facet normal 0 0 1
    outer loop
      vertex 23.782139800905888 -27.358222283075484 39
      vertex 24.255984480508612 -26.938999923555542 39
      vertex 23.358443832140573 -25.048864280456588 39
    endloop
  endfacet
  facet normal 0 0 1
    outer loop
      vertex 24.255984480508612 -26.938999923555542 39
      vertex 23.792049188220656 -24.637388161598803 39
      vertex 23.358443832140573 -25.048864280456588 39
    endloop
  endfacet
  facet normal 0 0 1
    outer loop
      vertex 24.255984480508612 -26.938999923555542 39
      vertex 24.218407255639253 -24.218407255639253 39
      vertex 23.792049188220656 -24.637388161598803 39
    endloop
  endfacet
  facet normal 0 0 1
    outer loop
      vertex 24.255984480508612 -26.938999923555542 39
      vertex 24.72244055226557 -26.51157168369493 39
      vertex 24.218407255639253 -24.218407255639253 39
    endloop
  endfacet
  facet normal 0 0 1
    outer loop
      vertex 24.72244055226557 -26.51157168369493 39
      vertex 25.18136592913865 -26.076067762276107 39
      vertex 24.637388161598803 -23.792049188220656 39
    endloop
  endfacet
  facet normal 0 0 1
    outer loop
      vertex 24.72244055226557 -26.51157168369493 39
      vertex 24.637388161598803 -23.792049188220656 39
      vertex 24.218407255639253 -24.218407255639253 39
    endloop
  endfacet
  facet normal 0 0 1
    outer loop
      vertex 25.18136592913865 -26.076067762276107 39
      vertex 25.63262081801235 -25.63262081801235 39
      vertex 25.048864280456588 -23.358443832140573 39
    endloop
  endfacet
  facet normal 0 0 1
    outer loop
      vertex 25.18136592913865 -26.076067762276107 39
      vertex 25.048864280456588 -23.358443832140573 39
      vertex 24.637388161598803 -23.792049188220656 39
    endloop
  endfacet
  facet normal 0 0 1
    outer loop
      vertex 25.63262081801235 -25.63262081801235 39
      vertex 25.452710272600754 -22.917723267790894 39
      vertex 25.048864280456588 -23.358443832140573 39
    endloop
  endfacet
  facet normal 0 0 1
    outer loop
      vertex 25.63262081801235 -25.63262081801235 39
      vertex 26.076067762276107 -25.18136592913865 39
      vertex 25.452710272600754 -22.917723267790894 39
    endloop
  endfacet
  facet normal 0 0 1
    outer loop
      vertex 26.076067762276107 -25.18136592913865 39
      vertex 25.848803122629942 -22.470021742924875 39
      vertex 25.452710272600754 -22.917723267790894 39
    endloop
  endfacet
  facet normal 0 0 1
    outer loop
      vertex 26.076067762276107 -25.18136592913865 39
      vertex 26.51157168369493 -24.72244055226557 39
      vertex 25.848803122629942 -22.470021742924875 39
    endloop
  endfacet
  facet normal 0 0 1
    outer loop
      vertex 26.51157168369493 -24.72244055226557 39
      vertex 26.938999923555542 -24.255984480508612 39
      vertex 26.237022176824997 -22.01547563176397 39
    endloop
  endfacet
  facet normal 0 0 1
    outer loop
      vertex 26.51157168369493 -24.72244055226557 39
      vertex 26.237022176824997 -22.01547563176397 39
      vertex 25.848803122629942 -22.470021742924875 39
    endloop
  endfacet
  facet normal 0 0 1
    outer loop
      vertex 26.938999923555542 -24.255984480508612 39
      vertex 27.358222283075484 -23.782139800905888 39
      vertex 26.617249179901254 -21.55422339345693 39
    endloop
  endfacet
  facet normal 0 0 1
    outer loop
      vertex 26.938999923555542 -24.255984480508612 39
      vertex 26.617249179901254 -21.55422339345693 39
      vertex 26.237022176824997 -22.01547563176397 39
    endloop
  endfacet
  facet normal 0 0 1
    outer loop
      vertex 27.358222283075484 -23.782139800905888 39
      vertex 26.989368311030226 -21.086405529903796 39
      vertex 26.617249179901254 -21.55422339345693 39
    endloop
  endfacet
  facet normal 0 0 1
    outer loop
      vertex 27.358222283075484 -23.782139800905888 39
      vertex 27.769111063062955 -23.30105085113705 39
      vertex 27.353266219119778 -20.612164542957654 39
    endloop
  endfacet
  facet normal 0 0 1
    outer loop
      vertex 27.358222283075484 -23.782139800905888 39
      vertex 27.353266219119778 -20.612164542957654 39
      vertex 26.989368311030226 -21.086405529903796 39
    endloop
  endfacet
  facet normal 0 0 1
    outer loop
      vertex 27.769111063062955 -23.30105085113705 39
      vertex 28.171541102815194 -22.812864175556605 39
      vertex 27.70883205734195 -20.131644891017206 39
    endloop
  endfacet
  facet normal 0 0 1
    outer loop
      vertex 28.171541102815194 -22.812864175556605 39
      vertex 28.56538981824367 -22.317728480555115 39
      vertex 28.05595751689797 -19.644992945023326 39
    endloop
  endfacet
  facet normal 0 0 1
    outer loop
      vertex 27.769111063062955 -23.30105085113705 39
      vertex 27.70883205734195 -20.131644891017206 39
      vertex 27.353266219119778 -20.612164542957654 39
    endloop
  endfacet
  facet normal 0 0 1
    outer loop
      vertex 28.171541102815194 -22.812864175556605 39
      vertex 28.05595751689797 -19.644992945023326 39
      vertex 27.70883205734195 -20.131644891017206 39
    endloop
  endfacet
  facet normal 0 0 1
    outer loop
      vertex 28.56538981824367 -22.317728480555115 39
      vertex 28.950537239214366 -21.81579458926175 39
      vertex 28.39453686001018 -19.15235694387308 39
    endloop
  endfacet
  facet normal 0 0 1
    outer loop
      vertex 28.950537239214366 -21.81579458926175 39
      vertex 29.326866046091844 -21.30721539560215 39
      vertex 28.724466952130772 -18.653886949264677 39
    endloop
  endfacet
  facet normal 0 0 1
    outer loop
      vertex 28.56538981824367 -22.317728480555115 39
      vertex 28.39453686001018 -19.15235694387308 39
      vertex 28.05595751689797 -19.644992945023326 39
    endloop
  endfacet
  facet normal 0 0 1
    outer loop
      vertex 28.950537239214366 -21.81579458926175 39
      vertex 28.724466952130772 -18.653886949264677 39
      vertex 28.39453686001018 -19.15235694387308 39
    endloop
  endfacet
  facet normal 0 0 1
    outer loop
      vertex 29.326866046091844 -21.30721539560215 39
      vertex 29.69426160547595 -20.79214581772542 39
      vertex 29.04564729335759 -18.149734799987268 39
    endloop
  endfacet
  facet normal 0 0 1
    outer loop
      vertex 29.326866046091844 -21.30721539560215 39
      vertex 29.04564729335759 -18.149734799987268 39
      vertex 28.724466952130772 -18.653886949264677 39
    endloop
  endfacet
  facet normal 0 0 1
    outer loop
      vertex 29.69426160547595 -20.79214581772542 39
      vertex 29.35798004904735 -17.640054065669354 39
      vertex 29.04564729335759 -18.149734799987268 39
    endloop
  endfacet
  facet normal 0 0 1
    outer loop
      vertex 29.69426160547595 -20.79214581772542 39
      vertex 30.052612005120263 -20.270742750814577 39
      vertex 29.661370079617022 -17.125 39
    endloop
  endfacet
  facet normal 0 0 1
    outer loop
      vertex 29.69426160547595 -20.79214581772542 39
      vertex 29.661370079617022 -17.125 39
      vertex 29.35798004904735 -17.640054065669354 39
    endloop
  endfacet
  facet normal 0 0 1
    outer loop
      vertex 30.052612005120263 -20.270742750814577 39
      vertex 30.40180808802162 -19.743165019294732 39
      vertex 29.955724969524304 -16.604729493437045 39
    endloop
  endfacet
  facet normal 0 0 1
    outer loop
      vertex 30.40180808802162 -19.743165019294732 39
      vertex 30.74174348567044 -19.20957332845368 39
      vertex 30.24095505541825 -16.07940102541676 39
    endloop
  endfacet
  facet normal 0.8410399428376488 -0.5153899398280767 -0.16439289667031143
    outer loop
      vertex 25.22943086065367 -15.765098110937846 0
      vertex 31.07231465045157 -18.670130215489465 39
      vertex 30.74174348567044 -19.20957332845368 39
    endloop
  endfacet
  facet normal 0.8499066430842539 -0.5006332725314998 -0.16439289667031137
    outer loop
      vertex 25.50072719588784 -15.32238272857411 0
      vertex 31.3934208871859 -18.125 39
      vertex 31.07231465045157 -18.670130215489465 39
    endloop
  endfacet
  facet normal 0.8585144535341461 -0.4857241074903642 -0.16439289667031134
    outer loop
      vertex 25.764255762587048 -14.875 0
      vertex 31.704964383803095 -17.574348733929718 39
      vertex 31.3934208871859 -18.125 39
    endloop
  endfacet
  facet normal 0.8668607521648649 -0.47066698618079106 -0.16439289667031123
    outer loop
      vertex 26.019936287397023 -14.423086202328527 0
      vertex 32.00685024113611 -17.018344150988543 39
      vertex 31.704964383803095 -17.574348733929718 39
    endloop
  endfacet
  facet normal 0.8749429966130218 -0.4554664951477442 -0.16439289667031134
    outer loop
      vertex 26.267690887553076 -13.96677899288025 0
      vertex 32.29898650182834 -16.457155615558573 39
      vertex 32.00685024113611 -17.018344150988543 39
    endloop
  endfacet
  facet normal 0.882758724948641 -0.4401272646080832 -0.16439289667031134
    outer loop
      vertex 26.507444094603944 -13.506217367251518 0
      vertex 32.5812841783448 -15.890954071104058 39
      vertex 32.29898650182834 -16.457155615558573 39
    endloop
  endfacet
  facet normal 0.8903055564251627 -0.4246539670400191 -0.16439289667031126
    outer loop
      vertex 26.73912287740022 -13.041541616975055 0
      vertex 32.85365728007856 -15.319911988100355 39
      vertex 32.5812841783448 -15.890954071104058 39
    endloop
  endfacet
  facet normal 0.8975811922046129 -0.4090513157598814 -0.16439289667031112
    outer loop
      vertex 26.962656664340336 -12.572893286785808 0
      vertex 33.11602283954428 -14.744203311497758 39
      vertex 32.85365728007856 -15.319911988100355 39
    endloop
  endfacet
  facet normal 0.9045834160578514 -0.3933240634863987 -0.16439289667031118
    outer loop
      vertex 27.177977364867377 -12.100415131505056 0
      vertex 33.368300937650964 -14.164003407736175 39
      vertex 33.11602283954428 -14.744203311497758 39
    endloop
  endfacet
  facet normal 0.9113100950396704 -0.3774770008929432 -0.16439289667031134
    outer loop
      vertex 27.3850193902101 -11.624251072555895 0
      vertex 33.610414728046045 -13.57948901132681 39
      vertex 33.368300937650964 -14.164003407736175 39
    endloop
  endfacet
  facet normal 0.9177591801384763 -0.36151495514832604 -0.16439289667031126
    outer loop
      vertex 27.583719673361927 -11.144546154123383 0
      vertex 33.842290460523564 -12.990838171017135 39
      vertex 33.610414728046045 -13.57948901132681 39
    endloop
  endfacet
  facet normal 0.9239287069004787 -0.3454427884462978 -0.1643928966703113
    outer loop
      vertex 27.774017688291753 -10.661446498972683 0
      vertex 34.06385750348918 -12.398230195555492 39
      vertex 33.842290460523564 -12.990838171017135 39
    endloop
  endfacet
  facet normal 0.9298167960280632 -0.32926539652452336 -0.16439289667031134
    outer loop
      vertex 27.955855468380776 -10.175099263938645 0
      vertex 34.275048365475236 -11.80184559907193 39
      vertex 34.06385750348918 -12.398230195555492 39
    endloop
  endfacet
  facet normal 0.9354216539522412 -0.31298770717329755 -0.1643928966703112
    outer loop
      vertex 28.129177624079677 -9.685652595100413 0
      vertex 34.47579871569931 -11.201866046091842 39
      vertex 34.275048365475236 -11.80184559907193 39
    endloop
  endfacet
  facet normal 0.9407415733789836 -0.29661467873451386 -0.1643928966703112
    outer loop
      vertex 28.293931359780817 -9.193255582654684 0
      vertex 34.66604740366004 -10.598474296199209 39
      vertex 34.47579871569931 -11.201866046091842 39
    endloop
  endfacet
  facet normal 0.9457749338093148 -0.2801512985911907 -0.16439289667031132
    outer loop
      vertex 28.450066489900305 -8.698058215501419 0
      vertex 34.84573647776406 -9.991854148366219 39
      vertex 34.66604740366004 -10.598474296199209 39
    endloop
  endfacet
  facet normal 0.9505202020328802 -0.26360258164842915 -0.16439289667031137
    outer loop
      vertex 28.597535454164987 -8.200211335555725 0
      vertex 35.01481120297873 -9.382190384966377 39
      vertex 34.84573647776406 -9.991854148366219 39
    endloop
  endfacet
  facet normal 0.9549759325950076 -0.24697356880573254 -0.16439289667031126
    outer loop
      vertex 28.736293332099784 -7.699866591799992 0
      vertex 35.17322007750487 -8.769668715487954 39
      vertex 35.01481120297873 -9.382190384966377 39
    endloop
  endfacet
  facet normal 0.9591407682370083 -0.23026932542148515 -0.1643928966703113
    outer loop
      vertex 28.866297856710894 -7.197176394090115 0
      vertex 35.320914848464774 -8.154475719965106 39
      vertex 35.17322007750487 -8.769668715487954 39
    endloop
  endfacet
  facet normal 0.9630134403095966 -0.21349493977005504 -0.16439289667031118
    outer loop
      vertex 28.98750942736075 -6.692293866729984 0
      vertex 35.45785052660045 -7.5367987921437765 39
      vertex 35.320914848464774 -8.154475719965106 39
    endloop
  endfacet
  facet normal 0.9665927691593469 -0.19665552149179513 -0.16439289667031118
    outer loop
      vertex 29.09989112183072 -6.185372801828341 0
      vertex 35.58398539997782 -6.916826082399749 39
      vertex 35.45785052660045 -7.5367987921437765 39
    endloop
  endfacet
  facet normal 0.9698776644880192 -0.1797562000366318 -0.16439289667031132
    outer loop
      vertex 29.203408707568002 -5.6765676124522075 0
      vertex 35.69928104669254 -6.294746440426224 39
      vertex 35.58398539997782 -6.916826082399749 39
    endloop
  endfacet
  facet normal 0.9728671256846692 -0.1628021231016184 -0.16439289667031132
    outer loop
      vertex 29.298030652113187 -5.166033285591177 0
      vertex 35.80370234657374 -5.670749357708369 39
      vertex 35.69928104669254 -6.294746440426224 39
    endloop
  endfacet
  facet normal 0.9755602421304624 -0.14579845506279576 -0.1643928966703112
    outer loop
      vertex 29.38372813270535 -4.6539253349468686 0
      vertex 35.897217491881925 -5.045024909802372 39
      vertex 35.80370234657374 -5.670749357708369 39
    endloop
  endfacet
  facet normal 0.9779561934760378 -0.12875037540218173 -0.1643928966703113
    outer loop
      vertex 29.460475045061717 -4.140399753561947 0
      vertex 35.979797996997924 -4.417763698436596 39
      vertex 35.897217491881925 -5.045024909802372 39
    endloop
  endfacet
  facet normal 0.9800542498914063 -0.11166307712998595 -0.1643928966703113
    outer loop
      vertex 29.528248011329328 -3.6256129663031373 0
      vertex 36.051418707099906 -3.789156793452438 39
      vertex 35.979797996997924 -4.417763698436596 39
    endloop
  endfacet
  facet normal 0.9818537722882577 -0.09454176520280683 -0.16439289667031126
    outer loop
      vertex 29.58702638720613 -3.1097217822126906 0
      vertex 36.11205780582578 -3.1593956746026084 39
      vertex 36.051418707099906 -3.789156793452438 39
    endloop
  endfacet
  facet normal 0.9833542125146416 -0.0773916549380708 -0.1643928966703113
    outer loop
      vertex 29.63679226822943 -2.5928833467428305 0
      vertex 36.161696821918625 -2.528672173224542 39
      vertex 36.11205780582578 -3.1593956746026084 39
    endloop
  endfacet
  facet normal 0.9845551135219253 -0.0602179704255576 -0.1643928966703112
    outer loop
      vertex 29.67753049522977 -2.0752550938877277 0
      vertex 36.2003206348533 -1.897178413806714 39
      vertex 36.161696821918625 -2.528672173224542 39
    endloop
  endfacet
  facet normal 0.985456109504031 -0.04302594293590481 -0.16439289667031123
    outer loop
      vertex 29.70922865894857 -1.556994698227579 0
      vertex 36.22791747944222 -1.26510675546566 39
      vertex 36.2003206348533 -1.897178413806714 39
    endloop
  endfacet
  facet normal 0.9860569260088545 -0.025820809327223845 -0.1643928966703112
    outer loop
      vertex 29.7318771038181 -1.0382600268994038 0
      vertex 36.24447894941918 -0.6326497333515273 39
      vertex 36.22791747944222 -1.26510675546566 39
    endloop
  endfacet
  facet normal 0.9863573800218676 -0.008607810449889878 -0.1643928966703113
    outer loop
      vertex 29.74546893090264 -0.5192090915091845 0
      vertex 36.25 0 39
      vertex 36.24447894941918 -0.6326497333515273 39
    endloop
  endfacet
  facet normal 0 0 1
    outer loop
      vertex 30.052612005120263 -20.270742750814577 39
      vertex 29.955724969524304 -16.604729493437045 39
      vertex 29.661370079617022 -17.125 39
    endloop
  endfacet
  facet normal 0 0 1
    outer loop
      vertex 30.40180808802162 -19.743165019294732 39
      vertex 30.24095505541825 -16.07940102541676 39
      vertex 29.955724969524304 -16.604729493437045 39
    endloop
  endfacet
  facet normal 0 0 1
    outer loop
      vertex 30.74174348567044 -19.20957332845368 39
      vertex 30.5169734534516 -15.549174616079478 39
      vertex 30.24095505541825 -16.07940102541676 39
    endloop
  endfacet
  facet normal 0 0 1
    outer loop
      vertex 30.74174348567044 -19.20957332845368 39
      vertex 31.07231465045157 -18.670130215489465 39
      vertex 30.5169734534516 -15.549174616079478 39
    endloop
  endfacet
  facet normal 0 0 1
    outer loop
      vertex 31.07231465045157 -18.670130215489465 39
      vertex 31.3934208871859 -18.125 39
      vertex 31.04104170600526 -14.474675464618956 39
    endloop
  endfacet
  facet normal 0 0 1
    outer loop
      vertex 31.07231465045157 -18.670130215489465 39
      vertex 30.78369608574647 -15.014211777525903 39
      vertex 30.5169734534516 -15.549174616079478 39
    endloop
  endfacet
  facet normal 0 0 1
    outer loop
      vertex 31.07231465045157 -18.670130215489465 39
      vertex 31.04104170600526 -14.474675464618956 39
      vertex 30.78369608574647 -15.014211777525903 39
    endloop
  endfacet
  facet normal 0 0 1
    outer loop
      vertex 31.3934208871859 -18.125 39
      vertex 31.704964383803095 -17.574348733929718 39
      vertex 31.288931924259078 -13.930730025346158 39
    endloop
  endfacet
  facet normal 0 0 1
    outer loop
      vertex 31.3934208871859 -18.125 39
      vertex 31.288931924259078 -13.930730025346158 39
      vertex 31.04104170600526 -14.474675464618956 39
    endloop
  endfacet
  facet normal 0 0 1
    outer loop
      vertex 31.704964383803095 -17.574348733929718 39
      vertex 31.527291230746084 -13.382541150757627 39
      vertex 31.288931924259078 -13.930730025346158 39
    endloop
  endfacet
  facet normal 0 0 1
    outer loop
      vertex 31.704964383803095 -17.574348733929718 39
      vertex 32.00685024113611 -17.018344150988543 39
      vertex 31.527291230746084 -13.382541150757627 39
    endloop
  endfacet
  facet normal 0 0 1
    outer loop
      vertex 32.00685024113611 -17.018344150988543 39
      vertex 32.29898650182834 -16.457155615558573 39
      vertex 31.97512960752916 -12.274102271926534 39
    endloop
  endfacet
  facet normal 0 0 1
    outer loop
      vertex 32.00685024113611 -17.018344150988543 39
      vertex 31.75604701891247 -12.830275824494986 39
      vertex 31.527291230746084 -13.382541150757627 39
    endloop
  endfacet
  facet normal 0 0 1
    outer loop
      vertex 32.00685024113611 -17.018344150988543 39
      vertex 31.97512960752916 -12.274102271926534 39
      vertex 31.75604701891247 -12.830275824494986 39
    endloop
  endfacet
  facet normal 0 0 1
    outer loop
      vertex 32.29898650182834 -16.457155615558573 39
      vertex 32.5812841783448 -15.890954071104058 39
      vertex 32.184472261917364 -11.714189908904153 39
    endloop
  endfacet
  facet normal 0 0 1
    outer loop
      vertex 32.5812841783448 -15.890954071104058 39
      vertex 32.85365728007856 -15.319911988100355 39
      vertex 32.573685683109005 -10.583832057341949 39
    endloop
  endfacet
  facet normal 0 0 1
    outer loop
      vertex 32.29898650182834 -16.457155615558573 39
      vertex 32.184472261917364 -11.714189908904153 39
      vertex 31.97512960752916 -12.274102271926534 39
    endloop
  endfacet
  facet normal 0 0 1
    outer loop
      vertex 32.5812841783448 -15.890954071104058 39
      vertex 32.384011214276605 -11.150709290157616 39
      vertex 32.184472261917364 -11.714189908904153 39
    endloop
  endfacet
  facet normal 0 0 1
    outer loop
      vertex 32.5812841783448 -15.890954071104058 39
      vertex 32.573685683109005 -10.583832057341949 39
      vertex 32.384011214276605 -11.150709290157616 39
    endloop
  endfacet
  facet normal 0 0 1
    outer loop
      vertex 32.85365728007856 -15.319911988100355 39
      vertex 32.75343789173397 -10.013730886753734 39
      vertex 32.573685683109005 -10.583832057341949 39
    endloop
  endfacet
  facet normal 0 0 1
    outer loop
      vertex 32.85365728007856 -15.319911988100355 39
      vertex 33.11602283954428 -14.744203311497758 39
      vertex 32.75343789173397 -10.013730886753734 39
    endloop
  endfacet
  facet normal 0 0 1
    outer loop
      vertex 33.11602283954428 -14.744203311497758 39
      vertex 33.368300937650964 -14.164003407736175 39
      vertex 33.08295955040059 -8.864552294761335 39
    endloop
  endfacet
  facet normal 0 0 1
    outer loop
      vertex 33.368300937650964 -14.164003407736175 39
      vertex 33.610414728046045 -13.57948901132681 39
      vertex 33.23262862495288 -8.28582492428862 39
    endloop
  endfacet
  facet normal 0 0 1
    outer loop
      vertex 33.11602283954428 -14.744203311497758 39
      vertex 32.923213085887426 -9.440579436732222 39
      vertex 32.75343789173397 -10.013730886753734 39
    endloop
  endfacet
  facet normal 0 0 1
    outer loop
      vertex 33.11602283954428 -14.744203311497758 39
      vertex 33.08295955040059 -8.864552294761335 39
      vertex 32.923213085887426 -9.440579436732222 39
    endloop
  endfacet
  facet normal 0 0 1
    outer loop
      vertex 33.368300937650964 -14.164003407736175 39
      vertex 33.23262862495288 -8.28582492428862 39
      vertex 33.08295955040059 -8.864552294761335 39
    endloop
  endfacet
  facet normal 0 0 1
    outer loop
      vertex 33.610414728046045 -13.57948901132681 39
      vertex 33.842290460523564 -12.990838171017135 39
      vertex 33.50155532513284 -7.120975410508257 39
    endloop
  endfacet
  facet normal 0 0 1
    outer loop
      vertex 33.842290460523564 -12.990838171017135 39
      vertex 34.06385750348918 -12.398230195555492 39
      vertex 33.82832566538347 -5.357880427627907 39
    endloop
  endfacet
  facet normal 0 0 1
    outer loop
      vertex 33.610414728046045 -13.57948901132681 39
      vertex 33.37217471889431 -7.704573611277376 39
      vertex 33.23262862495288 -8.28582492428862 39
    endloop
  endfacet
  facet normal 0 0 1
    outer loop
      vertex 33.610414728046045 -13.57948901132681 39
      vertex 33.50155532513284 -7.120975410508257 39
      vertex 33.37217471889431 -7.704573611277376 39
    endloop
  endfacet
  facet normal 0 0 1
    outer loop
      vertex 34.06385750348918 -12.398230195555492 39
      vertex 34.275048365475236 -11.80184559907193 39
      vertex 34.06237491636336 -3.5800998669171316 39
    endloop
  endfacet
  facet normal 0 0 1
    outer loop
      vertex 33.842290460523564 -12.990838171017135 39
      vertex 33.62073103308249 -6.53520809164666 39
      vertex 33.50155532513284 -7.120975410508257 39
    endloop
  endfacet
  facet normal 0 0 1
    outer loop
      vertex 33.842290460523564 -12.990838171017135 39
      vertex 33.72966554066812 -5.947450085092364 39
      vertex 33.62073103308249 -6.53520809164666 39
    endloop
  endfacet
  facet normal 0 0 1
    outer loop
      vertex 33.842290460523564 -12.990838171017135 39
      vertex 33.82832566538347 -5.357880427627907 39
      vertex 33.72966554066812 -5.947450085092364 39
    endloop
  endfacet
  facet normal 0 0 1
    outer loop
      vertex 34.06385750348918 -12.398230195555492 39
      vertex 33.91668135439878 -4.7666787078822415 39
      vertex 33.82832566538347 -5.357880427627907 39
    endloop
  endfacet
  facet normal 0 0 1
    outer loop
      vertex 34.06385750348918 -12.398230195555492 39
      vertex 33.994705693715275 -4.174025011626301 39
      vertex 33.91668135439878 -4.7666787078822415 39
    endloop
  endfacet
  facet normal 0 0 1
    outer loop
      vertex 34.06385750348918 -12.398230195555492 39
      vertex 34.06237491636336 -3.5800998669171316 39
      vertex 33.994705693715275 -4.174025011626301 39
    endloop
  endfacet
  facet normal 0 0 1
    outer loop
      vertex 34.275048365475236 -11.80184559907193 39
      vertex 34.11966840964229 -2.985084189107292 39
      vertex 34.06237491636336 -3.5800998669171316 39
    endloop
  endfacet
  facet normal 0 0 1
    outer loop
      vertex 34.275048365475236 -11.80184559907193 39
      vertex 34.16656872139898 -2.3891592257362917 39
      vertex 34.11966840964229 -2.985084189107292 39
    endloop
  endfacet
  facet normal 0 0 1
    outer loop
      vertex 34.275048365475236 -11.80184559907193 39
      vertex 34.20306156534416 -1.7925065013208263 39
      vertex 34.16656872139898 -2.3891592257362917 39
    endloop
  endfacet
  facet normal 0 0 1
    outer loop
      vertex 34.275048365475236 -11.80184559907193 39
      vertex 34.22913582540403 -1.1953077620606583 39
      vertex 34.20306156534416 -1.7925065013208263 39
    endloop
  endfacet
  facet normal 0 0 1
    outer loop
      vertex 34.275048365475236 -11.80184559907193 39
      vertex 34.2447835591064 -0.5977449204769603 39
      vertex 34.22913582540403 -1.1953077620606583 39
    endloop
  endfacet
  facet normal 0 0 1
    outer loop
      vertex 34.275048365475236 -11.80184559907193 39
      vertex 34.25 0 39
      vertex 34.2447835591064 -0.5977449204769603 39
    endloop
  endfacet
  facet normal 0 0 1
    outer loop
      vertex 34.275048365475236 -11.80184559907193 39
      vertex 34.47579871569931 -11.201866046091842 39
      vertex 34.275048365475236 11.80184559907193 39
    endloop
  endfacet
  facet normal 0 0 1
    outer loop
      vertex 34.47579871569931 -11.201866046091842 39
      vertex 34.66604740366004 -10.598474296199209 39
      vertex 34.47579871569931 11.201866046091842 39
    endloop
  endfacet
  facet normal 0 0 1
    outer loop
      vertex 34.66604740366004 -10.598474296199209 39
      vertex 34.84573647776406 -9.991854148366219 39
      vertex 34.66604740366004 10.598474296199209 39
    endloop
  endfacet
  facet normal 0 0 1
    outer loop
      vertex 34.84573647776406 -9.991854148366219 39
      vertex 35.01481120297873 -9.382190384966377 39
      vertex 34.84573647776406 9.991854148366219 39
    endloop
  endfacet
  facet normal 0 0 1
    outer loop
      vertex 35.01481120297873 -9.382190384966377 39
      vertex 35.17322007750487 -8.769668715487954 39
      vertex 35.01481120297873 9.382190384966377 39
    endloop
  endfacet
  facet normal 0 0 1
    outer loop
      vertex 35.17322007750487 -8.769668715487954 39
      vertex 35.320914848464774 -8.154475719965106 39
      vertex 35.17322007750487 8.769668715487954 39
    endloop
  endfacet
  facet normal 0 0 1
    outer loop
      vertex 35.320914848464774 -8.154475719965106 39
      vertex 35.45785052660045 -7.5367987921437765 39
      vertex 35.320914848464774 8.154475719965106 39
    endloop
  endfacet
  facet normal 0 0 1
    outer loop
      vertex 35.45785052660045 -7.5367987921437765 39
      vertex 35.58398539997782 -6.916826082399749 39
      vertex 35.45785052660045 7.5367987921437765 39
    endloop
  endfacet
  facet normal 0 0 1
    outer loop
      vertex 35.58398539997782 -6.916826082399749 39
      vertex 35.69928104669254 -6.294746440426224 39
      vertex 35.58398539997782 6.916826082399749 39
    endloop
  endfacet
  facet normal 0 0 1
    outer loop
      vertex 35.69928104669254 -6.294746440426224 39
      vertex 35.80370234657374 -5.670749357708369 39
      vertex 35.69928104669254 6.294746440426224 39
    endloop
  endfacet
  facet normal 0 0 1
    outer loop
      vertex 35.80370234657374 -5.670749357708369 39
      vertex 35.897217491881925 -5.045024909802372 39
      vertex 35.80370234657374 5.670749357708369 39
    endloop
  endfacet
  facet normal 0 0 1
    outer loop
      vertex 35.897217491881925 -5.045024909802372 39
      vertex 35.979797996997924 -4.417763698436596 39
      vertex 35.897217491881925 5.045024909802372 39
    endloop
  endfacet
  facet normal 0 0 1
    outer loop
      vertex 35.979797996997924 -4.417763698436596 39
      vertex 36.051418707099906 -3.789156793452438 39
      vertex 35.979797996997924 4.417763698436596 39
    endloop
  endfacet
  facet normal 0 0 1
    outer loop
      vertex 36.051418707099906 -3.789156793452438 39
      vertex 36.11205780582578 -3.1593956746026084 39
      vertex 36.051418707099906 3.789156793452438 39
    endloop
  endfacet
  facet normal 0 0 1
    outer loop
      vertex 36.11205780582578 -3.1593956746026084 39
      vertex 36.161696821918625 -2.528672173224542 39
      vertex 36.11205780582578 3.1593956746026084 39
    endloop
  endfacet
  facet normal 0 0 1
    outer loop
      vertex 36.161696821918625 -2.528672173224542 39
      vertex 36.2003206348533 -1.897178413806714 39
      vertex 36.161696821918625 2.528672173224542 39
    endloop
  endfacet
  facet normal 0 0 1
    outer loop
      vertex 36.2003206348533 -1.897178413806714 39
      vertex 36.22791747944222 -1.26510675546566 39
      vertex 36.2003206348533 1.897178413806714 39
    endloop
  endfacet
  facet normal 0 0 1
    outer loop
      vertex 36.22791747944222 -1.26510675546566 39
      vertex 36.24447894941918 -0.6326497333515273 39
      vertex 36.22791747944222 1.26510675546566 39
    endloop
  endfacet
  facet normal 0 0 -1
    outer loop
      vertex 7.699866591799992 28.736293332099784 0
      vertex 7.511117946013227 26.19438121431919 0
      vertex 7.05281897904369 26.321478766377112 0
    endloop
  endfacet
  facet normal 0 0 -1
    outer loop
      vertex 8.200211335555725 28.597535454164987 0
      vertex 7.967128953694577 26.059304599992714 0
      vertex 7.511117946013227 26.19438121431919 0
    endloop
  endfacet
  facet normal 0 0 -1
    outer loop
      vertex 8.698058215501419 28.450066489900305 0
      vertex 8.420713096717316 25.916290069042933 0
      vertex 7.967128953694577 26.059304599992714 0
    endloop
  endfacet
  facet normal 0 0 -1
    outer loop
      vertex 9.193255582654684 28.293931359780817 0
      vertex 8.87173220895752 25.765381185081385 0
      vertex 8.420713096717316 25.916290069042933 0
    endloop
  endfacet
  facet normal 0 0 -1
    outer loop
      vertex 0 29.75 0
      vertex 0.4755780754159757 27.245849693011664 0
      vertex 0 27.25 0
    endloop
  endfacet
  facet normal 0 0 -1
    outer loop
      vertex 1.0382600268994038 29.7318771038181 0
      vertex 0.9510112851431514 27.23340003627036 0
      vertex 0.4755780754159757 27.245849693011664 0
    endloop
  endfacet
  facet normal 0 0 -1
    outer loop
      vertex 0 29.75 0
      vertex 0.5192090915091845 29.74546893090264 0
      vertex 0.4755780754159757 27.245849693011664 0
    endloop
  endfacet
  facet normal 0 0 -1
    outer loop
      vertex 0.5192090915091845 29.74546893090264 0
      vertex 1.0382600268994038 29.7318771038181 0
      vertex 0.4755780754159757 27.245849693011664 0
    endloop
  endfacet
  facet normal 0 0 -1
    outer loop
      vertex 1.556994698227579 29.70922865894857 0
      vertex 1.4261548076202195 27.212654822062138 0
      vertex 0.9510112851431514 27.23340003627036 0
    endloop
  endfacet
  facet normal 0 0 -1
    outer loop
      vertex 2.0752550938877277 29.67753049522977 0
      vertex 1.9008639095274145 27.183620369580208 0
      vertex 1.4261548076202195 27.212654822062138 0
    endloop
  endfacet
  facet normal 0 0 -1
    outer loop
      vertex 1.556994698227579 29.70922865894857 0
      vertex 2.0752550938877277 29.67753049522977 0
      vertex 1.4261548076202195 27.212654822062138 0
    endloop
  endfacet
  facet normal 0 0 -1
    outer loop
      vertex 1.0382600268994038 29.7318771038181 0
      vertex 1.556994698227579 29.70922865894857 0
      vertex 0.9510112851431514 27.23340003627036 0
    endloop
  endfacet
  facet normal 0 0 -1
    outer loop
      vertex 2.0752550938877277 29.67753049522977 0
      vertex 2.5928833467428305 29.63679226822943 0
      vertex 1.9008639095274145 27.183620369580208 0
    endloop
  endfacet
  facet normal 0 0 -1
    outer loop
      vertex 2.5928833467428305 29.63679226822943 0
      vertex 2.374993989873685 27.146305523000066 0
      vertex 1.9008639095274145 27.183620369580208 0
    endloop
  endfacet
  facet normal 0 0 -1
    outer loop
      vertex 3.1097217822126906 29.58702638720613 0
      vertex 2.848400624043557 27.10072164878545 0
      vertex 2.374993989873685 27.146305523000066 0
    endloop
  endfacet
  facet normal 0 0 -1
    outer loop
      vertex 3.6256129663031373 29.528248011329328 0
      vertex 3.320939607790269 27.046882632226023 0
      vertex 2.848400624043557 27.10072164878545 0
    endloop
  endfacet
  facet normal 0 0 -1
    outer loop
      vertex 2.5928833467428305 29.63679226822943 0
      vertex 3.1097217822126906 29.58702638720613 0
      vertex 2.374993989873685 27.146305523000066 0
    endloop
  endfacet
  facet normal 0 0 -1
    outer loop
      vertex 3.1097217822126906 29.58702638720613 0
      vertex 3.6256129663031373 29.528248011329328 0
      vertex 2.848400624043557 27.10072164878545 0
    endloop
  endfacet
  facet normal 0 0 -1
    outer loop
      vertex 4.140399753561947 29.460475045061717 0
      vertex 3.7924670011617834 26.984804873207793 0
      vertex 3.320939607790269 27.046882632226023 0
    endloop
  endfacet
  facet normal 0 0 -1
    outer loop
      vertex 4.6539253349468686 29.38372813270535 0
      vertex 4.2628391723462915 26.914507281217503 0
      vertex 3.7924670011617834 26.984804873207793 0
    endloop
  endfacet
  facet normal 0 0 -1
    outer loop
      vertex 3.6256129663031373 29.528248011329328 0
      vertex 4.140399753561947 29.460475045061717 0
      vertex 3.320939607790269 27.046882632226023 0
    endloop
  endfacet
  facet normal 0 0 -1
    outer loop
      vertex 4.140399753561947 29.460475045061717 0
      vertex 4.6539253349468686 29.38372813270535 0
      vertex 3.7924670011617834 26.984804873207793 0
    endloop
  endfacet
  facet normal 0 0 -1
    outer loop
      vertex 5.166033285591177 29.298030652113187 0
      vertex 4.731912841423852 26.83601126958267 0
      vertex 4.2628391723462915 26.914507281217503 0
    endloop
  endfacet
  facet normal 0 0 -1
    outer loop
      vertex 5.6765676124522075 29.203408707568002 0
      vertex 5.199545124010846 26.749340748948843 0
      vertex 4.731912841423852 26.83601126958267 0
    endloop
  endfacet
  facet normal 0 0 -1
    outer loop
      vertex 5.6765676124522075 29.203408707568002 0
      vertex 5.665593574783942 26.654522119996205 0
      vertex 5.199545124010846 26.749340748948843 0
    endloop
  endfacet
  facet normal 0 0 -1
    outer loop
      vertex 4.6539253349468686 29.38372813270535 0
      vertex 5.166033285591177 29.298030652113187 0
      vertex 4.2628391723462915 26.914507281217503 0
    endloop
  endfacet
  facet normal 0 0 -1
    outer loop
      vertex 5.166033285591177 29.298030652113187 0
      vertex 5.6765676124522075 29.203408707568002 0
      vertex 4.731912841423852 26.83601126958267 0
    endloop
  endfacet
  facet normal 0 0 -1
    outer loop
      vertex 6.185372801828341 29.09989112183072 0
      vertex 6.129916230870322 26.55158426539766 0
      vertex 5.665593574783942 26.654522119996205 0
    endloop
  endfacet
  facet normal 0 0 -1
    outer loop
      vertex 5.6765676124522075 29.203408707568002 0
      vertex 6.185372801828341 29.09989112183072 0
      vertex 5.665593574783942 26.654522119996205 0
    endloop
  endfacet
  facet normal 0 0 -1
    outer loop
      vertex 6.692293866729984 28.98750942736075 0
      vertex 6.592371655090946 26.440558541020906 0
      vertex 6.129916230870322 26.55158426539766 0
    endloop
  endfacet
  facet normal 0 0 -1
    outer loop
      vertex 6.185372801828341 29.09989112183072 0
      vertex 6.692293866729984 28.98750942736075 0
      vertex 6.129916230870322 26.55158426539766 0
    endloop
  endfacet
  facet normal 0 0 -1
    outer loop
      vertex 7.197176394090115 28.866297856710894 0
      vertex 7.05281897904369 26.321478766377112 0
      vertex 6.592371655090946 26.440558541020906 0
    endloop
  endfacet
  facet normal 0 0 -1
    outer loop
      vertex 6.692293866729984 28.98750942736075 0
      vertex 7.197176394090115 28.866297856710894 0
      vertex 6.592371655090946 26.440558541020906 0
    endloop
  endfacet
  facet normal 0 0 -1
    outer loop
      vertex 7.197176394090115 28.866297856710894 0
      vertex 7.699866591799992 28.736293332099784 0
      vertex 7.05281897904369 26.321478766377112 0
    endloop
  endfacet
  facet normal 0 0 -1
    outer loop
      vertex 7.699866591799992 28.736293332099784 0
      vertex 8.200211335555725 28.597535454164987 0
      vertex 7.511117946013227 26.19438121431919 0
    endloop
  endfacet
  facet normal 0 0 -1
    outer loop
      vertex 8.200211335555725 28.597535454164987 0
      vertex 8.698058215501419 28.450066489900305 0
      vertex 7.967128953694577 26.059304599992714 0
    endloop
  endfacet
  facet normal 0 0 -1
    outer loop
      vertex 8.698058215501419 28.450066489900305 0
      vertex 9.193255582654684 28.293931359780817 0
      vertex 8.420713096717316 25.916290069042933 0
    endloop
  endfacet
  facet normal 0 0 -1
    outer loop
      vertex 9.685652595100413 28.129177624079677 0
      vertex 9.320048905624473 25.606623916416005 0
      vertex 8.87173220895752 25.765381185081385 0
    endloop
  endfacet
  facet normal 0 0 -1
    outer loop
      vertex 10.175099263938645 27.955855468380776 0
      vertex 9.765526625109432 25.440066622048747 0
      vertex 9.320048905624473 25.606623916416005 0
    endloop
  endfacet
  facet normal 0 0 -1
    outer loop
      vertex 10.661446498972683 27.774017688291753 0
      vertex 10.647423251332711 25.083757256579002 0
      vertex 10.208029670583603 25.265760036944958 0
    endloop
  endfacet
  facet normal 0 0 -1
    outer loop
      vertex 11.144546154123383 27.583719673361927 0
      vertex 11.083573523815556 24.894113720760874 0
      vertex 10.647423251332711 25.083757256579002 0
    endloop
  endfacet
  facet normal 0 0 -1
    outer loop
      vertex 10.661446498972683 27.774017688291753 0
      vertex 10.208029670583603 25.265760036944958 0
      vertex 9.765526625109432 25.440066622048747 0
    endloop
  endfacet
  facet normal 0 0 -1
    outer loop
      vertex 10.175099263938645 27.955855468380776 0
      vertex 10.661446498972683 27.774017688291753 0
      vertex 9.765526625109432 25.440066622048747 0
    endloop
  endfacet
  facet normal 0 0 -1
    outer loop
      vertex 11.144546154123383 27.583719673361927 0
      vertex 11.624251072555895 27.3850193902101 0
      vertex 11.083573523815556 24.894113720760874 0
    endloop
  endfacet
  facet normal 0 0 -1
    outer loop
      vertex 10.661446498972683 27.774017688291753 0
      vertex 11.144546154123383 27.583719673361927 0
      vertex 10.647423251332711 25.083757256579002 0
    endloop
  endfacet
  facet normal 0 0 -1
    outer loop
      vertex 13.506217367251518 26.507444094603944 0
      vertex 13.211062151712685 23.833387019548535 0
      vertex 12.793100085915524 24.06032190540576 0
    endloop
  endfacet
  facet normal 0 0 -1
    outer loop
      vertex 12.100415131505056 27.177977364867377 0
      vertex 11.94561375000236 24.4921377616523 0
      vertex 11.51634763243406 24.696887196748712 0
    endloop
  endfacet
  facet normal 0 0 -1
    outer loop
      vertex 11.624251072555895 27.3850193902101 0
      vertex 11.51634763243406 24.696887196748712 0
      vertex 11.083573523815556 24.894113720760874 0
    endloop
  endfacet
  facet normal 0 0 -1
    outer loop
      vertex 12.572893286785808 26.962656664340336 0
      vertex 12.37124111790265 24.279927784133026 0
      vertex 11.94561375000236 24.4921377616523 0
    endloop
  endfacet
  facet normal 0 0 -1
    outer loop
      vertex 12.100415131505056 27.177977364867377 0
      vertex 11.51634763243406 24.696887196748712 0
      vertex 11.624251072555895 27.3850193902101 0
    endloop
  endfacet
  facet normal 0 0 -1
    outer loop
      vertex 12.100415131505056 27.177977364867377 0
      vertex 12.572893286785808 26.962656664340336 0
      vertex 11.94561375000236 24.4921377616523 0
    endloop
  endfacet
  facet normal 0 0 -1
    outer loop
      vertex 13.041541616975055 26.73912287740022 0
      vertex 12.793100085915524 24.06032190540576 0
      vertex 12.37124111790265 24.279927784133026 0
    endloop
  endfacet
  facet normal 0 0 -1
    outer loop
      vertex 12.572893286785808 26.962656664340336 0
      vertex 13.041541616975055 26.73912287740022 0
      vertex 12.37124111790265 24.279927784133026 0
    endloop
  endfacet
  facet normal 0 0 -1
    outer loop
      vertex 13.506217367251518 26.507444094603944 0
      vertex 12.793100085915524 24.06032190540576 0
      vertex 13.041541616975055 26.73912287740022 0
    endloop
  endfacet
  facet normal 0 0 -1
    outer loop
      vertex 13.506217367251518 26.507444094603944 0
      vertex 13.96677899288025 26.267690887553076 0
      vertex 13.211062151712685 23.833387019548535 0
    endloop
  endfacet
  facet normal 0 0 -1
    outer loop
      vertex 17.06389898144362 24.369773317597506 0
      vertex 16.77677520262419 21.473293035783172 0
      vertex 16.399459380893315 21.76281764878873 0
    endloop
  endfacet
  facet normal 0 0 -1
    outer loop
      vertex 17.903996938773435 23.759406423906963 0
      vertex 17.515962363958195 20.874711074992153 0
      vertex 17.14898065610807 21.177227449702457 0
    endloop
  endfacet
  facet normal 0 0 -1
    outer loop
      vertex 17.486611255701074 24.068255582654686 0
      vertex 17.14898065610807 21.177227449702457 0
      vertex 16.77677520262419 21.473293035783172 0
    endloop
  endfacet
  facet normal 0 0 -1
    outer loop
      vertex 17.903996938773435 23.759406423906963 0
      vertex 17.877608539991325 20.565836061070538 0
      vertex 17.515962363958195 20.874711074992153 0
    endloop
  endfacet
  facet normal 0 0 -1
    outer loop
      vertex 17.903996938773435 23.759406423906963 0
      vertex 18.315928890938334 23.443319919799976 0
      vertex 17.877608539991325 20.565836061070538 0
    endloop
  endfacet
  facet normal 0 0 -1
    outer loop
      vertex 14.423086202328527 26.019936287397023 0
      vertex 14.034787541298975 23.35780894413256 0
      vertex 13.625 23.599192253125953 0
    endloop
  endfacet
  facet normal 0 0 -1
    outer loop
      vertex 13.96677899288025 26.267690887553076 0
      vertex 13.625 23.599192253125953 0
      vertex 13.211062151712685 23.833387019548535 0
    endloop
  endfacet
  facet normal 0 0 -1
    outer loop
      vertex 14.875 25.764255762587048 0
      vertex 14.841413704159487 22.853772976512804 0
      vertex 14.440299950354834 23.109310620262608 0
    endloop
  endfacet
  facet normal 0 0 -1
    outer loop
      vertex 14.875 25.764255762587048 0
      vertex 14.440299950354834 23.109310620262608 0
      vertex 14.034787541298975 23.35780894413256 0
    endloop
  endfacet
  facet normal 0 0 -1
    outer loop
      vertex 15.32238272857411 25.50072719588784 0
      vertex 15.238006619577853 22.59127385212489 0
      vertex 14.841413704159487 22.853772976512804 0
    endloop
  endfacet
  facet normal 0 0 -1
    outer loop
      vertex 15.765098110937846 25.22943086065367 0
      vertex 15.629957890566004 22.321893206875025 0
      vertex 15.238006619577853 22.59127385212489 0
    endloop
  endfacet
  facet normal 0 0 -1
    outer loop
      vertex 14.875 25.764255762587048 0
      vertex 15.32238272857411 25.50072719588784 0
      vertex 14.841413704159487 22.853772976512804 0
    endloop
  endfacet
  facet normal 0 0 -1
    outer loop
      vertex 15.765098110937846 25.22943086065367 0
      vertex 15.238006619577853 22.59127385212489 0
      vertex 15.32238272857411 25.50072719588784 0
    endloop
  endfacet
  facet normal 0 0 -1
    outer loop
      vertex 14.423086202328527 26.019936287397023 0
      vertex 13.625 23.599192253125953 0
      vertex 13.96677899288025 26.267690887553076 0
    endloop
  endfacet
  facet normal 0 0 -1
    outer loop
      vertex 14.423086202328527 26.019936287397023 0
      vertex 14.875 25.764255762587048 0
      vertex 14.034787541298975 23.35780894413256 0
    endloop
  endfacet
  facet normal 0 0 -1
    outer loop
      vertex 16.203011291697056 24.950449396376367 0
      vertex 16.017148124969893 22.045713096717318 0
      vertex 15.629957890566004 22.321893206875025 0
    endloop
  endfacet
  facet normal 0 0 -1
    outer loop
      vertex 16.63598887825472 24.66386778351249 0
      vertex 16.399459380893315 21.76281764878873 0
      vertex 16.017148124969893 22.045713096717318 0
    endloop
  endfacet
  facet normal 0 0 -1
    outer loop
      vertex 16.63598887825472 24.66386778351249 0
      vertex 17.06389898144362 24.369773317597506 0
      vertex 16.399459380893315 21.76281764878873 0
    endloop
  endfacet
  facet normal 0 0 -1
    outer loop
      vertex 15.765098110937846 25.22943086065367 0
      vertex 16.203011291697056 24.950449396376367 0
      vertex 15.629957890566004 22.321893206875025 0
    endloop
  endfacet
  facet normal 0 0 -1
    outer loop
      vertex 16.63598887825472 24.66386778351249 0
      vertex 16.017148124969893 22.045713096717318 0
      vertex 16.203011291697056 24.950449396376367 0
    endloop
  endfacet
  facet normal 0 0 -1
    outer loop
      vertex 17.903996938773435 23.759406423906963 0
      vertex 17.14898065610807 21.177227449702457 0
      vertex 17.486611255701074 24.068255582654686 0
    endloop
  endfacet
  facet normal 0 0 -1
    outer loop
      vertex 17.486611255701074 24.068255582654686 0
      vertex 16.77677520262419 21.473293035783172 0
      vertex 17.06389898144362 24.369773317597506 0
    endloop
  endfacet
  facet normal 0 0 -1
    outer loop
      vertex 9.193255582654684 28.293931359780817 0
      vertex 9.685652595100413 28.129177624079677 0
      vertex 8.87173220895752 25.765381185081385 0
    endloop
  endfacet
  facet normal 0 0 -1
    outer loop
      vertex 9.685652595100413 28.129177624079677 0
      vertex 10.175099263938645 27.955855468380776 0
      vertex 9.320048905624473 25.606623916416005 0
    endloop
  endfacet
  facet normal 0.12875037540217876 0.9779561934760383 -0.16439289667031137
    outer loop
      vertex 3.6256129663031373 29.528248011329328 0
      vertex 4.417763698436596 35.979797996997924 39
      vertex 4.140399753561947 29.460475045061717 0
    endloop
  endfacet
  facet normal 0.00860781044989035 0.9863573800218678 -0.1643928966703113
    outer loop
      vertex 0 29.75 0
      vertex 0 36.25 39
      vertex 0.5192090915091845 29.74546893090264 0
    endloop
  endfacet
  facet normal 0.025820809327217698 0.9860569260088545 -0.16439289667031126
    outer loop
      vertex 0.5192090915091845 29.74546893090264 0
      vertex 0.6326497333515273 36.24447894941918 39
      vertex 1.0382600268994038 29.7318771038181 0
    endloop
  endfacet
  facet normal 0.04302594293590536 0.9854561095040308 -0.16439289667031118
    outer loop
      vertex 1.0382600268994038 29.7318771038181 0
      vertex 1.26510675546566 36.22791747944222 39
      vertex 1.556994698227579 29.70922865894857 0
    endloop
  endfacet
  facet normal 0.06021797042555726 0.9845551135219252 -0.16439289667031118
    outer loop
      vertex 1.556994698227579 29.70922865894857 0
      vertex 1.897178413806714 36.2003206348533 39
      vertex 2.0752550938877277 29.67753049522977 0
    endloop
  endfacet
  facet normal 0.07739165493807668 0.9833542125146412 -0.1643928966703112
    outer loop
      vertex 2.0752550938877277 29.67753049522977 0
      vertex 2.528672173224542 36.161696821918625 39
      vertex 2.5928833467428305 29.63679226822943 0
    endloop
  endfacet
  facet normal 0.09454176520280572 0.9818537722882578 -0.1643928966703113
    outer loop
      vertex 2.5928833467428305 29.63679226822943 0
      vertex 3.1593956746026084 36.11205780582578 39
      vertex 3.1097217822126906 29.58702638720613 0
    endloop
  endfacet
  facet normal 0.11166307712999146 0.9800542498914057 -0.16439289667031123
    outer loop
      vertex 3.1097217822126906 29.58702638720613 0
      vertex 3.789156793452438 36.051418707099906 39
      vertex 3.6256129663031373 29.528248011329328 0
    endloop
  endfacet
  facet normal 0.1457984550627893 0.9755602421304633 -0.16439289667031134
    outer loop
      vertex 4.140399753561947 29.460475045061717 0
      vertex 5.045024909802372 35.897217491881925 39
      vertex 4.6539253349468686 29.38372813270535 0
    endloop
  endfacet
  facet normal 0.16280212310162445 0.972867125684668 -0.16439289667031118
    outer loop
      vertex 4.6539253349468686 29.38372813270535 0
      vertex 5.670749357708369 35.80370234657374 39
      vertex 5.166033285591177 29.298030652113187 0
    endloop
  endfacet
  facet normal 0.1797562000366329 0.969877664488019 -0.16439289667031132
    outer loop
      vertex 5.166033285591177 29.298030652113187 0
      vertex 6.294746440426224 35.69928104669254 39
      vertex 5.6765676124522075 29.203408707568002 0
    endloop
  endfacet
  facet normal 0.1966555214917861 0.9665927691593488 -0.16439289667031134
    outer loop
      vertex 5.6765676124522075 29.203408707568002 0
      vertex 6.916826082399749 35.58398539997782 39
      vertex 6.185372801828341 29.09989112183072 0
    endloop
  endfacet
  facet normal 0.2302693254214937 0.9591407682370063 -0.16439289667031118
    outer loop
      vertex 6.692293866729984 28.98750942736075 0
      vertex 8.154475719965106 35.320914848464774 39
      vertex 7.197176394090115 28.866297856710894 0
    endloop
  endfacet
  facet normal 0.21349493977005454 0.9630134403095967 -0.16439289667031118
    outer loop
      vertex 6.185372801828341 29.09989112183072 0
      vertex 7.5367987921437765 35.45785052660045 39
      vertex 6.692293866729984 28.98750942736075 0
    endloop
  endfacet
  facet normal 0.24697356880572774 0.9549759325950088 -0.16439289667031134
    outer loop
      vertex 7.197176394090115 28.866297856710894 0
      vertex 8.769668715487954 35.17322007750487 39
      vertex 7.699866591799992 28.736293332099784 0
    endloop
  endfacet
  facet normal 0.26360258164843653 0.9505202020328782 -0.16439289667031123
    outer loop
      vertex 7.699866591799992 28.736293332099784 0
      vertex 9.382190384966377 35.01481120297873 39
      vertex 8.200211335555725 28.597535454164987 0
    endloop
  endfacet
  facet normal 0.2801512985911893 0.9457749338093152 -0.16439289667031137
    outer loop
      vertex 8.200211335555725 28.597535454164987 0
      vertex 9.991854148366219 34.84573647776406 39
      vertex 8.698058215501419 28.450066489900305 0
    endloop
  endfacet
  facet normal 0.5299896143562784 0.8319170536771244 -0.1643928966703113
    outer loop
      vertex 15.765098110937846 25.22943086065367 0
      vertex 19.20957332845368 30.74174348567044 39
      vertex 16.203011291697056 24.950449396376367 0
    endloop
  endfacet
  facet normal 0.5444278489138367 0.8225407545230796 -0.16439289667031123
    outer loop
      vertex 16.63598887825472 24.66386778351249 0
      vertex 16.203011291697056 24.950449396376367 0
      vertex 19.743165019294732 30.40180808802162 39
    endloop
  endfacet
  facet normal 0.5587002454746203 0.8129139014870784 -0.16439289667031134
    outer loop
      vertex 16.63598887825472 24.66386778351249 0
      vertex 20.270742750814577 30.052612005120263 39
      vertex 17.06389898144362 24.369773317597506 0
    endloop
  endfacet
  facet normal 0.29661467873450686 0.9407415733789858 -0.16439289667031134
    outer loop
      vertex 8.698058215501419 28.450066489900305 0
      vertex 10.598474296199209 34.66604740366004 39
      vertex 9.193255582654684 28.293931359780817 0
    endloop
  endfacet
  facet normal 0.31298770717329893 0.9354216539522408 -0.1643928966703112
    outer loop
      vertex 9.193255582654684 28.293931359780817 0
      vertex 11.201866046091842 34.47579871569931 39
      vertex 9.685652595100413 28.129177624079677 0
    endloop
  endfacet
  facet normal 0.32926539652452735 0.9298167960280617 -0.16439289667031126
    outer loop
      vertex 9.685652595100413 28.129177624079677 0
      vertex 11.80184559907193 34.275048365475236 39
      vertex 10.175099263938645 27.955855468380776 0
    endloop
  endfacet
  facet normal 0.3454427884462957 0.9239287069004795 -0.16439289667031132
    outer loop
      vertex 10.175099263938645 27.955855468380776 0
      vertex 12.398230195555492 34.06385750348918 39
      vertex 10.661446498972683 27.774017688291753 0
    endloop
  endfacet
  facet normal 0.39332406348639076 0.9045834160578548 -0.16439289667031132
    outer loop
      vertex 12.100415131505056 27.177977364867377 0
      vertex 11.624251072555895 27.3850193902101 0
      vertex 14.164003407736175 33.368300937650964 39
    endloop
  endfacet
  facet normal 0.4090513157598824 0.8975811922046125 -0.1643928966703112
    outer loop
      vertex 12.100415131505056 27.177977364867377 0
      vertex 14.744203311497758 33.11602283954428 39
      vertex 12.572893286785808 26.962656664340336 0
    endloop
  endfacet
  facet normal 0.36151495514832666 0.917759180138476 -0.16439289667031126
    outer loop
      vertex 10.661446498972683 27.774017688291753 0
      vertex 12.990838171017135 33.842290460523564 39
      vertex 11.144546154123383 27.583719673361927 0
    endloop
  endfacet
  facet normal 0.3774770008929457 0.9113100950396695 -0.1643928966703113
    outer loop
      vertex 11.144546154123383 27.583719673361927 0
      vertex 13.57948901132681 33.610414728046045 39
      vertex 11.624251072555895 27.3850193902101 0
    endloop
  endfacet
  facet normal 0.4246539670400188 0.8903055564251631 -0.1643928966703112
    outer loop
      vertex 12.572893286785808 26.962656664340336 0
      vertex 15.319911988100355 32.85365728007856 39
      vertex 13.041541616975055 26.73912287740022 0
    endloop
  endfacet
  facet normal 0.4401272646080929 0.8827587249486363 -0.1643928966703112
    outer loop
      vertex 13.506217367251518 26.507444094603944 0
      vertex 13.041541616975055 26.73912287740022 0
      vertex 15.890954071104058 32.5812841783448 39
    endloop
  endfacet
  facet normal 0.4554664951477471 0.8749429966130202 -0.16439289667031137
    outer loop
      vertex 13.506217367251518 26.507444094603944 0
      vertex 16.457155615558573 32.29898650182834 39
      vertex 13.96677899288025 26.267690887553076 0
    endloop
  endfacet
  facet normal 0.47066698618078184 0.8668607521648699 -0.16439289667031143
    outer loop
      vertex 14.423086202328527 26.019936287397023 0
      vertex 13.96677899288025 26.267690887553076 0
      vertex 17.018344150988543 32.00685024113611 39
    endloop
  endfacet
  facet normal 0.4857241074903676 0.8585144535341441 -0.16439289667031126
    outer loop
      vertex 14.423086202328527 26.019936287397023 0
      vertex 17.574348733929718 31.704964383803095 39
      vertex 14.875 25.764255762587048 0
    endloop
  endfacet
  facet normal 0.5006332725314994 0.8499066430842541 -0.16439289667031132
    outer loop
      vertex 14.875 25.764255762587048 0
      vertex 18.125 31.3934208871859 39
      vertex 15.32238272857411 25.50072719588784 0
    endloop
  endfacet
  facet normal 0.5153899398280761 0.8410399428376493 -0.16439289667031132
    outer loop
      vertex 15.765098110937846 25.22943086065367 0
      vertex 15.32238272857411 25.50072719588784 0
      vertex 18.670130215489465 31.07231465045157 39
    endloop
  endfacet
  facet normal 0 0 -1
    outer loop
      vertex 27.177977364867377 12.100415131505056 0
      vertex 27.146305523000066 2.374993989873685 0
      vertex 27.10072164878545 2.848400624043557 0
    endloop
  endfacet
  facet normal 0 0 -1
    outer loop
      vertex 27.177977364867377 12.100415131505056 0
      vertex 27.10072164878545 2.848400624043557 0
      vertex 27.046882632226023 3.320939607790269 0
    endloop
  endfacet
  facet normal 0 0 -1
    outer loop
      vertex 27.177977364867377 12.100415131505056 0
      vertex 27.046882632226023 3.320939607790269 0
      vertex 26.984804873207793 3.7924670011617834 0
    endloop
  endfacet
  facet normal 0 0 -1
    outer loop
      vertex 27.177977364867377 12.100415131505056 0
      vertex 26.984804873207793 3.7924670011617834 0
      vertex 26.914507281217503 4.2628391723462915 0
    endloop
  endfacet
  facet normal 0 0 -1
    outer loop
      vertex 26.962656664340336 12.572893286785808 0
      vertex 26.914507281217503 4.2628391723462915 0
      vertex 26.83601126958267 4.731912841423852 0
    endloop
  endfacet
  facet normal 0 0 -1
    outer loop
      vertex 26.962656664340336 12.572893286785808 0
      vertex 26.83601126958267 4.731912841423852 0
      vertex 26.749340748948843 5.199545124010846 0
    endloop
  endfacet
  facet normal 0 0 -1
    outer loop
      vertex 26.962656664340336 12.572893286785808 0
      vertex 26.749340748948843 5.199545124010846 0
      vertex 26.654522119996205 5.665593574783942 0
    endloop
  endfacet
  facet normal 0 0 -1
    outer loop
      vertex 26.73912287740022 13.041541616975055 0
      vertex 26.55158426539766 6.129916230870322 0
      vertex 26.440558541020906 6.592371655090946 0
    endloop
  endfacet
  facet normal 0 0 -1
    outer loop
      vertex 26.507444094603944 13.506217367251518 0
      vertex 26.440558541020906 6.592371655090946 0
      vertex 26.321478766377112 7.05281897904369 0
    endloop
  endfacet
  facet normal 0 0 -1
    outer loop
      vertex 26.73912287740022 13.041541616975055 0
      vertex 26.654522119996205 5.665593574783942 0
      vertex 26.55158426539766 6.129916230870322 0
    endloop
  endfacet
  facet normal 0 0 -1
    outer loop
      vertex 21.75777262317032 20.28945121185933 0
      vertex 21.473293035783172 16.77677520262419 0
      vertex 21.177227449702457 17.14898065610807 0
    endloop
  endfacet
  facet normal 0 0 -1
    outer loop
      vertex 22.789822182789596 19.122931388174543 0
      vertex 22.59127385212489 15.238006619577853 0
      vertex 22.321893206875025 15.629957890566004 0
    endloop
  endfacet
  facet normal 0 0 -1
    outer loop
      vertex 22.108558557952477 19.906635539176033 0
      vertex 22.045713096717318 16.017148124969893 0
      vertex 21.76281764878873 16.399459380893315 0
    endloop
  endfacet
  facet normal 0 0 -1
    outer loop
      vertex 22.108558557952477 19.906635539176033 0
      vertex 21.76281764878873 16.399459380893315 0
      vertex 21.473293035783172 16.77677520262419 0
    endloop
  endfacet
  facet normal 0 0 -1
    outer loop
      vertex 22.452610011627467 19.51775611246759 0
      vertex 22.321893206875025 15.629957890566004 0
      vertex 22.045713096717318 16.017148124969893 0
    endloop
  endfacet
  facet normal 0 0 -1
    outer loop
      vertex 22.452610011627467 19.51775611246759 0
      vertex 22.789822182789596 19.122931388174543 0
      vertex 22.321893206875025 15.629957890566004 0
    endloop
  endfacet
  facet normal 0 0 -1
    outer loop
      vertex 24.950449396376367 16.203011291697056 0
      vertex 24.894113720760874 11.083573523815556 0
      vertex 24.696887196748712 11.51634763243406 0
    endloop
  endfacet
  facet normal 0 0 -1
    outer loop
      vertex 24.950449396376367 16.203011291697056 0
      vertex 24.696887196748712 11.51634763243406 0
      vertex 24.4921377616523 11.94561375000236 0
    endloop
  endfacet
  facet normal 0 0 -1
    outer loop
      vertex 26.019936287397023 14.423086202328527 0
      vertex 25.916290069042933 8.420713096717316 0
      vertex 25.765381185081385 8.87173220895752 0
    endloop
  endfacet
  facet normal 0 0 -1
    outer loop
      vertex 25.764255762587048 14.875 0
      vertex 25.606623916416005 9.320048905624473 0
      vertex 25.440066622048747 9.765526625109432 0
    endloop
  endfacet
  facet normal 0 0 -1
    outer loop
      vertex 26.019936287397023 14.423086202328527 0
      vertex 25.765381185081385 8.87173220895752 0
      vertex 25.606623916416005 9.320048905624473 0
    endloop
  endfacet
  facet normal 0 0 -1
    outer loop
      vertex 26.507444094603944 13.506217367251518 0
      vertex 26.321478766377112 7.05281897904369 0
      vertex 26.19438121431919 7.511117946013227 0
    endloop
  endfacet
  facet normal 0 0 -1
    outer loop
      vertex 26.267690887553076 13.96677899288025 0
      vertex 26.19438121431919 7.511117946013227 0
      vertex 26.059304599992714 7.967128953694577 0
    endloop
  endfacet
  facet normal 0 0 -1
    outer loop
      vertex 26.267690887553076 13.96677899288025 0
      vertex 26.059304599992714 7.967128953694577 0
      vertex 25.916290069042933 8.420713096717316 0
    endloop
  endfacet
  facet normal 0 0 -1
    outer loop
      vertex 27.177977364867377 12.100415131505056 0
      vertex 26.914507281217503 4.2628391723462915 0
      vertex 26.962656664340336 12.572893286785808 0
    endloop
  endfacet
  facet normal 0 0 -1
    outer loop
      vertex 26.507444094603944 13.506217367251518 0
      vertex 26.73912287740022 13.041541616975055 0
      vertex 26.440558541020906 6.592371655090946 0
    endloop
  endfacet
  facet normal 0 0 -1
    outer loop
      vertex 26.962656664340336 12.572893286785808 0
      vertex 26.654522119996205 5.665593574783942 0
      vertex 26.73912287740022 13.041541616975055 0
    endloop
  endfacet
  facet normal 0 0 -1
    outer loop
      vertex 25.50072719588784 15.32238272857411 0
      vertex 25.440066622048747 9.765526625109432 0
      vertex 25.265760036944958 10.208029670583603 0
    endloop
  endfacet
  facet normal 0 0 -1
    outer loop
      vertex 25.50072719588784 15.32238272857411 0
      vertex 25.265760036944958 10.208029670583603 0
      vertex 25.083757256579002 10.647423251332711 0
    endloop
  endfacet
  facet normal 0 0 -1
    outer loop
      vertex 25.22943086065367 15.765098110937846 0
      vertex 25.083757256579002 10.647423251332711 0
      vertex 24.894113720760874 11.083573523815556 0
    endloop
  endfacet
  facet normal 0 0 -1
    outer loop
      vertex 26.019936287397023 14.423086202328527 0
      vertex 25.606623916416005 9.320048905624473 0
      vertex 25.764255762587048 14.875 0
    endloop
  endfacet
  facet normal 0 0 -1
    outer loop
      vertex 25.764255762587048 14.875 0
      vertex 25.440066622048747 9.765526625109432 0
      vertex 25.50072719588784 15.32238272857411 0
    endloop
  endfacet
  facet normal 0 0 -1
    outer loop
      vertex 26.507444094603944 13.506217367251518 0
      vertex 26.19438121431919 7.511117946013227 0
      vertex 26.267690887553076 13.96677899288025 0
    endloop
  endfacet
  facet normal 0 0 -1
    outer loop
      vertex 26.019936287397023 14.423086202328527 0
      vertex 26.267690887553076 13.96677899288025 0
      vertex 25.916290069042933 8.420713096717316 0
    endloop
  endfacet
  facet normal 0 0 -1
    outer loop
      vertex 23.759406423906963 17.903996938773435 0
      vertex 23.599192253125953 13.625 0
      vertex 23.35780894413256 14.034787541298975 0
    endloop
  endfacet
  facet normal 0 0 -1
    outer loop
      vertex 23.443319919799976 18.315928890938334 0
      vertex 23.35780894413256 14.034787541298975 0
      vertex 23.109310620262608 14.440299950354834 0
    endloop
  endfacet
  facet normal 0 0 -1
    outer loop
      vertex 24.369773317597506 17.06389898144362 0
      vertex 24.279927784133026 12.37124111790265 0
      vertex 24.06032190540576 12.793100085915524 0
    endloop
  endfacet
  facet normal 0 0 -1
    outer loop
      vertex 24.068255582654686 17.486611255701074 0
      vertex 24.06032190540576 12.793100085915524 0
      vertex 23.833387019548535 13.211062151712685 0
    endloop
  endfacet
  facet normal 0 0 -1
    outer loop
      vertex 24.66386778351249 16.63598887825472 0
      vertex 24.4921377616523 11.94561375000236 0
      vertex 24.279927784133026 12.37124111790265 0
    endloop
  endfacet
  facet normal 0 0 -1
    outer loop
      vertex 24.068255582654686 17.486611255701074 0
      vertex 23.833387019548535 13.211062151712685 0
      vertex 23.599192253125953 13.625 0
    endloop
  endfacet
  facet normal 0 0 -1
    outer loop
      vertex 24.068255582654686 17.486611255701074 0
      vertex 24.369773317597506 17.06389898144362 0
      vertex 24.06032190540576 12.793100085915524 0
    endloop
  endfacet
  facet normal 0 0 -1
    outer loop
      vertex 24.66386778351249 16.63598887825472 0
      vertex 24.950449396376367 16.203011291697056 0
      vertex 24.4921377616523 11.94561375000236 0
    endloop
  endfacet
  facet normal 0 0 -1
    outer loop
      vertex 24.66386778351249 16.63598887825472 0
      vertex 24.279927784133026 12.37124111790265 0
      vertex 24.369773317597506 17.06389898144362 0
    endloop
  endfacet
  facet normal 0 0 -1
    outer loop
      vertex 23.120092353344884 18.722281633732663 0
      vertex 22.853772976512804 14.841413704159487 0
      vertex 22.59127385212489 15.238006619577853 0
    endloop
  endfacet
  facet normal 0 0 -1
    outer loop
      vertex 23.120092353344884 18.722281633732663 0
      vertex 23.109310620262608 14.440299950354834 0
      vertex 22.853772976512804 14.841413704159487 0
    endloop
  endfacet
  facet normal 0 0 -1
    outer loop
      vertex 23.759406423906963 17.903996938773435 0
      vertex 23.35780894413256 14.034787541298975 0
      vertex 23.443319919799976 18.315928890938334 0
    endloop
  endfacet
  facet normal 0 0 -1
    outer loop
      vertex 22.789822182789596 19.122931388174543 0
      vertex 23.120092353344884 18.722281633732663 0
      vertex 22.59127385212489 15.238006619577853 0
    endloop
  endfacet
  facet normal 0 0 -1
    outer loop
      vertex 23.120092353344884 18.722281633732663 0
      vertex 23.443319919799976 18.315928890938334 0
      vertex 23.109310620262608 14.440299950354834 0
    endloop
  endfacet
  facet normal 0 0 -1
    outer loop
      vertex 23.759406423906963 17.903996938773435 0
      vertex 24.068255582654686 17.486611255701074 0
      vertex 23.599192253125953 13.625 0
    endloop
  endfacet
  facet normal 0 0 -1
    outer loop
      vertex 25.22943086065367 15.765098110937846 0
      vertex 25.50072719588784 15.32238272857411 0
      vertex 25.083757256579002 10.647423251332711 0
    endloop
  endfacet
  facet normal 0 0 -1
    outer loop
      vertex 25.22943086065367 15.765098110937846 0
      vertex 24.894113720760874 11.083573523815556 0
      vertex 24.950449396376367 16.203011291697056 0
    endloop
  endfacet
  facet normal 0 0 -1
    outer loop
      vertex 29.38372813270535 -4.6539253349468686 0
      vertex 29.38372813270535 4.6539253349468686 0
      vertex 29.460475045061717 4.140399753561947 0
    endloop
  endfacet
  facet normal 0 0 -1
    outer loop
      vertex 29.298030652113187 -5.166033285591177 0
      vertex 29.298030652113187 5.166033285591177 0
      vertex 29.38372813270535 4.6539253349468686 0
    endloop
  endfacet
  facet normal 0 0 -1
    outer loop
      vertex 29.09989112183072 -6.185372801828341 0
      vertex 29.09989112183072 6.185372801828341 0
      vertex 29.203408707568002 5.6765676124522075 0
    endloop
  endfacet
  facet normal 0 0 -1
    outer loop
      vertex 28.98750942736075 -6.692293866729984 0
      vertex 28.98750942736075 6.692293866729984 0
      vertex 29.09989112183072 6.185372801828341 0
    endloop
  endfacet
  facet normal 0 0 -1
    outer loop
      vertex 28.866297856710894 -7.197176394090115 0
      vertex 28.866297856710894 7.197176394090115 0
      vertex 28.98750942736075 6.692293866729984 0
    endloop
  endfacet
  facet normal 0 0 -1
    outer loop
      vertex 29.203408707568002 -5.6765676124522075 0
      vertex 29.203408707568002 5.6765676124522075 0
      vertex 29.298030652113187 5.166033285591177 0
    endloop
  endfacet
  facet normal 0 0 -1
    outer loop
      vertex 27.774017688291753 -10.661446498972683 0
      vertex 27.774017688291753 10.661446498972683 0
      vertex 27.955855468380776 10.175099263938645 0
    endloop
  endfacet
  facet normal 0 0 -1
    outer loop
      vertex 27.955855468380776 -10.175099263938645 0
      vertex 27.955855468380776 10.175099263938645 0
      vertex 28.129177624079677 9.685652595100413 0
    endloop
  endfacet
  facet normal 0 0 -1
    outer loop
      vertex 28.129177624079677 -9.685652595100413 0
      vertex 28.129177624079677 9.685652595100413 0
      vertex 28.293931359780817 9.193255582654684 0
    endloop
  endfacet
  facet normal 0 0 -1
    outer loop
      vertex 27.3850193902101 11.624251072555895 0
      vertex 27.245849693011664 -0.4755780754159757 0
      vertex 27.25 0 0
    endloop
  endfacet
  facet normal 0 0 -1
    outer loop
      vertex 27.3850193902101 -11.624251072555895 0
      vertex 27.3850193902101 11.624251072555895 0
      vertex 27.583719673361927 11.144546154123383 0
    endloop
  endfacet
  facet normal 0 0 -1
    outer loop
      vertex 27.583719673361927 -11.144546154123383 0
      vertex 27.583719673361927 11.144546154123383 0
      vertex 27.774017688291753 10.661446498972683 0
    endloop
  endfacet
  facet normal 0 0 -1
    outer loop
      vertex 27.3850193902101 11.624251072555895 0
      vertex 27.25 0 0
      vertex 27.245849693011664 0.4755780754159757 0
    endloop
  endfacet
  facet normal 0 0 -1
    outer loop
      vertex 27.3850193902101 11.624251072555895 0
      vertex 27.245849693011664 0.4755780754159757 0
      vertex 27.23340003627036 0.9510112851431514 0
    endloop
  endfacet
  facet normal 0 0 -1
    outer loop
      vertex 28.450066489900305 -8.698058215501419 0
      vertex 28.450066489900305 8.698058215501419 0
      vertex 28.597535454164987 8.200211335555725 0
    endloop
  endfacet
  facet normal 0 0 -1
    outer loop
      vertex 28.736293332099784 -7.699866591799992 0
      vertex 28.736293332099784 7.699866591799992 0
      vertex 28.866297856710894 7.197176394090115 0
    endloop
  endfacet
  facet normal 0 0 -1
    outer loop
      vertex 28.597535454164987 -8.200211335555725 0
      vertex 28.597535454164987 8.200211335555725 0
      vertex 28.736293332099784 7.699866591799992 0
    endloop
  endfacet
  facet normal 0 0 -1
    outer loop
      vertex 28.293931359780817 -9.193255582654684 0
      vertex 28.293931359780817 9.193255582654684 0
      vertex 28.450066489900305 8.698058215501419 0
    endloop
  endfacet
  facet normal 0 0 -1
    outer loop
      vertex 29.70922865894857 -1.556994698227579 0
      vertex 29.70922865894857 1.556994698227579 0
      vertex 29.7318771038181 1.0382600268994038 0
    endloop
  endfacet
  facet normal 0 0 -1
    outer loop
      vertex 29.67753049522977 -2.0752550938877277 0
      vertex 29.67753049522977 2.0752550938877277 0
      vertex 29.70922865894857 1.556994698227579 0
    endloop
  endfacet
  facet normal 0 0 -1
    outer loop
      vertex 29.74546893090264 -0.5192090915091845 0
      vertex 29.74546893090264 0.5192090915091845 0
      vertex 29.75 0 0
    endloop
  endfacet
  facet normal 0 0 -1
    outer loop
      vertex 29.7318771038181 -1.0382600268994038 0
      vertex 29.7318771038181 1.0382600268994038 0
      vertex 29.74546893090264 0.5192090915091845 0
    endloop
  endfacet
  facet normal 0 0 -1
    outer loop
      vertex 29.63679226822943 -2.5928833467428305 0
      vertex 29.63679226822943 2.5928833467428305 0
      vertex 29.67753049522977 2.0752550938877277 0
    endloop
  endfacet
  facet normal 0 0 -1
    outer loop
      vertex 29.528248011329328 -3.6256129663031373 0
      vertex 29.528248011329328 3.6256129663031373 0
      vertex 29.58702638720613 3.1097217822126906 0
    endloop
  endfacet
  facet normal 0 0 -1
    outer loop
      vertex 29.58702638720613 -3.1097217822126906 0
      vertex 29.58702638720613 3.1097217822126906 0
      vertex 29.63679226822943 2.5928833467428305 0
    endloop
  endfacet
  facet normal 0 0 -1
    outer loop
      vertex 29.460475045061717 -4.140399753561947 0
      vertex 29.460475045061717 4.140399753561947 0
      vertex 29.528248011329328 3.6256129663031373 0
    endloop
  endfacet
  facet normal 0 0 -1
    outer loop
      vertex 27.3850193902101 11.624251072555895 0
      vertex 27.23340003627036 0.9510112851431514 0
      vertex 27.212654822062138 1.4261548076202195 0
    endloop
  endfacet
  facet normal 0 0 -1
    outer loop
      vertex 27.3850193902101 11.624251072555895 0
      vertex 27.212654822062138 1.4261548076202195 0
      vertex 27.183620369580208 1.9008639095274145 0
    endloop
  endfacet
  facet normal 0 0 -1
    outer loop
      vertex 27.3850193902101 11.624251072555895 0
      vertex 27.183620369580208 1.9008639095274145 0
      vertex 27.146305523000066 2.374993989873685 0
    endloop
  endfacet
  facet normal 0 0 -1
    outer loop
      vertex 27.177977364867377 12.100415131505056 0
      vertex 27.3850193902101 11.624251072555895 0
      vertex 27.146305523000066 2.374993989873685 0
    endloop
  endfacet
  facet normal 0.8129139014870784 0.5587002454746203 -0.16439289667031134
    outer loop
      vertex 24.66386778351249 16.63598887825472 0
      vertex 24.369773317597506 17.06389898144362 0
      vertex 30.052612005120263 20.270742750814577 39
    endloop
  endfacet
  facet normal 0.8225407545230796 0.5444278489138367 -0.16439289667031123
    outer loop
      vertex 24.66386778351249 16.63598887825472 0
      vertex 30.40180808802162 19.743165019294732 39
      vertex 24.950449396376367 16.203011291697056 0
    endloop
  endfacet
  facet normal 0.8319170536771244 0.5299896143562784 -0.1643928966703113
    outer loop
      vertex 25.22943086065367 15.765098110937846 0
      vertex 24.950449396376367 16.203011291697056 0
      vertex 30.74174348567044 19.20957332845368 39
    endloop
  endfacet
  facet normal 0.9779561934760383 0.12875037540217876 -0.16439289667031137
    outer loop
      vertex 29.528248011329328 3.6256129663031373 0
      vertex 29.460475045061717 4.140399753561947 0
      vertex 35.979797996997924 4.417763698436596 39
    endloop
  endfacet
  facet normal 0.9755602421304633 0.1457984550627893 -0.16439289667031134
    outer loop
      vertex 29.460475045061717 4.140399753561947 0
      vertex 29.38372813270535 4.6539253349468686 0
      vertex 35.897217491881925 5.045024909802372 39
    endloop
  endfacet
  facet normal 0.972867125684668 0.16280212310162445 -0.16439289667031118
    outer loop
      vertex 29.38372813270535 4.6539253349468686 0
      vertex 29.298030652113187 5.166033285591177 0
      vertex 35.80370234657374 5.670749357708369 39
    endloop
  endfacet
  facet normal 0.969877664488019 0.1797562000366329 -0.16439289667031132
    outer loop
      vertex 29.298030652113187 5.166033285591177 0
      vertex 29.203408707568002 5.6765676124522075 0
      vertex 35.69928104669254 6.294746440426224 39
    endloop
  endfacet
  facet normal 0.9665927691593488 0.1966555214917861 -0.16439289667031134
    outer loop
      vertex 29.09989112183072 6.185372801828341 0
      vertex 35.58398539997782 6.916826082399749 39
      vertex 29.203408707568002 5.6765676124522075 0
    endloop
  endfacet
  facet normal 0.9591407682370063 0.2302693254214937 -0.16439289667031118
    outer loop
      vertex 28.98750942736075 6.692293866729984 0
      vertex 28.866297856710894 7.197176394090115 0
      vertex 35.320914848464774 8.154475719965106 39
    endloop
  endfacet
  facet normal 0.9549759325950088 0.24697356880572774 -0.16439289667031134
    outer loop
      vertex 28.866297856710894 7.197176394090115 0
      vertex 28.736293332099784 7.699866591799992 0
      vertex 35.17322007750487 8.769668715487954 39
    endloop
  endfacet
  facet normal 0.9630134403095967 0.21349493977005454 -0.16439289667031118
    outer loop
      vertex 29.09989112183072 6.185372801828341 0
      vertex 28.98750942736075 6.692293866729984 0
      vertex 35.45785052660045 7.5367987921437765 39
    endloop
  endfacet
  facet normal 0.9505202020328782 0.26360258164843653 -0.16439289667031123
    outer loop
      vertex 28.736293332099784 7.699866591799992 0
      vertex 28.597535454164987 8.200211335555725 0
      vertex 35.01481120297873 9.382190384966377 39
    endloop
  endfacet
  facet normal 0.9457749338093152 0.2801512985911893 -0.16439289667031137
    outer loop
      vertex 28.597535454164987 8.200211335555725 0
      vertex 28.450066489900305 8.698058215501419 0
      vertex 34.84573647776406 9.991854148366219 39
    endloop
  endfacet
  facet normal 0.9863573800218678 0.00860781044989035 -0.1643928966703113
    outer loop
      vertex 29.75 0 0
      vertex 29.74546893090264 0.5192090915091845 0
      vertex 36.25 0 39
    endloop
  endfacet
  facet normal 0.9860569260088545 0.025820809327217698 -0.16439289667031126
    outer loop
      vertex 29.74546893090264 0.5192090915091845 0
      vertex 29.7318771038181 1.0382600268994038 0
      vertex 36.24447894941918 0.6326497333515273 39
    endloop
  endfacet
  facet normal 0.9854561095040308 0.04302594293590536 -0.16439289667031118
    outer loop
      vertex 29.7318771038181 1.0382600268994038 0
      vertex 29.70922865894857 1.556994698227579 0
      vertex 36.22791747944222 1.26510675546566 39
    endloop
  endfacet
  facet normal 0.9845551135219252 0.06021797042555726 -0.16439289667031118
    outer loop
      vertex 29.70922865894857 1.556994698227579 0
      vertex 29.67753049522977 2.0752550938877277 0
      vertex 36.2003206348533 1.897178413806714 39
    endloop
  endfacet
  facet normal 0.9833542125146412 0.07739165493807668 -0.1643928966703112
    outer loop
      vertex 29.67753049522977 2.0752550938877277 0
      vertex 29.63679226822943 2.5928833467428305 0
      vertex 36.161696821918625 2.528672173224542 39
    endloop
  endfacet
  facet normal 0.9818537722882578 0.09454176520280572 -0.1643928966703113
    outer loop
      vertex 29.63679226822943 2.5928833467428305 0
      vertex 29.58702638720613 3.1097217822126906 0
      vertex 36.11205780582578 3.1593956746026084 39
    endloop
  endfacet
  facet normal 0.9800542498914057 0.11166307712999146 -0.16439289667031123
    outer loop
      vertex 29.58702638720613 3.1097217822126906 0
      vertex 29.528248011329328 3.6256129663031373 0
      vertex 36.051418707099906 3.789156793452438 39
    endloop
  endfacet
  facet normal 0.9045834160578548 0.39332406348639076 -0.16439289667031132
    outer loop
      vertex 27.177977364867377 12.100415131505056 0
      vertex 33.368300937650964 14.164003407736175 39
      vertex 27.3850193902101 11.624251072555895 0
    endloop
  endfacet
  facet normal 0.8975811922046125 0.4090513157598824 -0.1643928966703112
    outer loop
      vertex 27.177977364867377 12.100415131505056 0
      vertex 26.962656664340336 12.572893286785808 0
      vertex 33.11602283954428 14.744203311497758 39
    endloop
  endfacet
  facet normal 0.9407415733789858 0.29661467873450686 -0.16439289667031134
    outer loop
      vertex 28.450066489900305 8.698058215501419 0
      vertex 28.293931359780817 9.193255582654684 0
      vertex 34.66604740366004 10.598474296199209 39
    endloop
  endfacet
  facet normal 0.9354216539522408 0.31298770717329893 -0.1643928966703112
    outer loop
      vertex 28.293931359780817 9.193255582654684 0
      vertex 28.129177624079677 9.685652595100413 0
      vertex 34.47579871569931 11.201866046091842 39
    endloop
  endfacet
  facet normal 0.9239287069004795 0.3454427884462957 -0.16439289667031132
    outer loop
      vertex 27.955855468380776 10.175099263938645 0
      vertex 27.774017688291753 10.661446498972683 0
      vertex 34.06385750348918 12.398230195555492 39
    endloop
  endfacet
  facet normal 0.9298167960280617 0.32926539652452735 -0.16439289667031126
    outer loop
      vertex 27.955855468380776 10.175099263938645 0
      vertex 34.275048365475236 11.80184559907193 39
      vertex 28.129177624079677 9.685652595100413 0
    endloop
  endfacet
  facet normal 0.917759180138476 0.36151495514832666 -0.1643928966703113
    outer loop
      vertex 27.583719673361927 11.144546154123383 0
      vertex 33.842290460523564 12.990838171017135 39
      vertex 27.774017688291753 10.661446498972683 0
    endloop
  endfacet
  facet normal 0.9113100950396695 0.3774770008929457 -0.1643928966703113
    outer loop
      vertex 27.583719673361927 11.144546154123383 0
      vertex 27.3850193902101 11.624251072555895 0
      vertex 33.610414728046045 13.57948901132681 39
    endloop
  endfacet
  facet normal 0.8668607521648699 0.47066698618078184 -0.16439289667031143
    outer loop
      vertex 26.019936287397023 14.423086202328527 0
      vertex 32.00685024113611 17.018344150988543 39
      vertex 26.267690887553076 13.96677899288025 0
    endloop
  endfacet
  facet normal 0.8585144535341441 0.4857241074903676 -0.16439289667031126
    outer loop
      vertex 26.019936287397023 14.423086202328527 0
      vertex 25.764255762587048 14.875 0
      vertex 31.704964383803095 17.574348733929718 39
    endloop
  endfacet
  facet normal 0.8903055564251631 0.4246539670400188 -0.1643928966703112
    outer loop
      vertex 26.962656664340336 12.572893286785808 0
      vertex 26.73912287740022 13.041541616975055 0
      vertex 32.85365728007856 15.319911988100355 39
    endloop
  endfacet
  facet normal 0.8827587249486363 0.4401272646080929 -0.1643928966703112
    outer loop
      vertex 26.507444094603944 13.506217367251518 0
      vertex 32.5812841783448 15.890954071104058 39
      vertex 26.73912287740022 13.041541616975055 0
    endloop
  endfacet
  facet normal 0.8749429966130202 0.4554664951477471 -0.16439289667031137
    outer loop
      vertex 26.507444094603944 13.506217367251518 0
      vertex 26.267690887553076 13.96677899288025 0
      vertex 32.29898650182834 16.457155615558573 39
    endloop
  endfacet
  facet normal 0.8499066430842541 0.5006332725314994 -0.16439289667031132
    outer loop
      vertex 25.764255762587048 14.875 0
      vertex 25.50072719588784 15.32238272857411 0
      vertex 31.3934208871859 18.125 39
    endloop
  endfacet
  facet normal 0.8410399428376493 0.5153899398280761 -0.16439289667031132
    outer loop
      vertex 25.22943086065367 15.765098110937846 0
      vertex 31.07231465045157 18.670130215489465 39
      vertex 25.50072719588784 15.32238272857411 0
    endloop
  endfacet
  facet normal 0 0 -1
    outer loop
      vertex 19.906635539176033 22.108558557952477 0
      vertex 19.602009559228247 18.929440595007677 0
      vertex 19.268659787333423 19.268659787333423 0
    endloop
  endfacet
  facet normal 0 0 -1
    outer loop
      vertex 20.28945121185933 21.75777262317032 0
      vertex 19.929388369122396 18.584455311703085 0
      vertex 19.602009559228247 18.929440595007677 0
    endloop
  endfacet
  facet normal 0 0 -1
    outer loop
      vertex 20.28945121185933 21.75777262317032 0
      vertex 20.250696494258992 18.233809023278887 0
      vertex 19.929388369122396 18.584455311703085 0
    endloop
  endfacet
  facet normal 0 0 -1
    outer loop
      vertex 18.315928890938334 23.443319919799976 0
      vertex 18.233809023278887 20.250696494258992 0
      vertex 17.877608539991325 20.565836061070538 0
    endloop
  endfacet
  facet normal 0 0 -1
    outer loop
      vertex 18.722281633732663 23.120092353344884 0
      vertex 18.584455311703085 19.929388369122396 0
      vertex 18.233809023278887 20.250696494258992 0
    endloop
  endfacet
  facet normal 0 0 -1
    outer loop
      vertex 19.122931388174543 22.789822182789596 0
      vertex 18.929440595007677 19.602009559228247 0
      vertex 18.584455311703085 19.929388369122396 0
    endloop
  endfacet
  facet normal 0 0 -1
    outer loop
      vertex 19.51775611246759 22.452610011627467 0
      vertex 19.268659787333423 19.268659787333423 0
      vertex 18.929440595007677 19.602009559228247 0
    endloop
  endfacet
  facet normal 0 0 -1
    outer loop
      vertex 18.315928890938334 23.443319919799976 0
      vertex 18.722281633732663 23.120092353344884 0
      vertex 18.233809023278887 20.250696494258992 0
    endloop
  endfacet
  facet normal 0 0 -1
    outer loop
      vertex 18.722281633732663 23.120092353344884 0
      vertex 19.122931388174543 22.789822182789596 0
      vertex 18.584455311703085 19.929388369122396 0
    endloop
  endfacet
  facet normal 0 0 -1
    outer loop
      vertex 19.51775611246759 22.452610011627467 0
      vertex 18.929440595007677 19.602009559228247 0
      vertex 19.122931388174543 22.789822182789596 0
    endloop
  endfacet
  facet normal 0 0 -1
    outer loop
      vertex 19.51775611246759 22.452610011627467 0
      vertex 19.906635539176033 22.108558557952477 0
      vertex 19.268659787333423 19.268659787333423 0
    endloop
  endfacet
  facet normal 0 0 -1
    outer loop
      vertex 20.28945121185933 21.75777262317032 0
      vertex 19.602009559228247 18.929440595007677 0
      vertex 19.906635539176033 22.108558557952477 0
    endloop
  endfacet
  facet normal 0 0 -1
    outer loop
      vertex 20.66608652115517 21.400359060074873 0
      vertex 20.565836061070538 17.877608539991325 0
      vertex 20.250696494258992 18.233809023278887 0
    endloop
  endfacet
  facet normal 0 0 -1
    outer loop
      vertex 21.03642674029979 21.03642674029979 0
      vertex 20.874711074992153 17.515962363958195 0
      vertex 20.565836061070538 17.877608539991325 0
    endloop
  endfacet
  facet normal 0 0 -1
    outer loop
      vertex 21.400359060074873 20.66608652115517 0
      vertex 21.177227449702457 17.14898065610807 0
      vertex 20.874711074992153 17.515962363958195 0
    endloop
  endfacet
  facet normal 0 0 -1
    outer loop
      vertex 20.66608652115517 21.400359060074873 0
      vertex 21.03642674029979 21.03642674029979 0
      vertex 20.565836061070538 17.877608539991325 0
    endloop
  endfacet
  facet normal 0 0 -1
    outer loop
      vertex 21.400359060074873 20.66608652115517 0
      vertex 20.874711074992153 17.515962363958195 0
      vertex 21.03642674029979 21.03642674029979 0
    endloop
  endfacet
  facet normal 0 0 -1
    outer loop
      vertex 21.75777262317032 20.28945121185933 0
      vertex 21.177227449702457 17.14898065610807 0
      vertex 21.400359060074873 20.66608652115517 0
    endloop
  endfacet
  facet normal 0 0 -1
    outer loop
      vertex 21.75777262317032 20.28945121185933 0
      vertex 22.108558557952477 19.906635539176033 0
      vertex 21.473293035783172 16.77677520262419 0
    endloop
  endfacet
  facet normal 0 0 -1
    outer loop
      vertex 22.452610011627467 19.51775611246759 0
      vertex 22.045713096717318 16.017148124969893 0
      vertex 22.108558557952477 19.906635539176033 0
    endloop
  endfacet
  facet normal 0 0 -1
    outer loop
      vertex 20.28945121185933 21.75777262317032 0
      vertex 20.66608652115517 21.400359060074873 0
      vertex 20.250696494258992 18.233809023278887 0
    endloop
  endfacet
  facet normal 0.6274243372383762 0.7611265837988638 -0.16439289667031123
    outer loop
      vertex 18.722281633732663 23.120092353344884 0
      vertex 22.812864175556605 28.171541102815194 39
      vertex 19.122931388174543 22.789822182789596 0
    endloop
  endfacet
  facet normal 0.5728024565283782 0.8030394270018126 -0.1643928966703112
    outer loop
      vertex 17.486611255701074 24.068255582654686 0
      vertex 17.06389898144362 24.369773317597506 0
      vertex 20.79214581772542 29.69426160547595 39
    endloop
  endfacet
  facet normal 0.5867301864050146 0.7929203389278655 -0.16439289667031126
    outer loop
      vertex 17.903996938773435 23.759406423906963 0
      vertex 17.486611255701074 24.068255582654686 0
      vertex 21.30721539560215 29.326866046091844 39
    endloop
  endfacet
  facet normal 0.6004791925830952 0.7825597196374844 -0.16439289667031126
    outer loop
      vertex 17.903996938773435 23.759406423906963 0
      vertex 21.81579458926175 28.950537239214366 39
      vertex 18.315928890938334 23.443319919799976 0
    endloop
  endfacet
  facet normal 0.6140452869821337 0.7719607250756825 -0.16439289667031132
    outer loop
      vertex 18.315928890938334 23.443319919799976 0
      vertex 22.317728480555115 28.56538981824367 39
      vertex 18.722281633732663 23.120092353344884 0
    endloop
  endfacet
  facet normal 0.6663987615750941 0.7272466336089327 -0.16439289667031132
    outer loop
      vertex 20.28945121185933 21.75777262317032 0
      vertex 19.906635539176033 22.108558557952477 0
      vertex 24.255984480508612 26.938999923555542 39
    endloop
  endfacet
  facet normal 0.6406122679634912 0.7500605959914282 -0.16439289667031132
    outer loop
      vertex 19.51775611246759 22.452610011627467 0
      vertex 19.122931388174543 22.789822182789596 0
      vertex 23.30105085113705 27.769111063062955 39
    endloop
  endfacet
  facet normal 0.6536050619860402 0.7387661324604484 -0.16439289667031126
    outer loop
      vertex 19.51775611246759 22.452610011627467 0
      vertex 23.782139800905888 27.358222283075484 39
      vertex 19.906635539176033 22.108558557952477 0
    endloop
  endfacet
  facet normal 0.6789894696458177 0.7155056083878277 -0.16439289667031126
    outer loop
      vertex 20.28945121185933 21.75777262317032 0
      vertex 24.72244055226557 26.51157168369493 39
      vertex 20.66608652115517 21.400359060074873 0
    endloop
  endfacet
  facet normal 0.6913733509465688 0.7035466332271492 -0.1643928966703113
    outer loop
      vertex 20.66608652115517 21.400359060074873 0
      vertex 25.18136592913865 26.076067762276107 39
      vertex 21.03642674029979 21.03642674029979 0
    endloop
  endfacet
  facet normal 0.7611265837988638 0.6274243372383762 -0.16439289667031123
    outer loop
      vertex 22.789822182789596 19.122931388174543 0
      vertex 28.171541102815194 22.812864175556605 39
      vertex 23.120092353344884 18.722281633732663 0
    endloop
  endfacet
  facet normal 0.7272466336089327 0.6663987615750941 -0.16439289667031132
    outer loop
      vertex 21.75777262317032 20.28945121185933 0
      vertex 26.938999923555542 24.255984480508612 39
      vertex 22.108558557952477 19.906635539176033 0
    endloop
  endfacet
  facet normal 0.7035466332271492 0.6913733509465688 -0.1643928966703113
    outer loop
      vertex 21.400359060074873 20.66608652115517 0
      vertex 21.03642674029979 21.03642674029979 0
      vertex 26.076067762276107 25.18136592913865 39
    endloop
  endfacet
  facet normal 0.7155056083878277 0.6789894696458177 -0.16439289667031126
    outer loop
      vertex 21.75777262317032 20.28945121185933 0
      vertex 21.400359060074873 20.66608652115517 0
      vertex 26.51157168369493 24.72244055226557 39
    endloop
  endfacet
  facet normal 0.7500605959914282 0.6406122679634912 -0.16439289667031132
    outer loop
      vertex 22.452610011627467 19.51775611246759 0
      vertex 27.769111063062955 23.30105085113705 39
      vertex 22.789822182789596 19.122931388174543 0
    endloop
  endfacet
  facet normal 0.7387661324604484 0.6536050619860402 -0.16439289667031126
    outer loop
      vertex 22.452610011627467 19.51775611246759 0
      vertex 22.108558557952477 19.906635539176033 0
      vertex 27.358222283075484 23.782139800905888 39
    endloop
  endfacet
  facet normal 0.8030394270018126 0.5728024565283782 -0.1643928966703112
    outer loop
      vertex 24.068255582654686 17.486611255701074 0
      vertex 29.69426160547595 20.79214581772542 39
      vertex 24.369773317597506 17.06389898144362 0
    endloop
  endfacet
  facet normal 0.7929203389278655 0.5867301864050146 -0.16439289667031126
    outer loop
      vertex 23.759406423906963 17.903996938773435 0
      vertex 29.326866046091844 21.30721539560215 39
      vertex 24.068255582654686 17.486611255701074 0
    endloop
  endfacet
  facet normal 0.7719607250756825 0.6140452869821337 -0.16439289667031134
    outer loop
      vertex 23.120092353344884 18.722281633732663 0
      vertex 28.56538981824367 22.317728480555115 39
      vertex 23.443319919799976 18.315928890938334 0
    endloop
  endfacet
  facet normal 0.7825597196374844 0.6004791925830952 -0.16439289667031126
    outer loop
      vertex 23.759406423906963 17.903996938773435 0
      vertex 23.443319919799976 18.315928890938334 0
      vertex 28.950537239214366 21.81579458926175 39
    endloop
  endfacet
  facet normal 0.008607810449890162 0.9863573800218676 -0.1643928966703113
    outer loop
      vertex 0.5192090915091845 29.74546893090264 0
      vertex 0 36.25 39
      vertex 0.6326497333515273 36.24447894941918 39
    endloop
  endfacet
  facet normal 0.025820809327223283 0.9860569260088545 -0.1643928966703112
    outer loop
      vertex 1.0382600268994038 29.7318771038181 0
      vertex 0.6326497333515273 36.24447894941918 39
      vertex 1.26510675546566 36.22791747944222 39
    endloop
  endfacet
  facet normal 0.04302594293590537 0.985456109504031 -0.16439289667031123
    outer loop
      vertex 1.556994698227579 29.70922865894857 0
      vertex 1.26510675546566 36.22791747944222 39
      vertex 1.897178413806714 36.2003206348533 39
    endloop
  endfacet
  facet normal 0.06021797042555845 0.9845551135219253 -0.1643928966703112
    outer loop
      vertex 2.0752550938877277 29.67753049522977 0
      vertex 1.897178413806714 36.2003206348533 39
      vertex 2.528672173224542 36.161696821918625 39
    endloop
  endfacet
  facet normal 0.07739165493807137 0.9833542125146415 -0.1643928966703113
    outer loop
      vertex 2.5928833467428305 29.63679226822943 0
      vertex 2.528672173224542 36.161696821918625 39
      vertex 3.1593956746026084 36.11205780582578 39
    endloop
  endfacet
  facet normal 0.09454176520280626 0.9818537722882577 -0.16439289667031126
    outer loop
      vertex 3.1097217822126906 29.58702638720613 0
      vertex 3.1593956746026084 36.11205780582578 39
      vertex 3.789156793452438 36.051418707099906 39
    endloop
  endfacet
  facet normal 0.11166307712998626 0.9800542498914063 -0.16439289667031132
    outer loop
      vertex 3.6256129663031373 29.528248011329328 0
      vertex 3.789156793452438 36.051418707099906 39
      vertex 4.417763698436596 35.979797996997924 39
    endloop
  endfacet
  facet normal 0.12875037540218146 0.977956193476038 -0.1643928966703113
    outer loop
      vertex 4.140399753561947 29.460475045061717 0
      vertex 4.417763698436596 35.979797996997924 39
      vertex 5.045024909802372 35.897217491881925 39
    endloop
  endfacet
  facet normal 0.14579845506279493 0.9755602421304624 -0.16439289667031123
    outer loop
      vertex 4.6539253349468686 29.38372813270535 0
      vertex 5.045024909802372 35.897217491881925 39
      vertex 5.670749357708369 35.80370234657374 39
    endloop
  endfacet
  facet normal 0.1628021231016184 0.9728671256846692 -0.16439289667031132
    outer loop
      vertex 5.166033285591177 29.298030652113187 0
      vertex 5.670749357708369 35.80370234657374 39
      vertex 6.294746440426224 35.69928104669254 39
    endloop
  endfacet
  facet normal 0.1797562000366315 0.9698776644880192 -0.16439289667031132
    outer loop
      vertex 5.6765676124522075 29.203408707568002 0
      vertex 6.294746440426224 35.69928104669254 39
      vertex 6.916826082399749 35.58398539997782 39
    endloop
  endfacet
  facet normal 0.19665552149179485 0.9665927691593469 -0.16439289667031118
    outer loop
      vertex 6.185372801828341 29.09989112183072 0
      vertex 6.916826082399749 35.58398539997782 39
      vertex 7.5367987921437765 35.45785052660045 39
    endloop
  endfacet
  facet normal 0.21349493977005535 0.9630134403095966 -0.1643928966703112
    outer loop
      vertex 6.692293866729984 28.98750942736075 0
      vertex 7.5367987921437765 35.45785052660045 39
      vertex 8.154475719965106 35.320914848464774 39
    endloop
  endfacet
  facet normal 0.23026932542148515 0.9591407682370083 -0.1643928966703113
    outer loop
      vertex 7.197176394090115 28.866297856710894 0
      vertex 8.154475719965106 35.320914848464774 39
      vertex 8.769668715487954 35.17322007750487 39
    endloop
  endfacet
  facet normal 0.24697356880573246 0.9549759325950076 -0.16439289667031123
    outer loop
      vertex 7.699866591799992 28.736293332099784 0
      vertex 8.769668715487954 35.17322007750487 39
      vertex 9.382190384966377 35.01481120297873 39
    endloop
  endfacet
  facet normal 0.36151495514832604 0.9177591801384763 -0.16439289667031126
    outer loop
      vertex 11.144546154123383 27.583719673361927 0
      vertex 12.990838171017135 33.842290460523564 39
      vertex 13.57948901132681 33.610414728046045 39
    endloop
  endfacet
  facet normal 0.3774770008929434 0.9113100950396704 -0.16439289667031132
    outer loop
      vertex 11.624251072555895 27.3850193902101 0
      vertex 13.57948901132681 33.610414728046045 39
      vertex 14.164003407736175 33.368300937650964 39
    endloop
  endfacet
  facet normal 0.26360258164842965 0.9505202020328801 -0.16439289667031134
    outer loop
      vertex 8.200211335555725 28.597535454164987 0
      vertex 9.382190384966377 35.01481120297873 39
      vertex 9.991854148366219 34.84573647776406 39
    endloop
  endfacet
  facet normal 0.2801512985911902 0.945774933809315 -0.1643928966703114
    outer loop
      vertex 8.698058215501419 28.450066489900305 0
      vertex 9.991854148366219 34.84573647776406 39
      vertex 10.598474296199209 34.66604740366004 39
    endloop
  endfacet
  facet normal 0.2966146787345139 0.9407415733789836 -0.16439289667031123
    outer loop
      vertex 9.193255582654684 28.293931359780817 0
      vertex 10.598474296199209 34.66604740366004 39
      vertex 11.201866046091842 34.47579871569931 39
    endloop
  endfacet
  facet normal 0.31298770717329705 0.9354216539522414 -0.1643928966703113
    outer loop
      vertex 9.685652595100413 28.129177624079677 0
      vertex 11.201866046091842 34.47579871569931 39
      vertex 11.80184559907193 34.275048365475236 39
    endloop
  endfacet
  facet normal 0.3292653965245233 0.9298167960280632 -0.16439289667031137
    outer loop
      vertex 10.175099263938645 27.955855468380776 0
      vertex 11.80184559907193 34.275048365475236 39
      vertex 12.398230195555492 34.06385750348918 39
    endloop
  endfacet
  facet normal 0.34544278844629805 0.9239287069004786 -0.16439289667031132
    outer loop
      vertex 10.661446498972683 27.774017688291753 0
      vertex 12.398230195555492 34.06385750348918 39
      vertex 12.990838171017135 33.842290460523564 39
    endloop
  endfacet
  facet normal 0.3933240634863991 0.9045834160578512 -0.16439289667031132
    outer loop
      vertex 12.100415131505056 27.177977364867377 0
      vertex 14.164003407736175 33.368300937650964 39
      vertex 14.744203311497758 33.11602283954428 39
    endloop
  endfacet
  facet normal 0.4090513157598811 0.8975811922046131 -0.1643928966703112
    outer loop
      vertex 12.572893286785808 26.962656664340336 0
      vertex 14.744203311497758 33.11602283954428 39
      vertex 15.319911988100355 32.85365728007856 39
    endloop
  endfacet
  facet normal 0.4401272646080835 0.882758724948641 -0.16439289667031143
    outer loop
      vertex 13.506217367251518 26.507444094603944 0
      vertex 15.890954071104058 32.5812841783448 39
      vertex 16.457155615558573 32.29898650182834 39
    endloop
  endfacet
  facet normal 0.455466495147744 0.8749429966130219 -0.16439289667031134
    outer loop
      vertex 13.96677899288025 26.267690887553076 0
      vertex 16.457155615558573 32.29898650182834 39
      vertex 17.018344150988543 32.00685024113611 39
    endloop
  endfacet
  facet normal 0.4246539670400192 0.8903055564251627 -0.1643928966703112
    outer loop
      vertex 13.041541616975055 26.73912287740022 0
      vertex 15.319911988100355 32.85365728007856 39
      vertex 15.890954071104058 32.5812841783448 39
    endloop
  endfacet
  facet normal 0.5006332725315 0.8499066430842539 -0.16439289667031134
    outer loop
      vertex 15.32238272857411 25.50072719588784 0
      vertex 18.125 31.3934208871859 39
      vertex 18.670130215489465 31.07231465045157 39
    endloop
  endfacet
  facet normal 0.5153899398280762 0.8410399428376493 -0.16439289667031137
    outer loop
      vertex 15.765098110937846 25.22943086065367 0
      vertex 18.670130215489465 31.07231465045157 39
      vertex 19.20957332845368 30.74174348567044 39
    endloop
  endfacet
  facet normal 0.4706669861807913 0.8668607521648649 -0.1643928966703112
    outer loop
      vertex 14.423086202328527 26.019936287397023 0
      vertex 17.018344150988543 32.00685024113611 39
      vertex 17.574348733929718 31.704964383803095 39
    endloop
  endfacet
  facet normal 0.48572410749036415 0.858514453534146 -0.1643928966703113
    outer loop
      vertex 14.875 25.764255762587048 0
      vertex 17.574348733929718 31.704964383803095 39
      vertex 18.125 31.3934208871859 39
    endloop
  endfacet
  facet normal 0 0 1
    outer loop
      vertex 0 36.25 39
      vertex 0 34.25 39
      vertex 0.5977449204769603 34.2447835591064 39
    endloop
  endfacet
  facet normal 0 0 1
    outer loop
      vertex 0.6326497333515273 36.24447894941918 39
      vertex 0.5977449204769603 34.2447835591064 39
      vertex 1.1953077620606583 34.22913582540403 39
    endloop
  endfacet
  facet normal 0 0 1
    outer loop
      vertex 0 36.25 39
      vertex 0.5977449204769603 34.2447835591064 39
      vertex 0.6326497333515273 36.24447894941918 39
    endloop
  endfacet
  facet normal 0 0 1
    outer loop
      vertex 0.6326497333515273 36.24447894941918 39
      vertex 1.1953077620606583 34.22913582540403 39
      vertex 1.26510675546566 36.22791747944222 39
    endloop
  endfacet
  facet normal 0 0 1
    outer loop
      vertex 1.26510675546566 36.22791747944222 39
      vertex 1.1953077620606583 34.22913582540403 39
      vertex 1.7925065013208263 34.20306156534416 39
    endloop
  endfacet
  facet normal 0 0 1
    outer loop
      vertex 1.897178413806714 36.2003206348533 39
      vertex 1.7925065013208263 34.20306156534416 39
      vertex 2.3891592257362917 34.16656872139898 39
    endloop
  endfacet
  facet normal 0 0 1
    outer loop
      vertex 1.26510675546566 36.22791747944222 39
      vertex 1.7925065013208263 34.20306156534416 39
      vertex 1.897178413806714 36.2003206348533 39
    endloop
  endfacet
  facet normal 0 0 1
    outer loop
      vertex 2.528672173224542 36.161696821918625 39
      vertex 2.3891592257362917 34.16656872139898 39
      vertex 2.985084189107292 34.11966840964229 39
    endloop
  endfacet
  facet normal 0 0 1
    outer loop
      vertex 3.1593956746026084 36.11205780582578 39
      vertex 2.985084189107292 34.11966840964229 39
      vertex 3.5800998669171316 34.06237491636336 39
    endloop
  endfacet
  facet normal 0 0 1
    outer loop
      vertex 1.897178413806714 36.2003206348533 39
      vertex 2.3891592257362917 34.16656872139898 39
      vertex 2.528672173224542 36.161696821918625 39
    endloop
  endfacet
  facet normal 0 0 1
    outer loop
      vertex 2.528672173224542 36.161696821918625 39
      vertex 2.985084189107292 34.11966840964229 39
      vertex 3.1593956746026084 36.11205780582578 39
    endloop
  endfacet
  facet normal 0 0 1
    outer loop
      vertex 3.789156793452438 36.051418707099906 39
      vertex 3.5800998669171316 34.06237491636336 39
      vertex 4.174025011626301 33.994705693715275 39
    endloop
  endfacet
  facet normal 0 0 1
    outer loop
      vertex 4.417763698436596 35.979797996997924 39
      vertex 4.174025011626301 33.994705693715275 39
      vertex 4.7666787078822415 33.91668135439878 39
    endloop
  endfacet
  facet normal 0 0 1
    outer loop
      vertex 3.1593956746026084 36.11205780582578 39
      vertex 3.5800998669171316 34.06237491636336 39
      vertex 3.789156793452438 36.051418707099906 39
    endloop
  endfacet
  facet normal 0 0 1
    outer loop
      vertex 3.789156793452438 36.051418707099906 39
      vertex 4.174025011626301 33.994705693715275 39
      vertex 4.417763698436596 35.979797996997924 39
    endloop
  endfacet
  facet normal 0 0 1
    outer loop
      vertex 5.045024909802372 35.897217491881925 39
      vertex 4.7666787078822415 33.91668135439878 39
      vertex 5.357880427627907 33.82832566538347 39
    endloop
  endfacet
  facet normal 0 0 1
    outer loop
      vertex 5.670749357708369 35.80370234657374 39
      vertex 5.357880427627907 33.82832566538347 39
      vertex 5.947450085092364 33.72966554066812 39
    endloop
  endfacet
  facet normal 0 0 1
    outer loop
      vertex 4.417763698436596 35.979797996997924 39
      vertex 4.7666787078822415 33.91668135439878 39
      vertex 5.045024909802372 35.897217491881925 39
    endloop
  endfacet
  facet normal 0 0 1
    outer loop
      vertex 5.045024909802372 35.897217491881925 39
      vertex 5.357880427627907 33.82832566538347 39
      vertex 5.670749357708369 35.80370234657374 39
    endloop
  endfacet
  facet normal 0 0 1
    outer loop
      vertex 5.670749357708369 35.80370234657374 39
      vertex 5.947450085092364 33.72966554066812 39
      vertex 6.294746440426224 35.69928104669254 39
    endloop
  endfacet
  facet normal 0 0 1
    outer loop
      vertex 6.294746440426224 35.69928104669254 39
      vertex 5.947450085092364 33.72966554066812 39
      vertex 6.53520809164666 33.62073103308249 39
    endloop
  endfacet
  facet normal 0 0 1
    outer loop
      vertex 6.294746440426224 35.69928104669254 39
      vertex 6.53520809164666 33.62073103308249 39
      vertex 6.916826082399749 35.58398539997782 39
    endloop
  endfacet
  facet normal 0 0 1
    outer loop
      vertex 8.154475719965106 35.320914848464774 39
      vertex 7.704573611277376 33.37217471889431 39
      vertex 8.28582492428862 33.23262862495288 39
    endloop
  endfacet
  facet normal 0 0 1
    outer loop
      vertex 8.769668715487954 35.17322007750487 39
      vertex 8.28582492428862 33.23262862495288 39
      vertex 8.864552294761335 33.08295955040059 39
    endloop
  endfacet
  facet normal 0 0 1
    outer loop
      vertex 6.916826082399749 35.58398539997782 39
      vertex 6.53520809164666 33.62073103308249 39
      vertex 7.120975410508257 33.50155532513284 39
    endloop
  endfacet
  facet normal 0 0 1
    outer loop
      vertex 6.916826082399749 35.58398539997782 39
      vertex 7.120975410508257 33.50155532513284 39
      vertex 7.5367987921437765 35.45785052660045 39
    endloop
  endfacet
  facet normal 0 0 1
    outer loop
      vertex 7.5367987921437765 35.45785052660045 39
      vertex 7.120975410508257 33.50155532513284 39
      vertex 7.704573611277376 33.37217471889431 39
    endloop
  endfacet
  facet normal 0 0 1
    outer loop
      vertex 7.5367987921437765 35.45785052660045 39
      vertex 7.704573611277376 33.37217471889431 39
      vertex 8.154475719965106 35.320914848464774 39
    endloop
  endfacet
  facet normal 0 0 1
    outer loop
      vertex 8.154475719965106 35.320914848464774 39
      vertex 8.28582492428862 33.23262862495288 39
      vertex 8.769668715487954 35.17322007750487 39
    endloop
  endfacet
  facet normal 0 0 1
    outer loop
      vertex 8.769668715487954 35.17322007750487 39
      vertex 8.864552294761335 33.08295955040059 39
      vertex 9.382190384966377 35.01481120297873 39
    endloop
  endfacet
  facet normal 0 0 1
    outer loop
      vertex 9.382190384966377 35.01481120297873 39
      vertex 8.864552294761335 33.08295955040059 39
      vertex 9.440579436732222 32.923213085887426 39
    endloop
  endfacet
  facet normal 0 0 1
    outer loop
      vertex 9.991854148366219 34.84573647776406 39
      vertex 9.440579436732222 32.923213085887426 39
      vertex 10.013730886753734 32.75343789173397 39
    endloop
  endfacet
  facet normal 0 0 1
    outer loop
      vertex 10.598474296199209 34.66604740366004 39
      vertex 10.013730886753734 32.75343789173397 39
      vertex 10.583832057341949 32.573685683109005 39
    endloop
  endfacet
  facet normal 0 0 1
    outer loop
      vertex 10.598474296199209 34.66604740366004 39
      vertex 10.583832057341949 32.573685683109005 39
      vertex 11.150709290157616 32.384011214276605 39
    endloop
  endfacet
  facet normal 0 0 1
    outer loop
      vertex 10.598474296199209 34.66604740366004 39
      vertex 11.150709290157616 32.384011214276605 39
      vertex 11.201866046091842 34.47579871569931 39
    endloop
  endfacet
  facet normal 0 0 1
    outer loop
      vertex 9.382190384966377 35.01481120297873 39
      vertex 9.440579436732222 32.923213085887426 39
      vertex 9.991854148366219 34.84573647776406 39
    endloop
  endfacet
  facet normal 0 0 1
    outer loop
      vertex 9.991854148366219 34.84573647776406 39
      vertex 10.013730886753734 32.75343789173397 39
      vertex 10.598474296199209 34.66604740366004 39
    endloop
  endfacet
  facet normal 0 0 1
    outer loop
      vertex 11.80184559907193 34.275048365475236 39
      vertex 11.714189908904153 32.184472261917364 39
      vertex 12.274102271926534 31.97512960752916 39
    endloop
  endfacet
  facet normal 0 0 1
    outer loop
      vertex 11.201866046091842 34.47579871569931 39
      vertex 11.150709290157616 32.384011214276605 39
      vertex 11.714189908904153 32.184472261917364 39
    endloop
  endfacet
  facet normal 0 0 1
    outer loop
      vertex 11.201866046091842 34.47579871569931 39
      vertex 11.714189908904153 32.184472261917364 39
      vertex 11.80184559907193 34.275048365475236 39
    endloop
  endfacet
  facet normal 0 0 1
    outer loop
      vertex 11.80184559907193 34.275048365475236 39
      vertex 12.274102271926534 31.97512960752916 39
      vertex 12.398230195555492 34.06385750348918 39
    endloop
  endfacet
  facet normal 0 0 1
    outer loop
      vertex 12.398230195555492 34.06385750348918 39
      vertex 12.274102271926534 31.97512960752916 39
      vertex 12.830275824494986 31.75604701891247 39
    endloop
  endfacet
  facet normal 0 0 1
    outer loop
      vertex 12.990838171017135 33.842290460523564 39
      vertex 12.830275824494986 31.75604701891247 39
      vertex 13.382541150757627 31.527291230746084 39
    endloop
  endfacet
  facet normal 0 0 1
    outer loop
      vertex 12.990838171017135 33.842290460523564 39
      vertex 12.398230195555492 34.06385750348918 39
      vertex 12.830275824494986 31.75604701891247 39
    endloop
  endfacet
  facet normal 0 0 1
    outer loop
      vertex 12.990838171017135 33.842290460523564 39
      vertex 13.382541150757627 31.527291230746084 39
      vertex 13.57948901132681 33.610414728046045 39
    endloop
  endfacet
  facet normal 0 0 1
    outer loop
      vertex 14.744203311497758 33.11602283954428 39
      vertex 14.474675464618956 31.04104170600526 39
      vertex 15.014211777525903 30.78369608574647 39
    endloop
  endfacet
  facet normal 0 0 1
    outer loop
      vertex 15.890954071104058 32.5812841783448 39
      vertex 15.549174616079478 30.5169734534516 39
      vertex 16.07940102541676 30.24095505541825 39
    endloop
  endfacet
  facet normal 0 0 1
    outer loop
      vertex 15.319911988100355 32.85365728007856 39
      vertex 15.014211777525903 30.78369608574647 39
      vertex 15.549174616079478 30.5169734534516 39
    endloop
  endfacet
  facet normal 0 0 1
    outer loop
      vertex 17.018344150988543 32.00685024113611 39
      vertex 16.604729493437045 29.955724969524304 39
      vertex 17.125 29.661370079617022 39
    endloop
  endfacet
  facet normal 0 0 1
    outer loop
      vertex 16.457155615558573 32.29898650182834 39
      vertex 16.07940102541676 30.24095505541825 39
      vertex 16.604729493437045 29.955724969524304 39
    endloop
  endfacet
  facet normal 0 0 1
    outer loop
      vertex 15.890954071104058 32.5812841783448 39
      vertex 16.07940102541676 30.24095505541825 39
      vertex 16.457155615558573 32.29898650182834 39
    endloop
  endfacet
  facet normal 0 0 1
    outer loop
      vertex 16.457155615558573 32.29898650182834 39
      vertex 16.604729493437045 29.955724969524304 39
      vertex 17.018344150988543 32.00685024113611 39
    endloop
  endfacet
  facet normal 0 0 1
    outer loop
      vertex 17.574348733929718 31.704964383803095 39
      vertex 17.125 29.661370079617022 39
      vertex 17.640054065669354 29.35798004904735 39
    endloop
  endfacet
  facet normal 0 0 1
    outer loop
      vertex 18.125 31.3934208871859 39
      vertex 17.640054065669354 29.35798004904735 39
      vertex 18.149734799987268 29.04564729335759 39
    endloop
  endfacet
  facet normal 0 0 1
    outer loop
      vertex 17.574348733929718 31.704964383803095 39
      vertex 17.018344150988543 32.00685024113611 39
      vertex 17.125 29.661370079617022 39
    endloop
  endfacet
  facet normal 0 0 1
    outer loop
      vertex 17.574348733929718 31.704964383803095 39
      vertex 17.640054065669354 29.35798004904735 39
      vertex 18.125 31.3934208871859 39
    endloop
  endfacet
  facet normal 0 0 1
    outer loop
      vertex 13.57948901132681 33.610414728046045 39
      vertex 13.382541150757627 31.527291230746084 39
      vertex 13.930730025346158 31.288931924259078 39
    endloop
  endfacet
  facet normal 0 0 1
    outer loop
      vertex 13.57948901132681 33.610414728046045 39
      vertex 13.930730025346158 31.288931924259078 39
      vertex 14.164003407736175 33.368300937650964 39
    endloop
  endfacet
  facet normal 0 0 1
    outer loop
      vertex 14.164003407736175 33.368300937650964 39
      vertex 13.930730025346158 31.288931924259078 39
      vertex 14.474675464618956 31.04104170600526 39
    endloop
  endfacet
  facet normal 0 0 1
    outer loop
      vertex 14.164003407736175 33.368300937650964 39
      vertex 14.474675464618956 31.04104170600526 39
      vertex 14.744203311497758 33.11602283954428 39
    endloop
  endfacet
  facet normal 0 0 1
    outer loop
      vertex 14.744203311497758 33.11602283954428 39
      vertex 15.014211777525903 30.78369608574647 39
      vertex 15.319911988100355 32.85365728007856 39
    endloop
  endfacet
  facet normal 0 0 1
    outer loop
      vertex 15.319911988100355 32.85365728007856 39
      vertex 15.549174616079478 30.5169734534516 39
      vertex 15.890954071104058 32.5812841783448 39
    endloop
  endfacet
  facet normal 0.9833542125146415 0.07739165493807137 -0.1643928966703113
    outer loop
      vertex 29.63679226822943 2.5928833467428305 0
      vertex 36.11205780582578 3.1593956746026084 39
      vertex 36.161696821918625 2.528672173224542 39
    endloop
  endfacet
  facet normal 0.9818537722882577 0.09454176520280626 -0.16439289667031126
    outer loop
      vertex 29.58702638720613 3.1097217822126906 0
      vertex 36.051418707099906 3.789156793452438 39
      vertex 36.11205780582578 3.1593956746026084 39
    endloop
  endfacet
  facet normal 0.9800542498914063 0.11166307712998626 -0.16439289667031132
    outer loop
      vertex 29.528248011329328 3.6256129663031373 0
      vertex 35.979797996997924 4.417763698436596 39
      vertex 36.051418707099906 3.789156793452438 39
    endloop
  endfacet
  facet normal 0.9863573800218676 0.008607810449890162 -0.1643928966703113
    outer loop
      vertex 29.74546893090264 0.5192090915091845 0
      vertex 36.24447894941918 0.6326497333515273 39
      vertex 36.25 0 39
    endloop
  endfacet
  facet normal 0.9860569260088545 0.025820809327223283 -0.1643928966703112
    outer loop
      vertex 29.7318771038181 1.0382600268994038 0
      vertex 36.22791747944222 1.26510675546566 39
      vertex 36.24447894941918 0.6326497333515273 39
    endloop
  endfacet
  facet normal 0.985456109504031 0.04302594293590537 -0.16439289667031123
    outer loop
      vertex 29.70922865894857 1.556994698227579 0
      vertex 36.2003206348533 1.897178413806714 39
      vertex 36.22791747944222 1.26510675546566 39
    endloop
  endfacet
  facet normal 0.9845551135219253 0.06021797042555845 -0.1643928966703112
    outer loop
      vertex 29.67753049522977 2.0752550938877277 0
      vertex 36.161696821918625 2.528672173224542 39
      vertex 36.2003206348533 1.897178413806714 39
    endloop
  endfacet
  facet normal 0.977956193476038 0.12875037540218146 -0.1643928966703113
    outer loop
      vertex 29.460475045061717 4.140399753561947 0
      vertex 35.897217491881925 5.045024909802372 39
      vertex 35.979797996997924 4.417763698436596 39
    endloop
  endfacet
  facet normal 0.9755602421304624 0.14579845506279493 -0.16439289667031123
    outer loop
      vertex 29.38372813270535 4.6539253349468686 0
      vertex 35.80370234657374 5.670749357708369 39
      vertex 35.897217491881925 5.045024909802372 39
    endloop
  endfacet
  facet normal 0.9728671256846692 0.1628021231016184 -0.16439289667031132
    outer loop
      vertex 29.298030652113187 5.166033285591177 0
      vertex 35.69928104669254 6.294746440426224 39
      vertex 35.80370234657374 5.670749357708369 39
    endloop
  endfacet
  facet normal 0.9698776644880192 0.1797562000366315 -0.16439289667031132
    outer loop
      vertex 29.203408707568002 5.6765676124522075 0
      vertex 35.58398539997782 6.916826082399749 39
      vertex 35.69928104669254 6.294746440426224 39
    endloop
  endfacet
  facet normal 0.9665927691593469 0.19665552149179485 -0.16439289667031118
    outer loop
      vertex 29.09989112183072 6.185372801828341 0
      vertex 35.45785052660045 7.5367987921437765 39
      vertex 35.58398539997782 6.916826082399749 39
    endloop
  endfacet
  facet normal 0.9630134403095966 0.21349493977005535 -0.1643928966703112
    outer loop
      vertex 28.98750942736075 6.692293866729984 0
      vertex 35.320914848464774 8.154475719965106 39
      vertex 35.45785052660045 7.5367987921437765 39
    endloop
  endfacet
  facet normal 0.9591407682370083 0.23026932542148515 -0.1643928966703113
    outer loop
      vertex 28.866297856710894 7.197176394090115 0
      vertex 35.17322007750487 8.769668715487954 39
      vertex 35.320914848464774 8.154475719965106 39
    endloop
  endfacet
  facet normal 0.9549759325950076 0.24697356880573246 -0.16439289667031123
    outer loop
      vertex 28.736293332099784 7.699866591799992 0
      vertex 35.01481120297873 9.382190384966377 39
      vertex 35.17322007750487 8.769668715487954 39
    endloop
  endfacet
  facet normal 0.9177591801384763 0.36151495514832604 -0.16439289667031126
    outer loop
      vertex 27.583719673361927 11.144546154123383 0
      vertex 33.610414728046045 13.57948901132681 39
      vertex 33.842290460523564 12.990838171017135 39
    endloop
  endfacet
  facet normal 0.9113100950396704 0.3774770008929434 -0.16439289667031132
    outer loop
      vertex 27.3850193902101 11.624251072555895 0
      vertex 33.368300937650964 14.164003407736175 39
      vertex 33.610414728046045 13.57948901132681 39
    endloop
  endfacet
  facet normal 0.8499066430842539 0.5006332725315 -0.16439289667031134
    outer loop
      vertex 25.50072719588784 15.32238272857411 0
      vertex 31.07231465045157 18.670130215489465 39
      vertex 31.3934208871859 18.125 39
    endloop
  endfacet
  facet normal 0.8410399428376493 0.5153899398280762 -0.16439289667031137
    outer loop
      vertex 25.22943086065367 15.765098110937846 0
      vertex 30.74174348567044 19.20957332845368 39
      vertex 31.07231465045157 18.670130215489465 39
    endloop
  endfacet
  facet normal 0.882758724948641 0.4401272646080835 -0.16439289667031143
    outer loop
      vertex 26.507444094603944 13.506217367251518 0
      vertex 32.29898650182834 16.457155615558573 39
      vertex 32.5812841783448 15.890954071104058 39
    endloop
  endfacet
  facet normal 0.8749429966130219 0.455466495147744 -0.16439289667031134
    outer loop
      vertex 26.267690887553076 13.96677899288025 0
      vertex 32.00685024113611 17.018344150988543 39
      vertex 32.29898650182834 16.457155615558573 39
    endloop
  endfacet
  facet normal 0.8975811922046131 0.4090513157598811 -0.1643928966703112
    outer loop
      vertex 26.962656664340336 12.572893286785808 0
      vertex 32.85365728007856 15.319911988100355 39
      vertex 33.11602283954428 14.744203311497758 39
    endloop
  endfacet
  facet normal 0.9045834160578512 0.3933240634863991 -0.16439289667031132
    outer loop
      vertex 27.177977364867377 12.100415131505056 0
      vertex 33.11602283954428 14.744203311497758 39
      vertex 33.368300937650964 14.164003407736175 39
    endloop
  endfacet
  facet normal 0.8903055564251627 0.4246539670400192 -0.1643928966703112
    outer loop
      vertex 26.73912287740022 13.041541616975055 0
      vertex 32.5812841783448 15.890954071104058 39
      vertex 32.85365728007856 15.319911988100355 39
    endloop
  endfacet
  facet normal 0.8668607521648649 0.4706669861807913 -0.1643928966703112
    outer loop
      vertex 26.019936287397023 14.423086202328527 0
      vertex 31.704964383803095 17.574348733929718 39
      vertex 32.00685024113611 17.018344150988543 39
    endloop
  endfacet
  facet normal 0.858514453534146 0.48572410749036415 -0.1643928966703113
    outer loop
      vertex 25.764255762587048 14.875 0
      vertex 31.3934208871859 18.125 39
      vertex 31.704964383803095 17.574348733929718 39
    endloop
  endfacet
  facet normal 0.9505202020328801 0.26360258164842965 -0.16439289667031134
    outer loop
      vertex 28.597535454164987 8.200211335555725 0
      vertex 34.84573647776406 9.991854148366219 39
      vertex 35.01481120297873 9.382190384966377 39
    endloop
  endfacet
  facet normal 0.945774933809315 0.2801512985911902 -0.1643928966703114
    outer loop
      vertex 28.450066489900305 8.698058215501419 0
      vertex 34.66604740366004 10.598474296199209 39
      vertex 34.84573647776406 9.991854148366219 39
    endloop
  endfacet
  facet normal 0.9407415733789836 0.2966146787345139 -0.16439289667031123
    outer loop
      vertex 28.293931359780817 9.193255582654684 0
      vertex 34.47579871569931 11.201866046091842 39
      vertex 34.66604740366004 10.598474296199209 39
    endloop
  endfacet
  facet normal 0.9354216539522414 0.31298770717329705 -0.1643928966703113
    outer loop
      vertex 28.129177624079677 9.685652595100413 0
      vertex 34.275048365475236 11.80184559907193 39
      vertex 34.47579871569931 11.201866046091842 39
    endloop
  endfacet
  facet normal 0.9298167960280632 0.3292653965245233 -0.16439289667031137
    outer loop
      vertex 27.955855468380776 10.175099263938645 0
      vertex 34.06385750348918 12.398230195555492 39
      vertex 34.275048365475236 11.80184559907193 39
    endloop
  endfacet
  facet normal 0.9239287069004786 0.34544278844629805 -0.16439289667031132
    outer loop
      vertex 27.774017688291753 10.661446498972683 0
      vertex 33.842290460523564 12.990838171017135 39
      vertex 34.06385750348918 12.398230195555492 39
    endloop
  endfacet
  facet normal 0 0 1
    outer loop
      vertex 34.275048365475236 -11.80184559907193 39
      vertex 34.275048365475236 11.80184559907193 39
      vertex 34.25 0 39
    endloop
  endfacet
  facet normal 0 0 1
    outer loop
      vertex 36.24447894941918 -0.6326497333515273 39
      vertex 36.25 0 39
      vertex 36.24447894941918 0.6326497333515273 39
    endloop
  endfacet
  facet normal 0 0 1
    outer loop
      vertex 36.24447894941918 -0.6326497333515273 39
      vertex 36.24447894941918 0.6326497333515273 39
      vertex 36.22791747944222 1.26510675546566 39
    endloop
  endfacet
  facet normal 0 0 1
    outer loop
      vertex 36.22791747944222 -1.26510675546566 39
      vertex 36.22791747944222 1.26510675546566 39
      vertex 36.2003206348533 1.897178413806714 39
    endloop
  endfacet
  facet normal 0 0 1
    outer loop
      vertex 36.2003206348533 -1.897178413806714 39
      vertex 36.2003206348533 1.897178413806714 39
      vertex 36.161696821918625 2.528672173224542 39
    endloop
  endfacet
  facet normal 0 0 1
    outer loop
      vertex 36.161696821918625 -2.528672173224542 39
      vertex 36.161696821918625 2.528672173224542 39
      vertex 36.11205780582578 3.1593956746026084 39
    endloop
  endfacet
  facet normal 0 0 1
    outer loop
      vertex 35.979797996997924 -4.417763698436596 39
      vertex 35.979797996997924 4.417763698436596 39
      vertex 35.897217491881925 5.045024909802372 39
    endloop
  endfacet
  facet normal 0 0 1
    outer loop
      vertex 36.11205780582578 -3.1593956746026084 39
      vertex 36.11205780582578 3.1593956746026084 39
      vertex 36.051418707099906 3.789156793452438 39
    endloop
  endfacet
  facet normal 0 0 1
    outer loop
      vertex 36.051418707099906 -3.789156793452438 39
      vertex 36.051418707099906 3.789156793452438 39
      vertex 35.979797996997924 4.417763698436596 39
    endloop
  endfacet
  facet normal 0 0 1
    outer loop
      vertex 35.897217491881925 -5.045024909802372 39
      vertex 35.897217491881925 5.045024909802372 39
      vertex 35.80370234657374 5.670749357708369 39
    endloop
  endfacet
  facet normal 0 0 1
    outer loop
      vertex 35.80370234657374 -5.670749357708369 39
      vertex 35.80370234657374 5.670749357708369 39
      vertex 35.69928104669254 6.294746440426224 39
    endloop
  endfacet
  facet normal 0 0 1
    outer loop
      vertex 35.01481120297873 -9.382190384966377 39
      vertex 35.01481120297873 9.382190384966377 39
      vertex 34.84573647776406 9.991854148366219 39
    endloop
  endfacet
  facet normal 0 0 1
    outer loop
      vertex 34.47579871569931 -11.201866046091842 39
      vertex 34.47579871569931 11.201866046091842 39
      vertex 34.275048365475236 11.80184559907193 39
    endloop
  endfacet
  facet normal 0 0 1
    outer loop
      vertex 34.275048365475236 11.80184559907193 39
      vertex 34.2447835591064 0.5977449204769603 39
      vertex 34.25 0 39
    endloop
  endfacet
  facet normal 0 0 1
    outer loop
      vertex 34.84573647776406 -9.991854148366219 39
      vertex 34.84573647776406 9.991854148366219 39
      vertex 34.66604740366004 10.598474296199209 39
    endloop
  endfacet
  facet normal 0 0 1
    outer loop
      vertex 34.66604740366004 -10.598474296199209 39
      vertex 34.66604740366004 10.598474296199209 39
      vertex 34.47579871569931 11.201866046091842 39
    endloop
  endfacet
  facet normal 0 0 1
    outer loop
      vertex 35.58398539997782 -6.916826082399749 39
      vertex 35.58398539997782 6.916826082399749 39
      vertex 35.45785052660045 7.5367987921437765 39
    endloop
  endfacet
  facet normal 0 0 1
    outer loop
      vertex 35.69928104669254 -6.294746440426224 39
      vertex 35.69928104669254 6.294746440426224 39
      vertex 35.58398539997782 6.916826082399749 39
    endloop
  endfacet
  facet normal 0 0 1
    outer loop
      vertex 35.45785052660045 -7.5367987921437765 39
      vertex 35.45785052660045 7.5367987921437765 39
      vertex 35.320914848464774 8.154475719965106 39
    endloop
  endfacet
  facet normal 0 0 1
    outer loop
      vertex 35.320914848464774 -8.154475719965106 39
      vertex 35.320914848464774 8.154475719965106 39
      vertex 35.17322007750487 8.769668715487954 39
    endloop
  endfacet
  facet normal 0 0 1
    outer loop
      vertex 35.17322007750487 -8.769668715487954 39
      vertex 35.17322007750487 8.769668715487954 39
      vertex 35.01481120297873 9.382190384966377 39
    endloop
  endfacet
  facet normal 0 0 1
    outer loop
      vertex 33.842290460523564 12.990838171017135 39
      vertex 33.82832566538347 5.357880427627907 39
      vertex 33.91668135439878 4.7666787078822415 39
    endloop
  endfacet
  facet normal 0 0 1
    outer loop
      vertex 33.842290460523564 12.990838171017135 39
      vertex 33.72966554066812 5.947450085092364 39
      vertex 33.82832566538347 5.357880427627907 39
    endloop
  endfacet
  facet normal 0 0 1
    outer loop
      vertex 33.610414728046045 13.57948901132681 39
      vertex 33.62073103308249 6.53520809164666 39
      vertex 33.72966554066812 5.947450085092364 39
    endloop
  endfacet
  facet normal 0 0 1
    outer loop
      vertex 34.275048365475236 11.80184559907193 39
      vertex 34.22913582540403 1.1953077620606583 39
      vertex 34.2447835591064 0.5977449204769603 39
    endloop
  endfacet
  facet normal 0 0 1
    outer loop
      vertex 34.275048365475236 11.80184559907193 39
      vertex 34.20306156534416 1.7925065013208263 39
      vertex 34.22913582540403 1.1953077620606583 39
    endloop
  endfacet
  facet normal 0 0 1
    outer loop
      vertex 34.275048365475236 11.80184559907193 39
      vertex 34.16656872139898 2.3891592257362917 39
      vertex 34.20306156534416 1.7925065013208263 39
    endloop
  endfacet
  facet normal 0 0 1
    outer loop
      vertex 34.06385750348918 12.398230195555492 39
      vertex 34.11966840964229 2.985084189107292 39
      vertex 34.16656872139898 2.3891592257362917 39
    endloop
  endfacet
  facet normal 0 0 1
    outer loop
      vertex 34.06385750348918 12.398230195555492 39
      vertex 34.06237491636336 3.5800998669171316 39
      vertex 34.11966840964229 2.985084189107292 39
    endloop
  endfacet
  facet normal 0 0 1
    outer loop
      vertex 34.06385750348918 12.398230195555492 39
      vertex 33.994705693715275 4.174025011626301 39
      vertex 34.06237491636336 3.5800998669171316 39
    endloop
  endfacet
  facet normal 0 0 1
    outer loop
      vertex 34.06385750348918 12.398230195555492 39
      vertex 33.91668135439878 4.7666787078822415 39
      vertex 33.994705693715275 4.174025011626301 39
    endloop
  endfacet
  facet normal 0 0 1
    outer loop
      vertex 34.275048365475236 11.80184559907193 39
      vertex 34.06385750348918 12.398230195555492 39
      vertex 34.16656872139898 2.3891592257362917 39
    endloop
  endfacet
  facet normal 0 0 1
    outer loop
      vertex 31.704964383803095 17.574348733929718 39
      vertex 31.527291230746084 13.382541150757627 39
      vertex 31.75604701891247 12.830275824494986 39
    endloop
  endfacet
  facet normal 0 0 1
    outer loop
      vertex 31.07231465045157 18.670130215489465 39
      vertex 31.04104170600526 14.474675464618956 39
      vertex 31.288931924259078 13.930730025346158 39
    endloop
  endfacet
  facet normal 0 0 1
    outer loop
      vertex 31.3934208871859 18.125 39
      vertex 31.288931924259078 13.930730025346158 39
      vertex 31.527291230746084 13.382541150757627 39
    endloop
  endfacet
  facet normal 0 0 1
    outer loop
      vertex 30.40180808802162 19.743165019294732 39
      vertex 30.24095505541825 16.07940102541676 39
      vertex 30.5169734534516 15.549174616079478 39
    endloop
  endfacet
  facet normal 0 0 1
    outer loop
      vertex 30.052612005120263 20.270742750814577 39
      vertex 29.955724969524304 16.604729493437045 39
      vertex 30.24095505541825 16.07940102541676 39
    endloop
  endfacet
  facet normal 0 0 1
    outer loop
      vertex 31.07231465045157 18.670130215489465 39
      vertex 30.78369608574647 15.014211777525903 39
      vertex 31.04104170600526 14.474675464618956 39
    endloop
  endfacet
  facet normal 0 0 1
    outer loop
      vertex 30.74174348567044 19.20957332845368 39
      vertex 30.5169734534516 15.549174616079478 39
      vertex 30.78369608574647 15.014211777525903 39
    endloop
  endfacet
  facet normal 0 0 1
    outer loop
      vertex 31.704964383803095 17.574348733929718 39
      vertex 31.3934208871859 18.125 39
      vertex 31.527291230746084 13.382541150757627 39
    endloop
  endfacet
  facet normal 0 0 1
    outer loop
      vertex 31.07231465045157 18.670130215489465 39
      vertex 31.288931924259078 13.930730025346158 39
      vertex 31.3934208871859 18.125 39
    endloop
  endfacet
  facet normal 0 0 1
    outer loop
      vertex 31.07231465045157 18.670130215489465 39
      vertex 30.74174348567044 19.20957332845368 39
      vertex 30.78369608574647 15.014211777525903 39
    endloop
  endfacet
  facet normal 0 0 1
    outer loop
      vertex 33.368300937650964 14.164003407736175 39
      vertex 33.37217471889431 7.704573611277376 39
      vertex 33.50155532513284 7.120975410508257 39
    endloop
  endfacet
  facet normal 0 0 1
    outer loop
      vertex 33.368300937650964 14.164003407736175 39
      vertex 33.23262862495288 8.28582492428862 39
      vertex 33.37217471889431 7.704573611277376 39
    endloop
  endfacet
  facet normal 0 0 1
    outer loop
      vertex 33.610414728046045 13.57948901132681 39
      vertex 33.50155532513284 7.120975410508257 39
      vertex 33.62073103308249 6.53520809164666 39
    endloop
  endfacet
  facet normal 0 0 1
    outer loop
      vertex 33.842290460523564 12.990838171017135 39
      vertex 33.91668135439878 4.7666787078822415 39
      vertex 34.06385750348918 12.398230195555492 39
    endloop
  endfacet
  facet normal 0 0 1
    outer loop
      vertex 33.11602283954428 14.744203311497758 39
      vertex 33.08295955040059 8.864552294761335 39
      vertex 33.23262862495288 8.28582492428862 39
    endloop
  endfacet
  facet normal 0 0 1
    outer loop
      vertex 33.11602283954428 14.744203311497758 39
      vertex 32.923213085887426 9.440579436732222 39
      vertex 33.08295955040059 8.864552294761335 39
    endloop
  endfacet
  facet normal 0 0 1
    outer loop
      vertex 33.842290460523564 12.990838171017135 39
      vertex 33.610414728046045 13.57948901132681 39
      vertex 33.72966554066812 5.947450085092364 39
    endloop
  endfacet
  facet normal 0 0 1
    outer loop
      vertex 32.85365728007856 15.319911988100355 39
      vertex 32.75343789173397 10.013730886753734 39
      vertex 32.923213085887426 9.440579436732222 39
    endloop
  endfacet
  facet normal 0 0 1
    outer loop
      vertex 32.5812841783448 15.890954071104058 39
      vertex 32.573685683109005 10.583832057341949 39
      vertex 32.75343789173397 10.013730886753734 39
    endloop
  endfacet
  facet normal 0 0 1
    outer loop
      vertex 32.5812841783448 15.890954071104058 39
      vertex 32.384011214276605 11.150709290157616 39
      vertex 32.573685683109005 10.583832057341949 39
    endloop
  endfacet
  facet normal 0 0 1
    outer loop
      vertex 32.29898650182834 16.457155615558573 39
      vertex 32.184472261917364 11.714189908904153 39
      vertex 32.384011214276605 11.150709290157616 39
    endloop
  endfacet
  facet normal 0 0 1
    outer loop
      vertex 33.368300937650964 14.164003407736175 39
      vertex 33.11602283954428 14.744203311497758 39
      vertex 33.23262862495288 8.28582492428862 39
    endloop
  endfacet
  facet normal 0 0 1
    outer loop
      vertex 33.610414728046045 13.57948901132681 39
      vertex 33.368300937650964 14.164003407736175 39
      vertex 33.50155532513284 7.120975410508257 39
    endloop
  endfacet
  facet normal 0 0 1
    outer loop
      vertex 33.11602283954428 14.744203311497758 39
      vertex 32.85365728007856 15.319911988100355 39
      vertex 32.923213085887426 9.440579436732222 39
    endloop
  endfacet
  facet normal 0 0 1
    outer loop
      vertex 32.00685024113611 17.018344150988543 39
      vertex 31.75604701891247 12.830275824494986 39
      vertex 31.97512960752916 12.274102271926534 39
    endloop
  endfacet
  facet normal 0 0 1
    outer loop
      vertex 32.00685024113611 17.018344150988543 39
      vertex 31.97512960752916 12.274102271926534 39
      vertex 32.184472261917364 11.714189908904153 39
    endloop
  endfacet
  facet normal 0 0 1
    outer loop
      vertex 32.85365728007856 15.319911988100355 39
      vertex 32.5812841783448 15.890954071104058 39
      vertex 32.75343789173397 10.013730886753734 39
    endloop
  endfacet
  facet normal 0 0 1
    outer loop
      vertex 32.5812841783448 15.890954071104058 39
      vertex 32.29898650182834 16.457155615558573 39
      vertex 32.384011214276605 11.150709290157616 39
    endloop
  endfacet
  facet normal 0 0 1
    outer loop
      vertex 32.29898650182834 16.457155615558573 39
      vertex 32.00685024113611 17.018344150988543 39
      vertex 32.184472261917364 11.714189908904153 39
    endloop
  endfacet
  facet normal 0 0 1
    outer loop
      vertex 31.704964383803095 17.574348733929718 39
      vertex 31.75604701891247 12.830275824494986 39
      vertex 32.00685024113611 17.018344150988543 39
    endloop
  endfacet
  facet normal 0.6004791925830918 0.7825597196374873 -0.16439289667031132
    outer loop
      vertex 18.315928890938334 23.443319919799976 0
      vertex 21.81579458926175 28.950537239214366 39
      vertex 22.317728480555115 28.56538981824367 39
    endloop
  endfacet
  facet normal 0.6140452869821381 0.771960725075679 -0.16439289667031123
    outer loop
      vertex 18.722281633732663 23.120092353344884 0
      vertex 22.317728480555115 28.56538981824367 39
      vertex 22.812864175556605 28.171541102815194 39
    endloop
  endfacet
  facet normal 0.6536050619860376 0.7387661324604509 -0.16439289667031146
    outer loop
      vertex 19.906635539176033 22.108558557952477 0
      vertex 23.782139800905888 27.358222283075484 39
      vertex 24.255984480508612 26.938999923555542 39
    endloop
  endfacet
  facet normal 0.6406122679634936 0.7500605959914262 -0.16439289667031126
    outer loop
      vertex 19.51775611246759 22.452610011627467 0
      vertex 23.30105085113705 27.769111063062955 39
      vertex 23.782139800905888 27.358222283075484 39
    endloop
  endfacet
  facet normal 0.6274243372383724 0.7611265837988668 -0.1643928966703112
    outer loop
      vertex 19.122931388174543 22.789822182789596 0
      vertex 22.812864175556605 28.171541102815194 39
      vertex 23.30105085113705 27.769111063062955 39
    endloop
  endfacet
  facet normal 0.7387661324604509 0.6536050619860376 -0.16439289667031146
    outer loop
      vertex 22.108558557952477 19.906635539176033 0
      vertex 26.938999923555542 24.255984480508612 39
      vertex 27.358222283075484 23.782139800905888 39
    endloop
  endfacet
  facet normal 0.7500605959914262 0.6406122679634936 -0.16439289667031126
    outer loop
      vertex 22.452610011627467 19.51775611246759 0
      vertex 27.358222283075484 23.782139800905888 39
      vertex 27.769111063062955 23.30105085113705 39
    endloop
  endfacet
  facet normal 0.771960725075679 0.6140452869821381 -0.16439289667031123
    outer loop
      vertex 23.120092353344884 18.722281633732663 0
      vertex 28.171541102815194 22.812864175556605 39
      vertex 28.56538981824367 22.317728480555115 39
    endloop
  endfacet
  facet normal 0.7825597196374873 0.6004791925830918 -0.16439289667031132
    outer loop
      vertex 23.443319919799976 18.315928890938334 0
      vertex 28.56538981824367 22.317728480555115 39
      vertex 28.950537239214366 21.81579458926175 39
    endloop
  endfacet
  facet normal 0.7611265837988668 0.6274243372383724 -0.1643928966703112
    outer loop
      vertex 22.789822182789596 19.122931388174543 0
      vertex 27.769111063062955 23.30105085113705 39
      vertex 28.171541102815194 22.812864175556605 39
    endloop
  endfacet
  facet normal 0.6789894696458169 0.7155056083878287 -0.1643928966703113
    outer loop
      vertex 20.66608652115517 21.400359060074873 0
      vertex 24.72244055226557 26.51157168369493 39
      vertex 25.18136592913865 26.076067762276107 39
    endloop
  endfacet
  facet normal 0.7155056083878287 0.6789894696458169 -0.1643928966703113
    outer loop
      vertex 21.400359060074873 20.66608652115517 0
      vertex 26.076067762276107 25.18136592913865 39
      vertex 26.51157168369493 24.72244055226557 39
    endloop
  endfacet
  facet normal 0.6913733509465736 0.7035466332271447 -0.16439289667031115
    outer loop
      vertex 21.03642674029979 21.03642674029979 0
      vertex 25.18136592913865 26.076067762276107 39
      vertex 25.63262081801235 25.63262081801235 39
    endloop
  endfacet
  facet normal 0.7035466332271447 0.6913733509465736 -0.16439289667031115
    outer loop
      vertex 21.03642674029979 21.03642674029979 0
      vertex 25.63262081801235 25.63262081801235 39
      vertex 26.076067762276107 25.18136592913865 39
    endloop
  endfacet
  facet normal 0.6663987615750974 0.7272466336089296 -0.1643928966703113
    outer loop
      vertex 20.28945121185933 21.75777262317032 0
      vertex 24.255984480508612 26.938999923555542 39
      vertex 24.72244055226557 26.51157168369493 39
    endloop
  endfacet
  facet normal 0.7272466336089296 0.6663987615750974 -0.1643928966703113
    outer loop
      vertex 21.75777262317032 20.28945121185933 0
      vertex 26.51157168369493 24.72244055226557 39
      vertex 26.938999923555542 24.255984480508612 39
    endloop
  endfacet
  facet normal 0.5299896143562827 0.8319170536771218 -0.16439289667031123
    outer loop
      vertex 16.203011291697056 24.950449396376367 0
      vertex 19.20957332845368 30.74174348567044 39
      vertex 19.743165019294732 30.40180808802162 39
    endloop
  endfacet
  facet normal 0.5444278489138312 0.8225407545230832 -0.16439289667031137
    outer loop
      vertex 16.63598887825472 24.66386778351249 0
      vertex 19.743165019294732 30.40180808802162 39
      vertex 20.270742750814577 30.052612005120263 39
    endloop
  endfacet
  facet normal 0.5587002454746253 0.812913901487075 -0.16439289667031123
    outer loop
      vertex 17.06389898144362 24.369773317597506 0
      vertex 20.270742750814577 30.052612005120263 39
      vertex 20.79214581772542 29.69426160547595 39
    endloop
  endfacet
  facet normal 0.5728024565283756 0.8030394270018146 -0.16439289667031123
    outer loop
      vertex 17.486611255701074 24.068255582654686 0
      vertex 20.79214581772542 29.69426160547595 39
      vertex 21.30721539560215 29.326866046091844 39
    endloop
  endfacet
  facet normal 0.5867301864050151 0.7929203389278652 -0.1643928966703112
    outer loop
      vertex 17.903996938773435 23.759406423906963 0
      vertex 21.30721539560215 29.326866046091844 39
      vertex 21.81579458926175 28.950537239214366 39
    endloop
  endfacet
  facet normal 0.7929203389278652 0.5867301864050151 -0.1643928966703112
    outer loop
      vertex 23.759406423906963 17.903996938773435 0
      vertex 28.950537239214366 21.81579458926175 39
      vertex 29.326866046091844 21.30721539560215 39
    endloop
  endfacet
  facet normal 0.8030394270018146 0.5728024565283756 -0.16439289667031123
    outer loop
      vertex 24.068255582654686 17.486611255701074 0
      vertex 29.326866046091844 21.30721539560215 39
      vertex 29.69426160547595 20.79214581772542 39
    endloop
  endfacet
  facet normal 0.812913901487075 0.5587002454746253 -0.16439289667031123
    outer loop
      vertex 24.369773317597506 17.06389898144362 0
      vertex 29.69426160547595 20.79214581772542 39
      vertex 30.052612005120263 20.270742750814577 39
    endloop
  endfacet
  facet normal 0.8319170536771218 0.5299896143562827 -0.16439289667031123
    outer loop
      vertex 24.950449396376367 16.203011291697056 0
      vertex 30.40180808802162 19.743165019294732 39
      vertex 30.74174348567044 19.20957332845368 39
    endloop
  endfacet
  facet normal 0.8225407545230832 0.5444278489138312 -0.16439289667031137
    outer loop
      vertex 24.66386778351249 16.63598887825472 0
      vertex 30.052612005120263 20.270742750814577 39
      vertex 30.40180808802162 19.743165019294732 39
    endloop
  endfacet
  facet normal 0 0 1
    outer loop
      vertex 22.317728480555115 28.56538981824367 39
      vertex 22.01547563176397 26.237022176824997 39
      vertex 22.470021742924875 25.848803122629942 39
    endloop
  endfacet
  facet normal 0 0 1
    outer loop
      vertex 26.938999923555542 24.255984480508612 39
      vertex 26.617249179901254 21.55422339345693 39
      vertex 26.989368311030226 21.086405529903796 39
    endloop
  endfacet
  facet normal 0 0 1
    outer loop
      vertex 24.72244055226557 26.51157168369493 39
      vertex 24.637388161598803 23.792049188220656 39
      vertex 25.048864280456588 23.358443832140573 39
    endloop
  endfacet
  facet normal 0 0 1
    outer loop
      vertex 23.782139800905888 27.358222283075484 39
      vertex 23.358443832140573 25.048864280456588 39
      vertex 23.792049188220656 24.637388161598803 39
    endloop
  endfacet
  facet normal 0 0 1
    outer loop
      vertex 22.812864175556605 28.171541102815194 39
      vertex 22.470021742924875 25.848803122629942 39
      vertex 22.917723267790894 25.452710272600754 39
    endloop
  endfacet
  facet normal 0 0 1
    outer loop
      vertex 23.30105085113705 27.769111063062955 39
      vertex 22.917723267790894 25.452710272600754 39
      vertex 23.358443832140573 25.048864280456588 39
    endloop
  endfacet
  facet normal 0 0 1
    outer loop
      vertex 22.812864175556605 28.171541102815194 39
      vertex 22.917723267790894 25.452710272600754 39
      vertex 23.30105085113705 27.769111063062955 39
    endloop
  endfacet
  facet normal 0 0 1
    outer loop
      vertex 23.782139800905888 27.358222283075484 39
      vertex 23.30105085113705 27.769111063062955 39
      vertex 23.358443832140573 25.048864280456588 39
    endloop
  endfacet
  facet normal 0 0 1
    outer loop
      vertex 23.782139800905888 27.358222283075484 39
      vertex 23.792049188220656 24.637388161598803 39
      vertex 24.218407255639253 24.218407255639253 39
    endloop
  endfacet
  facet normal 0 0 1
    outer loop
      vertex 24.255984480508612 26.938999923555542 39
      vertex 24.218407255639253 24.218407255639253 39
      vertex 24.637388161598803 23.792049188220656 39
    endloop
  endfacet
  facet normal 0 0 1
    outer loop
      vertex 24.255984480508612 26.938999923555542 39
      vertex 24.637388161598803 23.792049188220656 39
      vertex 24.72244055226557 26.51157168369493 39
    endloop
  endfacet
  facet normal 0 0 1
    outer loop
      vertex 24.255984480508612 26.938999923555542 39
      vertex 23.782139800905888 27.358222283075484 39
      vertex 24.218407255639253 24.218407255639253 39
    endloop
  endfacet
  facet normal 0 0 1
    outer loop
      vertex 26.076067762276107 25.18136592913865 39
      vertex 25.848803122629942 22.470021742924875 39
      vertex 26.237022176824997 22.01547563176397 39
    endloop
  endfacet
  facet normal 0 0 1
    outer loop
      vertex 25.63262081801235 25.63262081801235 39
      vertex 25.452710272600754 22.917723267790894 39
      vertex 25.848803122629942 22.470021742924875 39
    endloop
  endfacet
  facet normal 0 0 1
    outer loop
      vertex 25.18136592913865 26.076067762276107 39
      vertex 25.048864280456588 23.358443832140573 39
      vertex 25.452710272600754 22.917723267790894 39
    endloop
  endfacet
  facet normal 0 0 1
    outer loop
      vertex 25.63262081801235 25.63262081801235 39
      vertex 25.18136592913865 26.076067762276107 39
      vertex 25.452710272600754 22.917723267790894 39
    endloop
  endfacet
  facet normal 0 0 1
    outer loop
      vertex 25.63262081801235 25.63262081801235 39
      vertex 25.848803122629942 22.470021742924875 39
      vertex 26.076067762276107 25.18136592913865 39
    endloop
  endfacet
  facet normal 0 0 1
    outer loop
      vertex 26.51157168369493 24.72244055226557 39
      vertex 26.237022176824997 22.01547563176397 39
      vertex 26.617249179901254 21.55422339345693 39
    endloop
  endfacet
  facet normal 0 0 1
    outer loop
      vertex 26.938999923555542 24.255984480508612 39
      vertex 26.989368311030226 21.086405529903796 39
      vertex 27.358222283075484 23.782139800905888 39
    endloop
  endfacet
  facet normal 0 0 1
    outer loop
      vertex 26.51157168369493 24.72244055226557 39
      vertex 26.617249179901254 21.55422339345693 39
      vertex 26.938999923555542 24.255984480508612 39
    endloop
  endfacet
  facet normal 0 0 1
    outer loop
      vertex 26.51157168369493 24.72244055226557 39
      vertex 26.076067762276107 25.18136592913865 39
      vertex 26.237022176824997 22.01547563176397 39
    endloop
  endfacet
  facet normal 0 0 1
    outer loop
      vertex 24.72244055226557 26.51157168369493 39
      vertex 25.048864280456588 23.358443832140573 39
      vertex 25.18136592913865 26.076067762276107 39
    endloop
  endfacet
  facet normal 0 0 1
    outer loop
      vertex 18.670130215489465 31.07231465045157 39
      vertex 18.653886949264677 28.724466952130772 39
      vertex 19.15235694387308 28.39453686001018 39
    endloop
  endfacet
  facet normal 0 0 1
    outer loop
      vertex 19.20957332845368 30.74174348567044 39
      vertex 19.15235694387308 28.39453686001018 39
      vertex 19.644992945023326 28.05595751689797 39
    endloop
  endfacet
  facet normal 0 0 1
    outer loop
      vertex 19.743165019294732 30.40180808802162 39
      vertex 19.644992945023326 28.05595751689797 39
      vertex 20.131644891017206 27.70883205734195 39
    endloop
  endfacet
  facet normal 0 0 1
    outer loop
      vertex 20.270742750814577 30.052612005120263 39
      vertex 20.131644891017206 27.70883205734195 39
      vertex 20.612164542957654 27.353266219119778 39
    endloop
  endfacet
  facet normal 0 0 1
    outer loop
      vertex 19.743165019294732 30.40180808802162 39
      vertex 20.131644891017206 27.70883205734195 39
      vertex 20.270742750814577 30.052612005120263 39
    endloop
  endfacet
  facet normal 0 0 1
    outer loop
      vertex 18.670130215489465 31.07231465045157 39
      vertex 18.149734799987268 29.04564729335759 39
      vertex 18.653886949264677 28.724466952130772 39
    endloop
  endfacet
  facet normal 0 0 1
    outer loop
      vertex 18.670130215489465 31.07231465045157 39
      vertex 18.125 31.3934208871859 39
      vertex 18.149734799987268 29.04564729335759 39
    endloop
  endfacet
  facet normal 0 0 1
    outer loop
      vertex 18.670130215489465 31.07231465045157 39
      vertex 19.15235694387308 28.39453686001018 39
      vertex 19.20957332845368 30.74174348567044 39
    endloop
  endfacet
  facet normal 0 0 1
    outer loop
      vertex 19.20957332845368 30.74174348567044 39
      vertex 19.644992945023326 28.05595751689797 39
      vertex 19.743165019294732 30.40180808802162 39
    endloop
  endfacet
  facet normal 0 0 1
    outer loop
      vertex 20.79214581772542 29.69426160547595 39
      vertex 20.612164542957654 27.353266219119778 39
      vertex 21.086405529903796 26.989368311030226 39
    endloop
  endfacet
  facet normal 0 0 1
    outer loop
      vertex 21.30721539560215 29.326866046091844 39
      vertex 21.086405529903796 26.989368311030226 39
      vertex 21.55422339345693 26.617249179901254 39
    endloop
  endfacet
  facet normal 0 0 1
    outer loop
      vertex 20.270742750814577 30.052612005120263 39
      vertex 20.612164542957654 27.353266219119778 39
      vertex 20.79214581772542 29.69426160547595 39
    endloop
  endfacet
  facet normal 0 0 1
    outer loop
      vertex 21.30721539560215 29.326866046091844 39
      vertex 20.79214581772542 29.69426160547595 39
      vertex 21.086405529903796 26.989368311030226 39
    endloop
  endfacet
  facet normal 0 0 1
    outer loop
      vertex 21.81579458926175 28.950537239214366 39
      vertex 21.55422339345693 26.617249179901254 39
      vertex 22.01547563176397 26.237022176824997 39
    endloop
  endfacet
  facet normal 0 0 1
    outer loop
      vertex 21.30721539560215 29.326866046091844 39
      vertex 21.55422339345693 26.617249179901254 39
      vertex 21.81579458926175 28.950537239214366 39
    endloop
  endfacet
  facet normal 0 0 1
    outer loop
      vertex 21.81579458926175 28.950537239214366 39
      vertex 22.01547563176397 26.237022176824997 39
      vertex 22.317728480555115 28.56538981824367 39
    endloop
  endfacet
  facet normal 0 0 1
    outer loop
      vertex 22.317728480555115 28.56538981824367 39
      vertex 22.470021742924875 25.848803122629942 39
      vertex 22.812864175556605 28.171541102815194 39
    endloop
  endfacet
  facet normal 0 0 1
    outer loop
      vertex 29.326866046091844 21.30721539560215 39
      vertex 29.35798004904735 17.640054065669354 39
      vertex 29.661370079617022 17.125 39
    endloop
  endfacet
  facet normal 0 0 1
    outer loop
      vertex 29.326866046091844 21.30721539560215 39
      vertex 29.04564729335759 18.149734799987268 39
      vertex 29.35798004904735 17.640054065669354 39
    endloop
  endfacet
  facet normal 0 0 1
    outer loop
      vertex 28.56538981824367 22.317728480555115 39
      vertex 28.39453686001018 19.15235694387308 39
      vertex 28.724466952130772 18.653886949264677 39
    endloop
  endfacet
  facet normal 0 0 1
    outer loop
      vertex 28.950537239214366 21.81579458926175 39
      vertex 28.724466952130772 18.653886949264677 39
      vertex 29.04564729335759 18.149734799987268 39
    endloop
  endfacet
  facet normal 0 0 1
    outer loop
      vertex 27.358222283075484 23.782139800905888 39
      vertex 27.353266219119778 20.612164542957654 39
      vertex 27.70883205734195 20.131644891017206 39
    endloop
  endfacet
  facet normal 0 0 1
    outer loop
      vertex 28.171541102815194 22.812864175556605 39
      vertex 28.05595751689797 19.644992945023326 39
      vertex 28.39453686001018 19.15235694387308 39
    endloop
  endfacet
  facet normal 0 0 1
    outer loop
      vertex 27.769111063062955 23.30105085113705 39
      vertex 27.70883205734195 20.131644891017206 39
      vertex 28.05595751689797 19.644992945023326 39
    endloop
  endfacet
  facet normal 0 0 1
    outer loop
      vertex 27.358222283075484 23.782139800905888 39
      vertex 26.989368311030226 21.086405529903796 39
      vertex 27.353266219119778 20.612164542957654 39
    endloop
  endfacet
  facet normal 0 0 1
    outer loop
      vertex 27.358222283075484 23.782139800905888 39
      vertex 27.70883205734195 20.131644891017206 39
      vertex 27.769111063062955 23.30105085113705 39
    endloop
  endfacet
  facet normal 0 0 1
    outer loop
      vertex 28.171541102815194 22.812864175556605 39
      vertex 27.769111063062955 23.30105085113705 39
      vertex 28.05595751689797 19.644992945023326 39
    endloop
  endfacet
  facet normal 0 0 1
    outer loop
      vertex 28.56538981824367 22.317728480555115 39
      vertex 28.724466952130772 18.653886949264677 39
      vertex 28.950537239214366 21.81579458926175 39
    endloop
  endfacet
  facet normal 0 0 1
    outer loop
      vertex 28.56538981824367 22.317728480555115 39
      vertex 28.171541102815194 22.812864175556605 39
      vertex 28.39453686001018 19.15235694387308 39
    endloop
  endfacet
  facet normal 0 0 1
    outer loop
      vertex 29.326866046091844 21.30721539560215 39
      vertex 28.950537239214366 21.81579458926175 39
      vertex 29.04564729335759 18.149734799987268 39
    endloop
  endfacet
  facet normal 0 0 1
    outer loop
      vertex 29.69426160547595 20.79214581772542 39
      vertex 29.661370079617022 17.125 39
      vertex 29.955724969524304 16.604729493437045 39
    endloop
  endfacet
  facet normal 0 0 1
    outer loop
      vertex 30.052612005120263 20.270742750814577 39
      vertex 29.69426160547595 20.79214581772542 39
      vertex 29.955724969524304 16.604729493437045 39
    endloop
  endfacet
  facet normal 0 0 1
    outer loop
      vertex 30.40180808802162 19.743165019294732 39
      vertex 30.5169734534516 15.549174616079478 39
      vertex 30.74174348567044 19.20957332845368 39
    endloop
  endfacet
  facet normal 0 0 1
    outer loop
      vertex 30.40180808802162 19.743165019294732 39
      vertex 30.052612005120263 20.270742750814577 39
      vertex 30.24095505541825 16.07940102541676 39
    endloop
  endfacet
  facet normal 0 0 1
    outer loop
      vertex 29.326866046091844 21.30721539560215 39
      vertex 29.661370079617022 17.125 39
      vertex 29.69426160547595 20.79214581772542 39
    endloop
  endfacet
  facet normal 0.7594887625882056 0.6260742216209622 0.17665754590150562
    outer loop
      vertex -20.874711074992153 -17.515962363958195 0
      vertex -21.177227449702457 -17.14898065610807 0
      vertex -26.617249179901254 -21.55422339345693 39
    endloop
  endfacet
  facet normal 0.7702995905466302 0.6127239609153139 0.17665754590150556
    outer loop
      vertex -21.177227449702457 -17.14898065610807 0
      vertex -21.473293035783172 -16.77677520262419 0
      vertex -26.989368311030226 -21.086405529903796 39
    endloop
  endfacet
  facet normal 0.6260742216209622 0.7594887625882056 0.17665754590150562
    outer loop
      vertex -17.14898065610807 -21.177227449702457 0
      vertex -17.515962363958195 -20.874711074992153 0
      vertex -21.55422339345693 -26.617249179901254 39
    endloop
  endfacet
  facet normal 0.6127239609153139 0.7702995905466302 0.17665754590150556
    outer loop
      vertex -16.77677520262419 -21.473293035783172 0
      vertex -17.14898065610807 -21.177227449702457 0
      vertex -21.086405529903796 -26.989368311030226 39
    endloop
  endfacet
  facet normal 0.7020327147500954 0.6898856274025923 0.17665754590150554
    outer loop
      vertex -19.268659787333423 -19.268659787333423 0
      vertex -19.602009559228247 -18.929440595007677 0
      vertex -24.637388161598803 -23.792049188220656 39
    endloop
  endfacet
  facet normal 0.6898856274025923 0.7020327147500954 0.17665754590150554
    outer loop
      vertex -18.929440595007677 -19.602009559228247 0
      vertex -19.268659787333423 -19.268659787333423 0
      vertex -23.792049188220656 -24.637388161598803 39
    endloop
  endfacet
  facet normal 0.7371764273217521 0.6521986096866468 0.1766575459015056
    outer loop
      vertex -20.250696494258992 -18.233809023278887 0
      vertex -20.565836061070538 -17.877608539991325 0
      vertex -25.848803122629942 -22.470021742924875 39
    endloop
  endfacet
  facet normal 0.725681716567197 0.6649647793049972 0.17665754590150565
    outer loop
      vertex -19.929388369122396 -18.584455311703085 0
      vertex -20.250696494258992 -18.233809023278887 0
      vertex -25.452710272600754 -22.917723267790894 39
    endloop
  endfacet
  facet normal 0.7139659561319379 0.6775283942099144 0.17665754590150556
    outer loop
      vertex -19.602009559228247 -18.929440595007677 0
      vertex -19.929388369122396 -18.584455311703085 0
      vertex -25.048864280456588 -23.358443832140573 39
    endloop
  endfacet
  facet normal 0.7484465869953639 0.6392337740537876 0.1766575459015056
    outer loop
      vertex -20.565836061070538 -17.877608539991325 0
      vertex -20.874711074992153 -17.515962363958195 0
      vertex -26.237022176824997 -22.01547563176397 39
    endloop
  endfacet
  facet normal 0.6775283942099144 0.7139659561319379 0.17665754590150556
    outer loop
      vertex -18.584455311703085 -19.929388369122396 0
      vertex -18.929440595007677 -19.602009559228247 0
      vertex -23.358443832140573 -25.048864280456588 39
    endloop
  endfacet
  facet normal 0.6649647793049972 0.725681716567197 0.17665754590150562
    outer loop
      vertex -18.233809023278887 -20.250696494258992 0
      vertex -18.584455311703085 -19.929388369122396 0
      vertex -22.917723267790894 -25.452710272600754 39
    endloop
  endfacet
  facet normal 0.6521986096866468 0.7371764273217521 0.1766575459015056
    outer loop
      vertex -17.877608539991325 -20.565836061070538 0
      vertex -18.233809023278887 -20.250696494258992 0
      vertex -22.470021742924875 -25.848803122629942 39
    endloop
  endfacet
  facet normal 0.6392337740537876 0.7484465869953639 0.1766575459015056
    outer loop
      vertex -17.515962363958195 -20.874711074992153 0
      vertex -17.877608539991325 -20.565836061070538 0
      vertex -22.01547563176397 -26.237022176824997 39
    endloop
  endfacet
  facet normal 0.9093491032218645 0.3766647314863022 0.17665754590150556
    outer loop
      vertex -25.083757256579002 -10.647423251332711 0
      vertex -25.265760036944958 -10.208029670583603 0
      vertex -31.75604701891247 -12.830275824494986 39
    endloop
  endfacet
  facet normal 0.9157843109334012 0.36073703348047426 0.17665754590150556
    outer loop
      vertex -25.265760036944958 -10.208029670583603 0
      vertex -25.440066622048747 -9.765526625109432 0
      vertex -31.97512960752916 -12.274102271926534 39
    endloop
  endfacet
  facet normal 0.921940561872423 0.34469945147971776 0.17665754590150556
    outer loop
      vertex -25.440066622048747 -9.765526625109432 0
      vertex -25.606623916416005 -9.320048905624473 0
      vertex -32.184472261917364 -11.714189908904153 39
    endloop
  endfacet
  facet normal 0.9278159807852654 0.3285568706868472 0.17665754590150567
    outer loop
      vertex -25.606623916416005 -9.320048905624473 0
      vertex -25.765381185081385 -8.87173220895752 0
      vertex -32.384011214276605 -11.150709290157616 39
    endloop
  endfacet
  facet normal 0.933408777962405 0.31231420828836315 0.17665754590150554
    outer loop
      vertex -25.765381185081385 -8.87173220895752 0
      vertex -25.916290069042933 -8.420713096717316 0
      vertex -32.573685683109005 -10.583832057341949 39
    endloop
  endfacet
  facet normal 0.9437397792370318 0.2795484583425494 0.1766575459015057
    outer loop
      vertex -26.059304599992714 -7.967128953694577 0
      vertex -26.19438121431919 -7.511117946013227 0
      vertex -32.923213085887426 -9.440579436732222 39
    endloop
  endfacet
  facet normal 0.9484748364114594 0.2630353515600381 0.17665754590150556
    outer loop
      vertex -26.19438121431919 -7.511117946013227 0
      vertex -26.321478766377112 -7.05281897904369 0
      vertex -33.08295955040059 -8.864552294761335 39
    endloop
  endfacet
  facet normal 0.952920978962632 0.24644212166136806 0.1766575459015056
    outer loop
      vertex -26.321478766377112 -7.05281897904369 0
      vertex -26.440558541020906 -6.592371655090946 0
      vertex -33.23262862495288 -8.28582492428862 39
    endloop
  endfacet
  facet normal 0.957076852552461 0.22977382310509703 0.1766575459015056
    outer loop
      vertex -26.440558541020906 -6.592371655090946 0
      vertex -26.55158426539766 -6.129916230870322 0
      vertex -33.37217471889431 -7.704573611277376 39
    endloop
  endfacet
  facet normal 0.9387172497836392 0.29597641195659136 0.17665754590150567
    outer loop
      vertex -25.916290069042933 -8.420713096717316 0
      vertex -26.059304599992714 -7.967128953694577 0
      vertex -32.75343789173397 -10.013730886753734 39
    endloop
  endfacet
  facet normal 0.9609411912615898 0.21303553321644284 0.17665754590150556
    outer loop
      vertex -26.55158426539766 -6.129916230870322 0
      vertex -26.654522119996205 -5.665593574783942 0
      vertex -33.50155532513284 -7.120975410508257 39
    endloop
  endfacet
  facet normal 0.9645128179750149 0.19623235064064556 0.17665754590150565
    outer loop
      vertex -26.654522119996205 -5.665593574783942 0
      vertex -26.749340748948843 -5.199545124010846 0
      vertex -33.62073103308249 -6.53520809164666 39
    endloop
  endfacet
  facet normal 0.9677906447406379 0.1793693937899049 0.17665754590150554
    outer loop
      vertex -26.749340748948843 -5.199545124010846 0
      vertex -26.83601126958267 -4.731912841423852 0
      vertex -33.72966554066812 -5.947450085092364 39
    endloop
  endfacet
  facet normal 0.9707736731006754 0.16245179928421938 0.1766575459015056
    outer loop
      vertex -26.83601126958267 -4.731912841423852 0
      vertex -26.914507281217503 -4.2628391723462915 0
      vertex -33.82832566538347 -5.357880427627907 39
    endloop
  endfacet
  facet normal 0.9797409818953718 0.0943383266268281 0.17665754590150567
    outer loop
      vertex -27.10072164878545 -2.848400624043557 0
      vertex -27.146305523000066 -2.374993989873685 0
      vertex -34.11966840964229 -2.985084189107292 39
    endloop
  endfacet
  facet normal 0.9812381934172525 0.07722512062343542 0.17665754590150576
    outer loop
      vertex -27.146305523000066 -2.374993989873685 0
      vertex -27.183620369580208 -1.9008639095274145 0
      vertex -34.16656872139898 -2.3891592257362917 39
    endloop
  endfacet
  facet normal 0.9824365102799487 0.060088391100226214 0.17665754590150567
    outer loop
      vertex -27.183620369580208 -1.9008639095274145 0
      vertex -27.212654822062138 -1.4261548076202195 0
      vertex -34.20306156534416 -1.7925065013208263 39
    endloop
  endfacet
  facet normal 0.9833355674645387 0.042933358070982496 0.17665754590150556
    outer loop
      vertex -27.212654822062138 -1.4261548076202195 0
      vertex -27.23340003627036 -0.9510112851431514 0
      vertex -34.22913582540403 -1.1953077620606583 39
    endloop
  endfacet
  facet normal 0.9839350911094934 0.02576524712496533 0.1766575459015056
    outer loop
      vertex -27.23340003627036 -0.9510112851431514 0
      vertex -27.245849693011664 -0.4755780754159757 0
      vertex -34.2447835591064 -0.5977449204769603 39
    endloop
  endfacet
  facet normal 0.9842348985941027 0.008589287835076342 0.17665754590150562
    outer loop
      vertex -27.245849693011664 -0.4755780754159757 0
      vertex -27.25 0 0
      vertex -34.25 0 39
    endloop
  endfacet
  facet normal 0.97346099439579 0.14548472038677188 0.17665754590150554
    outer loop
      vertex -26.914507281217503 -4.2628391723462915 0
      vertex -26.984804873207793 -3.7924670011617834 0
      vertex -33.91668135439878 -4.7666787078822415 39
    endloop
  endfacet
  facet normal 0.9758517900418854 0.12847332543413614 0.17665754590150554
    outer loop
      vertex -26.984804873207793 -3.7924670011617834 0
      vertex -27.046882632226023 -3.320939607790269 0
      vertex -33.994705693715275 -4.174025011626301 39
    endloop
  endfacet
  facet normal 0.977945331779442 0.1114227962620511 0.17665754590150556
    outer loop
      vertex -27.046882632226023 -3.320939607790269 0
      vertex -27.10072164878545 -2.848400624043557 0
      vertex -34.06237491636336 -3.5800998669171316 39
    endloop
  endfacet
  facet normal 0.8480777815561533 0.4995559907626481 0.1766575459015056
    outer loop
      vertex -23.35780894413256 -14.034787541298975 0
      vertex -23.599192253125953 -13.625 0
      vertex -29.661370079617022 -17.125 39
    endloop
  endfacet
  facet normal 0.8392301610132958 0.514280904099749 0.17665754590150565
    outer loop
      vertex -23.109310620262608 -14.440299950354834 0
      vertex -23.35780894413256 -14.034787541298975 0
      vertex -29.35798004904735 -17.640054065669354 39
    endloop
  endfacet
  facet normal 0.830126902833587 0.5288491624915123 0.1766575459015056
    outer loop
      vertex -22.853772976512804 -14.841413704159487 0
      vertex -23.109310620262608 -14.440299950354834 0
      vertex -29.04564729335759 -18.149734799987268 39
    endloop
  endfacet
  facet normal 0.8566670693912337 0.48467890783145545 0.17665754590150556
    outer loop
      vertex -23.599192253125953 -13.625 0
      vertex -23.833387019548535 -13.211062151712685 0
      vertex -29.955724969524304 -16.604729493437045 39
    endloop
  endfacet
  facet normal 0.8649954081382576 0.469654187009747 0.17665754590150562
    outer loop
      vertex -23.833387019548535 -13.211062151712685 0
      vertex -24.06032190540576 -12.793100085915524 0
      vertex -30.24095505541825 -16.07940102541676 39
    endloop
  endfacet
  facet normal 0.8013114161366914 0.5715698783570277 0.17665754590150562
    outer loop
      vertex -22.045713096717318 -16.017148124969893 0
      vertex -22.321893206875025 -15.629957890566004 0
      vertex -28.05595751689797 -19.644992945023326 39
    endloop
  endfacet
  facet normal 0.7912141027023747 0.5854676380133522 0.17665754590150565
    outer loop
      vertex -21.76281764878873 -16.399459380893315 0
      vertex -22.045713096717318 -16.017148124969893 0
      vertex -27.70883205734195 -20.131644891017206 39
    endloop
  endfacet
  facet normal 0.8111646423511608 0.5574980129788543 0.1766575459015056
    outer loop
      vertex -22.321893206875025 -15.629957890566004 0
      vertex -22.59127385212489 -15.238006619577853 0
      vertex -28.39453686001018 -19.15235694387308 39
    endloop
  endfacet
  facet normal 0.8207707799576623 0.5432563283052926 0.17665754590150562
    outer loop
      vertex -22.59127385212489 -15.238006619577853 0
      vertex -22.853772976512804 -14.841413704159487 0
      vertex -28.724466952130772 -18.653886949264677 39
    endloop
  endfacet
  facet normal 0.7808757777877184 0.599187058555576 0.1766575459015056
    outer loop
      vertex -21.473293035783172 -16.77677520262419 0
      vertex -21.76281764878873 -16.399459380893315 0
      vertex -27.353266219119778 -20.612164542957654 39
    endloop
  endfacet
  facet normal 0.8883897629746108 0.42374018043840533 0.17665754590150556
    outer loop
      vertex -24.4921377616523 -11.94561375000236 0
      vertex -24.696887196748712 -11.51634763243406 0
      vertex -31.04104170600526 -14.474675464618956 39
    endloop
  endfacet
  facet normal 0.8808591710578779 0.43918018197464875 0.17665754590150562
    outer loop
      vertex -24.279927784133026 -12.37124111790265 0
      vertex -24.4921377616523 -11.94561375000236 0
      vertex -30.78369608574647 -15.014211777525903 39
    endloop
  endfacet
  facet normal 0.873060260904567 0.4544864049730278 0.17665754590150565
    outer loop
      vertex -24.06032190540576 -12.793100085915524 0
      vertex -24.279927784133026 -12.37124111790265 0
      vertex -30.5169734534516 -15.549174616079478 39
    endloop
  endfacet
  facet normal 0.8956497427635163 0.4081711035383379 0.17665754590150554
    outer loop
      vertex -24.696887196748712 -11.51634763243406 0
      vertex -24.894113720760874 -11.083573523815556 0
      vertex -31.288931924259078 -13.930730025346158 39
    endloop
  endfacet
  facet normal 0.9026368989644183 0.3924776937660989 0.17665754590150556
    outer loop
      vertex -24.894113720760874 -11.083573523815556 0
      vertex -25.083757256579002 -10.647423251332711 0
      vertex -31.527291230746084 -13.382541150757627 39
    endloop
  endfacet
  facet normal 0.3766647314863022 0.9093491032218645 0.17665754590150556
    outer loop
      vertex -10.208029670583603 -25.265760036944958 0
      vertex -10.647423251332711 -25.083757256579002 0
      vertex -12.830275824494986 -31.75604701891247 39
    endloop
  endfacet
  facet normal 0.36073703348047426 0.9157843109334012 0.17665754590150556
    outer loop
      vertex -9.765526625109432 -25.440066622048747 0
      vertex -10.208029670583603 -25.265760036944958 0
      vertex -12.274102271926534 -31.97512960752916 39
    endloop
  endfacet
  facet normal 0.34469945147971776 0.921940561872423 0.17665754590150556
    outer loop
      vertex -9.320048905624473 -25.606623916416005 0
      vertex -9.765526625109432 -25.440066622048747 0
      vertex -11.714189908904153 -32.184472261917364 39
    endloop
  endfacet
  facet normal 0.3285568706868472 0.9278159807852654 0.17665754590150567
    outer loop
      vertex -8.87173220895752 -25.765381185081385 0
      vertex -9.320048905624473 -25.606623916416005 0
      vertex -11.150709290157616 -32.384011214276605 39
    endloop
  endfacet
  facet normal 0.31231420828836315 0.933408777962405 0.17665754590150554
    outer loop
      vertex -8.420713096717316 -25.916290069042933 0
      vertex -8.87173220895752 -25.765381185081385 0
      vertex -10.583832057341949 -32.573685683109005 39
    endloop
  endfacet
  facet normal 0.5854676380133522 0.7912141027023747 0.17665754590150565
    outer loop
      vertex -16.017148124969893 -22.045713096717318 0
      vertex -16.399459380893315 -21.76281764878873 0
      vertex -20.131644891017206 -27.70883205734195 39
    endloop
  endfacet
  facet normal 0.5715698783570277 0.8013114161366914 0.17665754590150562
    outer loop
      vertex -15.629957890566004 -22.321893206875025 0
      vertex -16.017148124969893 -22.045713096717318 0
      vertex -19.644992945023326 -28.05595751689797 39
    endloop
  endfacet
  facet normal 0.599187058555576 0.7808757777877184 0.1766575459015056
    outer loop
      vertex -16.399459380893315 -21.76281764878873 0
      vertex -16.77677520262419 -21.473293035783172 0
      vertex -20.612164542957654 -27.353266219119778 39
    endloop
  endfacet
  facet normal 0.5574980129788543 0.8111646423511608 0.1766575459015056
    outer loop
      vertex -15.238006619577853 -22.59127385212489 0
      vertex -15.629957890566004 -22.321893206875025 0
      vertex -19.15235694387308 -28.39453686001018 39
    endloop
  endfacet
  facet normal 0.5432563283052926 0.8207707799576623 0.17665754590150562
    outer loop
      vertex -14.841413704159487 -22.853772976512804 0
      vertex -15.238006619577853 -22.59127385212489 0
      vertex -18.653886949264677 -28.724466952130772 39
    endloop
  endfacet
  facet normal 0.5288491624915123 0.830126902833587 0.1766575459015056
    outer loop
      vertex -14.440299950354834 -23.109310620262608 0
      vertex -14.841413704159487 -22.853772976512804 0
      vertex -18.149734799987268 -29.04564729335759 39
    endloop
  endfacet
  facet normal 0.514280904099749 0.8392301610132958 0.17665754590150565
    outer loop
      vertex -14.034787541298975 -23.35780894413256 0
      vertex -14.440299950354834 -23.109310620262608 0
      vertex -17.640054065669354 -29.35798004904735 39
    endloop
  endfacet
  facet normal 0.4995559907626481 0.8480777815561533 0.1766575459015056
    outer loop
      vertex -13.625 -23.599192253125953 0
      vertex -14.034787541298975 -23.35780894413256 0
      vertex -17.125 -29.661370079617022 39
    endloop
  endfacet
  facet normal 0.48467890783145545 0.8566670693912337 0.17665754590150556
    outer loop
      vertex -13.211062151712685 -23.833387019548535 0
      vertex -13.625 -23.599192253125953 0
      vertex -16.604729493437045 -29.955724969524304 39
    endloop
  endfacet
  facet normal 0.469654187009747 0.8649954081382576 0.17665754590150565
    outer loop
      vertex -12.793100085915524 -24.06032190540576 0
      vertex -13.211062151712685 -23.833387019548535 0
      vertex -16.07940102541676 -30.24095505541825 39
    endloop
  endfacet
  facet normal 0.4544864049730278 0.873060260904567 0.17665754590150565
    outer loop
      vertex -12.37124111790265 -24.279927784133026 0
      vertex -12.793100085915524 -24.06032190540576 0
      vertex -15.549174616079478 -30.5169734534516 39
    endloop
  endfacet
  facet normal 0.43918018197464875 0.8808591710578779 0.17665754590150562
    outer loop
      vertex -11.94561375000236 -24.4921377616523 0
      vertex -12.37124111790265 -24.279927784133026 0
      vertex -15.014211777525903 -30.78369608574647 39
    endloop
  endfacet
  facet normal 0.42374018043840533 0.8883897629746108 0.17665754590150556
    outer loop
      vertex -11.51634763243406 -24.696887196748712 0
      vertex -11.94561375000236 -24.4921377616523 0
      vertex -14.474675464618956 -31.04104170600526 39
    endloop
  endfacet
  facet normal 0.4081711035383379 0.8956497427635163 0.17665754590150554
    outer loop
      vertex -11.083573523815556 -24.894113720760874 0
      vertex -11.51634763243406 -24.696887196748712 0
      vertex -13.930730025346158 -31.288931924259078 39
    endloop
  endfacet
  facet normal 0.3924776937660989 0.9026368989644183 0.17665754590150556
    outer loop
      vertex -10.647423251332711 -25.083757256579002 0
      vertex -11.083573523815556 -24.894113720760874 0
      vertex -13.382541150757627 -31.527291230746084 39
    endloop
  endfacet
  facet normal 0.2795484583425494 0.9437397792370318 0.1766575459015057
    outer loop
      vertex -7.511117946013227 -26.19438121431919 0
      vertex -7.967128953694577 -26.059304599992714 0
      vertex -9.440579436732222 -32.923213085887426 39
    endloop
  endfacet
  facet normal 0.29597641195659136 0.9387172497836392 0.17665754590150567
    outer loop
      vertex -7.967128953694577 -26.059304599992714 0
      vertex -8.420713096717316 -25.916290069042933 0
      vertex -10.013730886753734 -32.75343789173397 39
    endloop
  endfacet
  facet normal 0.2630353515600381 0.9484748364114594 0.17665754590150556
    outer loop
      vertex -7.05281897904369 -26.321478766377112 0
      vertex -7.511117946013227 -26.19438121431919 0
      vertex -8.864552294761335 -33.08295955040059 39
    endloop
  endfacet
  facet normal 0.24644212166136806 0.952920978962632 0.1766575459015056
    outer loop
      vertex -6.592371655090946 -26.440558541020906 0
      vertex -7.05281897904369 -26.321478766377112 0
      vertex -8.28582492428862 -33.23262862495288 39
    endloop
  endfacet
  facet normal 0.22977382310509703 0.957076852552461 0.1766575459015056
    outer loop
      vertex -6.129916230870322 -26.55158426539766 0
      vertex -6.592371655090946 -26.440558541020906 0
      vertex -7.704573611277376 -33.37217471889431 39
    endloop
  endfacet
  facet normal 0.21303553321644284 0.9609411912615898 0.17665754590150554
    outer loop
      vertex -5.665593574783942 -26.654522119996205 0
      vertex -6.129916230870322 -26.55158426539766 0
      vertex -7.120975410508257 -33.50155532513284 39
    endloop
  endfacet
  facet normal 0.19623235064064556 0.9645128179750149 0.17665754590150565
    outer loop
      vertex -5.199545124010846 -26.749340748948843 0
      vertex -5.665593574783942 -26.654522119996205 0
      vertex -6.53520809164666 -33.62073103308249 39
    endloop
  endfacet
  facet normal 0.1793693937899049 0.9677906447406379 0.17665754590150554
    outer loop
      vertex -4.731912841423852 -26.83601126958267 0
      vertex -5.199545124010846 -26.749340748948843 0
      vertex -5.947450085092364 -33.72966554066812 39
    endloop
  endfacet
  facet normal 0.16245179928421938 0.9707736731006754 0.1766575459015056
    outer loop
      vertex -4.2628391723462915 -26.914507281217503 0
      vertex -4.731912841423852 -26.83601126958267 0
      vertex -5.357880427627907 -33.82832566538347 39
    endloop
  endfacet
  facet normal 0.0943383266268281 0.9797409818953718 0.17665754590150567
    outer loop
      vertex -2.374993989873685 -27.146305523000066 0
      vertex -2.848400624043557 -27.10072164878545 0
      vertex -2.985084189107292 -34.11966840964229 39
    endloop
  endfacet
  facet normal 0.14548472038677188 0.97346099439579 0.17665754590150554
    outer loop
      vertex -3.7924670011617834 -26.984804873207793 0
      vertex -4.2628391723462915 -26.914507281217503 0
      vertex -4.7666787078822415 -33.91668135439878 39
    endloop
  endfacet
  facet normal 0.12847332543413614 0.9758517900418854 0.17665754590150556
    outer loop
      vertex -3.320939607790269 -27.046882632226023 0
      vertex -3.7924670011617834 -26.984804873207793 0
      vertex -4.174025011626301 -33.994705693715275 39
    endloop
  endfacet
  facet normal 0.1114227962620511 0.977945331779442 0.17665754590150556
    outer loop
      vertex -2.848400624043557 -27.10072164878545 0
      vertex -3.320939607790269 -27.046882632226023 0
      vertex -3.5800998669171316 -34.06237491636336 39
    endloop
  endfacet
  facet normal 0.07722512062343542 0.9812381934172525 0.17665754590150573
    outer loop
      vertex -1.9008639095274145 -27.183620369580208 0
      vertex -2.374993989873685 -27.146305523000066 0
      vertex -2.3891592257362917 -34.16656872139898 39
    endloop
  endfacet
  facet normal 0.060088391100226214 0.9824365102799487 0.17665754590150567
    outer loop
      vertex -1.4261548076202195 -27.212654822062138 0
      vertex -1.9008639095274145 -27.183620369580208 0
      vertex -1.7925065013208263 -34.20306156534416 39
    endloop
  endfacet
  facet normal 0.042933358070982496 0.9833355674645387 0.17665754590150556
    outer loop
      vertex -0.9510112851431514 -27.23340003627036 0
      vertex -1.4261548076202195 -27.212654822062138 0
      vertex -1.1953077620606583 -34.22913582540403 39
    endloop
  endfacet
  facet normal 0.02576524712496533 0.9839350911094934 0.1766575459015056
    outer loop
      vertex -0.4755780754159757 -27.245849693011664 0
      vertex -0.9510112851431514 -27.23340003627036 0
      vertex -0.5977449204769603 -34.2447835591064 39
    endloop
  endfacet
  facet normal 0.008589287835076342 0.9842348985941027 0.17665754590150562
    outer loop
      vertex 0 -27.25 0
      vertex -0.4755780754159757 -27.245849693011664 0
      vertex 0 -34.25 39
    endloop
  endfacet
  facet normal 0.8111646423511628 0.5574980129788513 0.17665754590150565
    outer loop
      vertex -28.39453686001018 -19.15235694387308 39
      vertex -28.05595751689797 -19.644992945023326 39
      vertex -22.321893206875025 -15.629957890566004 0
    endloop
  endfacet
  facet normal 0.7702995905466309 0.6127239609153133 0.17665754590150562
    outer loop
      vertex -26.989368311030226 -21.086405529903796 39
      vertex -26.617249179901254 -21.55422339345693 39
      vertex -21.177227449702457 -17.14898065610807 0
    endloop
  endfacet
  facet normal 0.7808757777877188 0.5991870585555756 0.17665754590150548
    outer loop
      vertex -21.473293035783172 -16.77677520262419 0
      vertex -27.353266219119778 -20.612164542957654 39
      vertex -26.989368311030226 -21.086405529903796 39
    endloop
  endfacet
  facet normal 0.7912141027023724 0.5854676380133553 0.1766575459015056
    outer loop
      vertex -27.70883205734195 -20.131644891017206 39
      vertex -27.353266219119778 -20.612164542957654 39
      vertex -21.76281764878873 -16.399459380893315 0
    endloop
  endfacet
  facet normal 0.8013114161366919 0.5715698783570272 0.17665754590150567
    outer loop
      vertex -28.05595751689797 -19.644992945023326 39
      vertex -27.70883205734195 -20.131644891017206 39
      vertex -22.045713096717318 -16.017148124969893 0
    endloop
  endfacet
  facet normal 0.7371764273217547 0.6521986096866438 0.17665754590150562
    outer loop
      vertex -25.848803122629942 -22.470021742924875 39
      vertex -25.452710272600754 -22.917723267790894 39
      vertex -20.250696494258992 -18.233809023278887 0
    endloop
  endfacet
  facet normal 0.7484465869953646 0.6392337740537867 0.1766575459015056
    outer loop
      vertex -26.237022176824997 -22.01547563176397 39
      vertex -25.848803122629942 -22.470021742924875 39
      vertex -20.565836061070538 -17.877608539991325 0
    endloop
  endfacet
  facet normal 0.7256817165671932 0.6649647793050015 0.17665754590150554
    outer loop
      vertex -25.452710272600754 -22.917723267790894 39
      vertex -25.048864280456588 -23.358443832140573 39
      vertex -19.929388369122396 -18.584455311703085 0
    endloop
  endfacet
  facet normal 0.7020327147500933 0.6898856274025945 0.1766575459015055
    outer loop
      vertex -24.637388161598803 -23.792049188220656 39
      vertex -24.218407255639253 -24.218407255639253 39
      vertex -19.268659787333423 -19.268659787333423 0
    endloop
  endfacet
  facet normal 0.7139659561319375 0.677528394209915 0.17665754590150556
    outer loop
      vertex -25.048864280456588 -23.358443832140573 39
      vertex -24.637388161598803 -23.792049188220656 39
      vertex -19.602009559228247 -18.929440595007677 0
    endloop
  endfacet
  facet normal 0.7594887625882036 0.6260742216209645 0.17665754590150556
    outer loop
      vertex -26.617249179901254 -21.55422339345693 39
      vertex -26.237022176824997 -22.01547563176397 39
      vertex -20.874711074992153 -17.515962363958195 0
    endloop
  endfacet
  facet normal 0.6898856274025945 0.7020327147500933 0.1766575459015055
    outer loop
      vertex -24.218407255639253 -24.218407255639253 39
      vertex -23.792049188220656 -24.637388161598803 39
      vertex -19.268659787333423 -19.268659787333423 0
    endloop
  endfacet
  facet normal 0.6649647793050015 0.7256817165671932 0.17665754590150554
    outer loop
      vertex -23.358443832140573 -25.048864280456588 39
      vertex -22.917723267790894 -25.452710272600754 39
      vertex -18.584455311703085 -19.929388369122396 0
    endloop
  endfacet
  facet normal 0.677528394209915 0.7139659561319375 0.17665754590150556
    outer loop
      vertex -23.792049188220656 -24.637388161598803 39
      vertex -23.358443832140573 -25.048864280456588 39
      vertex -18.929440595007677 -19.602009559228247 0
    endloop
  endfacet
  facet normal 0.6521986096866438 0.7371764273217547 0.17665754590150565
    outer loop
      vertex -22.917723267790894 -25.452710272600754 39
      vertex -22.470021742924875 -25.848803122629942 39
      vertex -18.233809023278887 -20.250696494258992 0
    endloop
  endfacet
  facet normal 0.6392337740537867 0.7484465869953646 0.1766575459015056
    outer loop
      vertex -22.470021742924875 -25.848803122629942 39
      vertex -22.01547563176397 -26.237022176824997 39
      vertex -17.877608539991325 -20.565836061070538 0
    endloop
  endfacet
  facet normal 0.6127239609153133 0.7702995905466309 0.17665754590150562
    outer loop
      vertex -21.55422339345693 -26.617249179901254 39
      vertex -21.086405529903796 -26.989368311030226 39
      vertex -17.14898065610807 -21.177227449702457 0
    endloop
  endfacet
  facet normal 0.5991870585555757 0.7808757777877186 0.17665754590150556
    outer loop
      vertex -21.086405529903796 -26.989368311030226 39
      vertex -20.612164542957654 -27.353266219119778 39
      vertex -16.77677520262419 -21.473293035783172 0
    endloop
  endfacet
  facet normal 0.5574980129788513 0.8111646423511628 0.17665754590150565
    outer loop
      vertex -19.644992945023326 -28.05595751689797 39
      vertex -19.15235694387308 -28.39453686001018 39
      vertex -15.629957890566004 -22.321893206875025 0
    endloop
  endfacet
  facet normal 0.5854676380133553 0.7912141027023724 0.1766575459015056
    outer loop
      vertex -20.612164542957654 -27.353266219119778 39
      vertex -20.131644891017206 -27.70883205734195 39
      vertex -16.399459380893315 -21.76281764878873 0
    endloop
  endfacet
  facet normal 0.5715698783570272 0.8013114161366919 0.17665754590150565
    outer loop
      vertex -20.131644891017206 -27.70883205734195 39
      vertex -19.644992945023326 -28.05595751689797 39
      vertex -16.017148124969893 -22.045713096717318 0
    endloop
  endfacet
  facet normal 0.6260742216209645 0.7594887625882036 0.17665754590150556
    outer loop
      vertex -22.01547563176397 -26.237022176824997 39
      vertex -21.55422339345693 -26.617249179901254 39
      vertex -17.515962363958195 -20.874711074992153 0
    endloop
  endfacet
  facet normal 0.8480777815561549 0.4995559907626453 0.17665754590150562
    outer loop
      vertex -29.661370079617022 -17.125 39
      vertex -29.35798004904735 -17.640054065669354 39
      vertex -23.35780894413256 -14.034787541298975 0
    endloop
  endfacet
  facet normal 0.8808591710578784 0.43918018197464775 0.17665754590150562
    outer loop
      vertex -30.78369608574647 -15.014211777525903 39
      vertex -30.5169734534516 -15.549174616079478 39
      vertex -24.279927784133026 -12.37124111790265 0
    endloop
  endfacet
  facet normal 0.888389762974612 0.42374018043840284 0.1766575459015056
    outer loop
      vertex -24.4921377616523 -11.94561375000236 0
      vertex -31.04104170600526 -14.474675464618956 39
      vertex -30.78369608574647 -15.014211777525903 39
    endloop
  endfacet
  facet normal 0.864995408138256 0.46965418700975037 0.1766575459015056
    outer loop
      vertex -30.24095505541825 -16.07940102541676 39
      vertex -29.955724969524304 -16.604729493437045 39
      vertex -23.833387019548535 -13.211062151712685 0
    endloop
  endfacet
  facet normal 0.8730602609045677 0.45448640497302634 0.17665754590150565
    outer loop
      vertex -30.5169734534516 -15.549174616079478 39
      vertex -30.24095505541825 -16.07940102541676 39
      vertex -24.06032190540576 -12.793100085915524 0
    endloop
  endfacet
  facet normal 0.8566670693912342 0.48467890783145495 0.17665754590150562
    outer loop
      vertex -29.955724969524304 -16.604729493437045 39
      vertex -29.661370079617022 -17.125 39
      vertex -23.599192253125953 -13.625 0
    endloop
  endfacet
  facet normal 0.9093491032218642 0.37666473148630325 0.17665754590150562
    outer loop
      vertex -31.75604701891247 -12.830275824494986 39
      vertex -31.527291230746084 -13.382541150757627 39
      vertex -25.083757256579002 -10.647423251332711 0
    endloop
  endfacet
  facet normal 0.9157843109334008 0.3607370334804753 0.17665754590150562
    outer loop
      vertex -25.265760036944958 -10.208029670583603 0
      vertex -31.97512960752916 -12.274102271926534 39
      vertex -31.75604701891247 -12.830275824494986 39
    endloop
  endfacet
  facet normal 0.9278159807852638 0.3285568706868516 0.17665754590150562
    outer loop
      vertex -32.384011214276605 -11.150709290157616 39
      vertex -32.184472261917364 -11.714189908904153 39
      vertex -25.606623916416005 -9.320048905624473 0
    endloop
  endfacet
  facet normal 0.9334087779624073 0.3123142082883564 0.17665754590150565
    outer loop
      vertex -25.765381185081385 -8.87173220895752 0
      vertex -32.573685683109005 -10.583832057341949 39
      vertex -32.384011214276605 -11.150709290157616 39
    endloop
  endfacet
  facet normal 0.9219405618724235 0.34469945147971653 0.1766575459015056
    outer loop
      vertex -32.184472261917364 -11.714189908904153 39
      vertex -31.97512960752916 -12.274102271926534 39
      vertex -25.440066622048747 -9.765526625109432 0
    endloop
  endfacet
  facet normal 0.9387172497836362 0.2959764119566015 0.1766575459015056
    outer loop
      vertex -32.75343789173397 -10.013730886753734 39
      vertex -32.573685683109005 -10.583832057341949 39
      vertex -25.916290069042933 -8.420713096717316 0
    endloop
  endfacet
  facet normal 0.9437397792370321 0.2795484583425479 0.1766575459015057
    outer loop
      vertex -32.923213085887426 -9.440579436732222 39
      vertex -32.75343789173397 -10.013730886753734 39
      vertex -26.059304599992714 -7.967128953694577 0
    endloop
  endfacet
  facet normal 0.8956497427635162 0.40817110353833846 0.17665754590150556
    outer loop
      vertex -31.288931924259078 -13.930730025346158 39
      vertex -31.04104170600526 -14.474675464618956 39
      vertex -24.696887196748712 -11.51634763243406 0
    endloop
  endfacet
  facet normal 0.9026368989644183 0.39247769376609926 0.1766575459015056
    outer loop
      vertex -31.527291230746084 -13.382541150757627 39
      vertex -31.288931924259078 -13.930730025346158 39
      vertex -24.894113720760874 -11.083573523815556 0
    endloop
  endfacet
  facet normal 0.9797409818953713 0.09433832662683363 0.17665754590150562
    outer loop
      vertex -34.11966840964229 -2.985084189107292 39
      vertex -34.06237491636336 -3.5800998669171316 39
      vertex -27.10072164878545 -2.848400624043557 0
    endloop
  endfacet
  facet normal 0.9812381934172522 0.07722512062343989 0.17665754590150567
    outer loop
      vertex -34.16656872139898 -2.3891592257362917 39
      vertex -34.11966840964229 -2.985084189107292 39
      vertex -27.146305523000066 -2.374993989873685 0
    endloop
  endfacet
  facet normal 0.9824365102799488 0.06008839110022146 0.17665754590150567
    outer loop
      vertex -27.183620369580208 -1.9008639095274145 0
      vertex -34.20306156534416 -1.7925065013208263 39
      vertex -34.16656872139898 -2.3891592257362917 39
    endloop
  endfacet
  facet normal 0.9833355674645391 0.042933358070974856 0.17665754590150565
    outer loop
      vertex -27.212654822062138 -1.4261548076202195 0
      vertex -34.22913582540403 -1.1953077620606583 39
      vertex -34.20306156534416 -1.7925065013208263 39
    endloop
  endfacet
  facet normal 0.9839350911094932 0.02576524712496824 0.17665754590150556
    outer loop
      vertex -27.23340003627036 -0.9510112851431514 0
      vertex -34.2447835591064 -0.5977449204769603 39
      vertex -34.22913582540403 -1.1953077620606583 39
    endloop
  endfacet
  facet normal 0.9842348985941027 0.008589287835078768 0.1766575459015056
    outer loop
      vertex -27.245849693011664 -0.4755780754159757 0
      vertex -34.25 0 39
      vertex -34.2447835591064 -0.5977449204769603 39
    endloop
  endfacet
  facet normal 0.9484748364114617 0.2630353515600294 0.17665754590150567
    outer loop
      vertex -26.19438121431919 -7.511117946013227 0
      vertex -33.08295955040059 -8.864552294761335 39
      vertex -32.923213085887426 -9.440579436732222 39
    endloop
  endfacet
  facet normal 0.9529209789626314 0.24644212166137047 0.1766575459015056
    outer loop
      vertex -33.23262862495288 -8.28582492428862 39
      vertex -33.08295955040059 -8.864552294761335 39
      vertex -26.321478766377112 -7.05281897904369 0
    endloop
  endfacet
  facet normal 0.9570768525524612 0.22977382310509592 0.17665754590150556
    outer loop
      vertex -33.37217471889431 -7.704573611277376 39
      vertex -33.23262862495288 -8.28582492428862 39
      vertex -26.440558541020906 -6.592371655090946 0
    endloop
  endfacet
  facet normal 0.9609411912615906 0.21303553321643945 0.17665754590150556
    outer loop
      vertex -33.50155532513284 -7.120975410508257 39
      vertex -33.37217471889431 -7.704573611277376 39
      vertex -26.55158426539766 -6.129916230870322 0
    endloop
  endfacet
  facet normal 0.9645128179750131 0.1962323506406548 0.17665754590150556
    outer loop
      vertex -33.62073103308249 -6.53520809164666 39
      vertex -33.50155532513284 -7.120975410508257 39
      vertex -26.654522119996205 -5.665593574783942 0
    endloop
  endfacet
  facet normal 0.9677906447406398 0.17936939378989478 0.17665754590150567
    outer loop
      vertex -33.72966554066812 -5.947450085092364 39
      vertex -33.62073103308249 -6.53520809164666 39
      vertex -26.749340748948843 -5.199545124010846 0
    endloop
  endfacet
  facet normal 0.9707736731006745 0.16245179928422523 0.17665754590150556
    outer loop
      vertex -26.83601126958267 -4.731912841423852 0
      vertex -33.82832566538347 -5.357880427627907 39
      vertex -33.72966554066812 -5.947450085092364 39
    endloop
  endfacet
  facet normal 0.9734609943957906 0.14548472038676816 0.17665754590150562
    outer loop
      vertex -33.91668135439878 -4.7666787078822415 39
      vertex -33.82832566538347 -5.357880427627907 39
      vertex -26.914507281217503 -4.2628391723462915 0
    endloop
  endfacet
  facet normal 0.9758517900418852 0.12847332543413847 0.17665754590150556
    outer loop
      vertex -26.984804873207793 -3.7924670011617834 0
      vertex -33.994705693715275 -4.174025011626301 39
      vertex -33.91668135439878 -4.7666787078822415 39
    endloop
  endfacet
  facet normal 0.9779453317794421 0.11142279626205057 0.1766575459015056
    outer loop
      vertex -27.046882632226023 -3.320939607790269 0
      vertex -34.06237491636336 -3.5800998669171316 39
      vertex -33.994705693715275 -4.174025011626301 39
    endloop
  endfacet
  facet normal 0.8301269028335881 0.5288491624915105 0.17665754590150562
    outer loop
      vertex -29.04564729335759 -18.149734799987268 39
      vertex -28.724466952130772 -18.653886949264677 39
      vertex -22.853772976512804 -14.841413704159487 0
    endloop
  endfacet
  facet normal 0.8207707799576613 0.5432563283052942 0.17665754590150556
    outer loop
      vertex -28.724466952130772 -18.653886949264677 39
      vertex -28.39453686001018 -19.15235694387308 39
      vertex -22.59127385212489 -15.238006619577853 0
    endloop
  endfacet
  facet normal 0.8392301610132938 0.5142809040997519 0.1766575459015056
    outer loop
      vertex -29.35798004904735 -17.640054065669354 39
      vertex -29.04564729335759 -18.149734799987268 39
      vertex -23.109310620262608 -14.440299950354834 0
    endloop
  endfacet
  facet normal 0.4995559907626453 0.8480777815561549 0.17665754590150562
    outer loop
      vertex -17.640054065669354 -29.35798004904735 39
      vertex -17.125 -29.661370079617022 39
      vertex -14.034787541298975 -23.35780894413256 0
    endloop
  endfacet
  facet normal 0.46965418700975037 0.864995408138256 0.1766575459015056
    outer loop
      vertex -16.604729493437045 -29.955724969524304 39
      vertex -16.07940102541676 -30.24095505541825 39
      vertex -13.211062151712685 -23.833387019548535 0
    endloop
  endfacet
  facet normal 0.48467890783145495 0.8566670693912342 0.17665754590150562
    outer loop
      vertex -17.125 -29.661370079617022 39
      vertex -16.604729493437045 -29.955724969524304 39
      vertex -13.625 -23.599192253125953 0
    endloop
  endfacet
  facet normal 0.45448640497302634 0.8730602609045677 0.17665754590150565
    outer loop
      vertex -16.07940102541676 -30.24095505541825 39
      vertex -15.549174616079478 -30.5169734534516 39
      vertex -12.793100085915524 -24.06032190540576 0
    endloop
  endfacet
  facet normal 0.43918018197464775 0.8808591710578784 0.17665754590150562
    outer loop
      vertex -15.549174616079478 -30.5169734534516 39
      vertex -15.014211777525903 -30.78369608574647 39
      vertex -12.37124111790265 -24.279927784133026 0
    endloop
  endfacet
  facet normal 0.423740180438403 0.8883897629746119 0.1766575459015056
    outer loop
      vertex -15.014211777525903 -30.78369608574647 39
      vertex -14.474675464618956 -31.04104170600526 39
      vertex -11.94561375000236 -24.4921377616523 0
    endloop
  endfacet
  facet normal 0.37666473148630325 0.9093491032218642 0.17665754590150562
    outer loop
      vertex -13.382541150757627 -31.527291230746084 39
      vertex -12.830275824494986 -31.75604701891247 39
      vertex -10.647423251332711 -25.083757256579002 0
    endloop
  endfacet
  facet normal 0.3607370334804757 0.9157843109334007 0.1766575459015056
    outer loop
      vertex -12.830275824494986 -31.75604701891247 39
      vertex -12.274102271926534 -31.97512960752916 39
      vertex -10.208029670583603 -25.265760036944958 0
    endloop
  endfacet
  facet normal 0.40817110353833846 0.8956497427635162 0.17665754590150556
    outer loop
      vertex -14.474675464618956 -31.04104170600526 39
      vertex -13.930730025346158 -31.288931924259078 39
      vertex -11.51634763243406 -24.696887196748712 0
    endloop
  endfacet
  facet normal 0.39247769376609926 0.9026368989644183 0.1766575459015056
    outer loop
      vertex -13.930730025346158 -31.288931924259078 39
      vertex -13.382541150757627 -31.527291230746084 39
      vertex -11.083573523815556 -24.894113720760874 0
    endloop
  endfacet
  facet normal 0.34469945147971653 0.9219405618724235 0.1766575459015056
    outer loop
      vertex -12.274102271926534 -31.97512960752916 39
      vertex -11.714189908904153 -32.184472261917364 39
      vertex -9.765526625109432 -25.440066622048747 0
    endloop
  endfacet
  facet normal 0.3285568706868516 0.9278159807852638 0.17665754590150562
    outer loop
      vertex -11.714189908904153 -32.184472261917364 39
      vertex -11.150709290157616 -32.384011214276605 39
      vertex -9.320048905624473 -25.606623916416005 0
    endloop
  endfacet
  facet normal 0.31231420828835704 0.9334087779624072 0.17665754590150567
    outer loop
      vertex -11.150709290157616 -32.384011214276605 39
      vertex -10.583832057341949 -32.573685683109005 39
      vertex -8.87173220895752 -25.765381185081385 0
    endloop
  endfacet
  facet normal 0.2959764119566015 0.9387172497836362 0.1766575459015056
    outer loop
      vertex -10.583832057341949 -32.573685683109005 39
      vertex -10.013730886753734 -32.75343789173397 39
      vertex -8.420713096717316 -25.916290069042933 0
    endloop
  endfacet
  facet normal 0.2795484583425479 0.9437397792370321 0.1766575459015057
    outer loop
      vertex -10.013730886753734 -32.75343789173397 39
      vertex -9.440579436732222 -32.923213085887426 39
      vertex -7.967128953694577 -26.059304599992714 0
    endloop
  endfacet
  facet normal 0.5432563283052942 0.8207707799576613 0.17665754590150562
    outer loop
      vertex -19.15235694387308 -28.39453686001018 39
      vertex -18.653886949264677 -28.724466952130772 39
      vertex -15.238006619577853 -22.59127385212489 0
    endloop
  endfacet
  facet normal 0.5288491624915105 0.8301269028335881 0.17665754590150562
    outer loop
      vertex -18.653886949264677 -28.724466952130772 39
      vertex -18.149734799987268 -29.04564729335759 39
      vertex -14.841413704159487 -22.853772976512804 0
    endloop
  endfacet
  facet normal 0.5142809040997519 0.8392301610132938 0.1766575459015056
    outer loop
      vertex -18.149734799987268 -29.04564729335759 39
      vertex -17.640054065669354 -29.35798004904735 39
      vertex -14.440299950354834 -23.109310620262608 0
    endloop
  endfacet
  facet normal 0.2630353515600293 0.9484748364114618 0.17665754590150567
    outer loop
      vertex -9.440579436732222 -32.923213085887426 39
      vertex -8.864552294761335 -33.08295955040059 39
      vertex -7.511117946013227 -26.19438121431919 0
    endloop
  endfacet
  facet normal 0.24644212166137047 0.9529209789626314 0.17665754590150554
    outer loop
      vertex -8.864552294761335 -33.08295955040059 39
      vertex -8.28582492428862 -33.23262862495288 39
      vertex -7.05281897904369 -26.321478766377112 0
    endloop
  endfacet
  facet normal 0.22977382310509592 0.9570768525524612 0.17665754590150562
    outer loop
      vertex -8.28582492428862 -33.23262862495288 39
      vertex -7.704573611277376 -33.37217471889431 39
      vertex -6.592371655090946 -26.440558541020906 0
    endloop
  endfacet
  facet normal 0.21303553321643945 0.9609411912615906 0.17665754590150556
    outer loop
      vertex -7.704573611277376 -33.37217471889431 39
      vertex -7.120975410508257 -33.50155532513284 39
      vertex -6.129916230870322 -26.55158426539766 0
    endloop
  endfacet
  facet normal 0.1962323506406548 0.9645128179750131 0.17665754590150556
    outer loop
      vertex -7.120975410508257 -33.50155532513284 39
      vertex -6.53520809164666 -33.62073103308249 39
      vertex -5.665593574783942 -26.654522119996205 0
    endloop
  endfacet
  facet normal 0.17936939378989478 0.9677906447406398 0.17665754590150565
    outer loop
      vertex -6.53520809164666 -33.62073103308249 39
      vertex -5.947450085092364 -33.72966554066812 39
      vertex -5.199545124010846 -26.749340748948843 0
    endloop
  endfacet
  facet normal 0.1624517992842255 0.9707736731006743 0.17665754590150554
    outer loop
      vertex -5.947450085092364 -33.72966554066812 39
      vertex -5.357880427627907 -33.82832566538347 39
      vertex -4.731912841423852 -26.83601126958267 0
    endloop
  endfacet
  facet normal 0.14548472038676816 0.9734609943957906 0.17665754590150562
    outer loop
      vertex -5.357880427627907 -33.82832566538347 39
      vertex -4.7666787078822415 -33.91668135439878 39
      vertex -4.2628391723462915 -26.914507281217503 0
    endloop
  endfacet
  facet normal 0.09433832662683363 0.9797409818953713 0.17665754590150556
    outer loop
      vertex -3.5800998669171316 -34.06237491636336 39
      vertex -2.985084189107292 -34.11966840964229 39
      vertex -2.848400624043557 -27.10072164878545 0
    endloop
  endfacet
  facet normal 0.07722512062343989 0.9812381934172522 0.17665754590150567
    outer loop
      vertex -2.985084189107292 -34.11966840964229 39
      vertex -2.3891592257362917 -34.16656872139898 39
      vertex -2.374993989873685 -27.146305523000066 0
    endloop
  endfacet
  facet normal 0.06008839110022191 0.9824365102799488 0.17665754590150567
    outer loop
      vertex -2.3891592257362917 -34.16656872139898 39
      vertex -1.7925065013208263 -34.20306156534416 39
      vertex -1.9008639095274145 -27.183620369580208 0
    endloop
  endfacet
  facet normal 0.0429333580709756 0.983335567464539 0.17665754590150565
    outer loop
      vertex -1.7925065013208263 -34.20306156534416 39
      vertex -1.1953077620606583 -34.22913582540403 39
      vertex -1.4261548076202195 -27.212654822062138 0
    endloop
  endfacet
  facet normal 0.025765247124967038 0.9839350911094932 0.17665754590150556
    outer loop
      vertex -1.1953077620606583 -34.22913582540403 39
      vertex -0.5977449204769603 -34.2447835591064 39
      vertex -0.9510112851431514 -27.23340003627036 0
    endloop
  endfacet
  facet normal 0.008589287835078167 0.9842348985941027 0.1766575459015056
    outer loop
      vertex -0.5977449204769603 -34.2447835591064 39
      vertex 0 -34.25 39
      vertex -0.4755780754159757 -27.245849693011664 0
    endloop
  endfacet
  facet normal 0.12847332543413847 0.9758517900418852 0.17665754590150556
    outer loop
      vertex -4.7666787078822415 -33.91668135439878 39
      vertex -4.174025011626301 -33.994705693715275 39
      vertex -3.7924670011617834 -26.984804873207793 0
    endloop
  endfacet
  facet normal 0.11142279626205055 0.9779453317794421 0.17665754590150556
    outer loop
      vertex -4.174025011626301 -33.994705693715275 39
      vertex -3.5800998669171316 -34.06237491636336 39
      vertex -3.320939607790269 -27.046882632226023 0
    endloop
  endfacet
  facet normal 0.9842348985941027 -0.008589287835076342 0.17665754590150556
    outer loop
      vertex -27.25 0 0
      vertex -27.245849693011664 0.4755780754159757 0
      vertex -34.2447835591064 0.5977449204769603 39
    endloop
  endfacet
  facet normal 0.9839350911094934 -0.02576524712496533 0.1766575459015056
    outer loop
      vertex -27.245849693011664 0.4755780754159757 0
      vertex -27.23340003627036 0.9510112851431514 0
      vertex -34.2447835591064 0.5977449204769603 39
    endloop
  endfacet
  facet normal 0.9833355674645387 -0.042933358070982496 0.17665754590150556
    outer loop
      vertex -27.23340003627036 0.9510112851431514 0
      vertex -27.212654822062138 1.4261548076202195 0
      vertex -34.22913582540403 1.1953077620606583 39
    endloop
  endfacet
  facet normal 0.9824365102799487 -0.060088391100226214 0.17665754590150567
    outer loop
      vertex -27.212654822062138 1.4261548076202195 0
      vertex -27.183620369580208 1.9008639095274145 0
      vertex -34.20306156534416 1.7925065013208263 39
    endloop
  endfacet
  facet normal 0.9812381934172525 -0.07722512062343542 0.17665754590150573
    outer loop
      vertex -27.183620369580208 1.9008639095274145 0
      vertex -27.146305523000066 2.374993989873685 0
      vertex -34.16656872139898 2.3891592257362917 39
    endloop
  endfacet
  facet normal 0.9797409818953718 -0.0943383266268281 0.17665754590150567
    outer loop
      vertex -27.146305523000066 2.374993989873685 0
      vertex -27.10072164878545 2.848400624043557 0
      vertex -34.11966840964229 2.985084189107292 39
    endloop
  endfacet
  facet normal 0.977945331779442 -0.1114227962620511 0.17665754590150556
    outer loop
      vertex -27.10072164878545 2.848400624043557 0
      vertex -27.046882632226023 3.320939607790269 0
      vertex -34.06237491636336 3.5800998669171316 39
    endloop
  endfacet
  facet normal 0.9758517900418854 -0.12847332543413614 0.17665754590150556
    outer loop
      vertex -27.046882632226023 3.320939607790269 0
      vertex -26.984804873207793 3.7924670011617834 0
      vertex -33.994705693715275 4.174025011626301 39
    endloop
  endfacet
  facet normal 0.97346099439579 -0.14548472038677188 0.17665754590150554
    outer loop
      vertex -26.984804873207793 3.7924670011617834 0
      vertex -26.914507281217503 4.2628391723462915 0
      vertex -33.91668135439878 4.7666787078822415 39
    endloop
  endfacet
  facet normal 0.9707736731006754 -0.16245179928421938 0.1766575459015056
    outer loop
      vertex -26.914507281217503 4.2628391723462915 0
      vertex -26.83601126958267 4.731912841423852 0
      vertex -33.82832566538347 5.357880427627907 39
    endloop
  endfacet
  facet normal 0.9677906447406379 -0.1793693937899049 0.17665754590150554
    outer loop
      vertex -26.83601126958267 4.731912841423852 0
      vertex -26.749340748948843 5.199545124010846 0
      vertex -33.72966554066812 5.947450085092364 39
    endloop
  endfacet
  facet normal 0.9645128179750149 -0.19623235064064556 0.17665754590150565
    outer loop
      vertex -26.749340748948843 5.199545124010846 0
      vertex -26.654522119996205 5.665593574783942 0
      vertex -33.62073103308249 6.53520809164666 39
    endloop
  endfacet
  facet normal 0.9609411912615898 -0.21303553321644284 0.17665754590150554
    outer loop
      vertex -26.654522119996205 5.665593574783942 0
      vertex -26.55158426539766 6.129916230870322 0
      vertex -33.50155532513284 7.120975410508257 39
    endloop
  endfacet
  facet normal 0.957076852552461 -0.22977382310509703 0.1766575459015056
    outer loop
      vertex -26.55158426539766 6.129916230870322 0
      vertex -26.440558541020906 6.592371655090946 0
      vertex -33.37217471889431 7.704573611277376 39
    endloop
  endfacet
  facet normal 0.952920978962632 -0.24644212166136806 0.1766575459015056
    outer loop
      vertex -26.440558541020906 6.592371655090946 0
      vertex -26.321478766377112 7.05281897904369 0
      vertex -33.23262862495288 8.28582492428862 39
    endloop
  endfacet
  facet normal 0.9484748364114594 -0.2630353515600381 0.17665754590150556
    outer loop
      vertex -26.321478766377112 7.05281897904369 0
      vertex -26.19438121431919 7.511117946013227 0
      vertex -33.08295955040059 8.864552294761335 39
    endloop
  endfacet
  facet normal 0.9437397792370318 -0.2795484583425494 0.1766575459015057
    outer loop
      vertex -26.19438121431919 7.511117946013227 0
      vertex -26.059304599992714 7.967128953694577 0
      vertex -32.923213085887426 9.440579436732222 39
    endloop
  endfacet
  facet normal 0.9387172497836392 -0.29597641195659136 0.17665754590150567
    outer loop
      vertex -26.059304599992714 7.967128953694577 0
      vertex -25.916290069042933 8.420713096717316 0
      vertex -32.75343789173397 10.013730886753734 39
    endloop
  endfacet
  facet normal 0.933408777962405 -0.31231420828836315 0.17665754590150554
    outer loop
      vertex -25.916290069042933 8.420713096717316 0
      vertex -25.765381185081385 8.87173220895752 0
      vertex -32.573685683109005 10.583832057341949 39
    endloop
  endfacet
  facet normal 0.9278159807852654 -0.3285568706868472 0.17665754590150567
    outer loop
      vertex -25.765381185081385 8.87173220895752 0
      vertex -25.606623916416005 9.320048905624473 0
      vertex -32.384011214276605 11.150709290157616 39
    endloop
  endfacet
  facet normal 0.921940561872423 -0.34469945147971776 0.17665754590150556
    outer loop
      vertex -25.606623916416005 9.320048905624473 0
      vertex -25.440066622048747 9.765526625109432 0
      vertex -32.184472261917364 11.714189908904153 39
    endloop
  endfacet
  facet normal 0.9157843109334012 -0.36073703348047426 0.17665754590150556
    outer loop
      vertex -25.440066622048747 9.765526625109432 0
      vertex -25.265760036944958 10.208029670583603 0
      vertex -31.97512960752916 12.274102271926534 39
    endloop
  endfacet
  facet normal 0.9093491032218645 -0.3766647314863022 0.17665754590150556
    outer loop
      vertex -25.265760036944958 10.208029670583603 0
      vertex -25.083757256579002 10.647423251332711 0
      vertex -31.75604701891247 12.830275824494986 39
    endloop
  endfacet
  facet normal 0.9026368989644183 -0.3924776937660989 0.17665754590150556
    outer loop
      vertex -25.083757256579002 10.647423251332711 0
      vertex -24.894113720760874 11.083573523815556 0
      vertex -31.527291230746084 13.382541150757627 39
    endloop
  endfacet
  facet normal 0.8956497427635163 -0.4081711035383379 0.17665754590150554
    outer loop
      vertex -24.894113720760874 11.083573523815556 0
      vertex -24.696887196748712 11.51634763243406 0
      vertex -31.288931924259078 13.930730025346158 39
    endloop
  endfacet
  facet normal 0.8883897629746108 -0.42374018043840533 0.17665754590150556
    outer loop
      vertex -24.696887196748712 11.51634763243406 0
      vertex -24.4921377616523 11.94561375000236 0
      vertex -31.04104170600526 14.474675464618956 39
    endloop
  endfacet
  facet normal 0.8808591710578779 -0.43918018197464875 0.17665754590150562
    outer loop
      vertex -24.4921377616523 11.94561375000236 0
      vertex -24.279927784133026 12.37124111790265 0
      vertex -30.78369608574647 15.014211777525903 39
    endloop
  endfacet
  facet normal 0.873060260904567 -0.4544864049730278 0.17665754590150565
    outer loop
      vertex -24.279927784133026 12.37124111790265 0
      vertex -24.06032190540576 12.793100085915524 0
      vertex -30.5169734534516 15.549174616079478 39
    endloop
  endfacet
  facet normal 0.8649954081382576 -0.469654187009747 0.17665754590150565
    outer loop
      vertex -24.06032190540576 12.793100085915524 0
      vertex -23.833387019548535 13.211062151712685 0
      vertex -30.24095505541825 16.07940102541676 39
    endloop
  endfacet
  facet normal 0.8566670693912337 -0.48467890783145545 0.17665754590150556
    outer loop
      vertex -23.833387019548535 13.211062151712685 0
      vertex -23.599192253125953 13.625 0
      vertex -29.955724969524304 16.604729493437045 39
    endloop
  endfacet
  facet normal 0.8480777815561533 -0.4995559907626481 0.1766575459015056
    outer loop
      vertex -23.599192253125953 13.625 0
      vertex -23.35780894413256 14.034787541298975 0
      vertex -29.661370079617022 17.125 39
    endloop
  endfacet
  facet normal 0.8392301610132958 -0.514280904099749 0.17665754590150565
    outer loop
      vertex -23.35780894413256 14.034787541298975 0
      vertex -23.109310620262608 14.440299950354834 0
      vertex -29.35798004904735 17.640054065669354 39
    endloop
  endfacet
  facet normal 0.830126902833587 -0.5288491624915123 0.17665754590150562
    outer loop
      vertex -23.109310620262608 14.440299950354834 0
      vertex -22.853772976512804 14.841413704159487 0
      vertex -29.04564729335759 18.149734799987268 39
    endloop
  endfacet
  facet normal 0.8207707799576623 -0.5432563283052926 0.17665754590150562
    outer loop
      vertex -22.853772976512804 14.841413704159487 0
      vertex -22.59127385212489 15.238006619577853 0
      vertex -28.724466952130772 18.653886949264677 39
    endloop
  endfacet
  facet normal 0.8111646423511608 -0.5574980129788543 0.1766575459015056
    outer loop
      vertex -22.59127385212489 15.238006619577853 0
      vertex -22.321893206875025 15.629957890566004 0
      vertex -28.39453686001018 19.15235694387308 39
    endloop
  endfacet
  facet normal 0.8013114161366914 -0.5715698783570277 0.17665754590150562
    outer loop
      vertex -22.321893206875025 15.629957890566004 0
      vertex -22.045713096717318 16.017148124969893 0
      vertex -28.05595751689797 19.644992945023326 39
    endloop
  endfacet
  facet normal 0.7912141027023747 -0.5854676380133522 0.17665754590150565
    outer loop
      vertex -22.045713096717318 16.017148124969893 0
      vertex -21.76281764878873 16.399459380893315 0
      vertex -27.70883205734195 20.131644891017206 39
    endloop
  endfacet
  facet normal 0.7808757777877184 -0.599187058555576 0.1766575459015056
    outer loop
      vertex -21.76281764878873 16.399459380893315 0
      vertex -21.473293035783172 16.77677520262419 0
      vertex -27.353266219119778 20.612164542957654 39
    endloop
  endfacet
  facet normal 0.7702995905466302 -0.6127239609153139 0.17665754590150556
    outer loop
      vertex -21.473293035783172 16.77677520262419 0
      vertex -21.177227449702457 17.14898065610807 0
      vertex -26.989368311030226 21.086405529903796 39
    endloop
  endfacet
  facet normal 0.7594887625882056 -0.6260742216209622 0.17665754590150562
    outer loop
      vertex -21.177227449702457 17.14898065610807 0
      vertex -20.874711074992153 17.515962363958195 0
      vertex -26.617249179901254 21.55422339345693 39
    endloop
  endfacet
  facet normal 0.7484465869953639 -0.6392337740537876 0.1766575459015056
    outer loop
      vertex -20.874711074992153 17.515962363958195 0
      vertex -20.565836061070538 17.877608539991325 0
      vertex -26.237022176824997 22.01547563176397 39
    endloop
  endfacet
  facet normal 0.7371764273217521 -0.6521986096866468 0.1766575459015056
    outer loop
      vertex -20.565836061070538 17.877608539991325 0
      vertex -20.250696494258992 18.233809023278887 0
      vertex -25.848803122629942 22.470021742924875 39
    endloop
  endfacet
  facet normal 0.725681716567197 -0.6649647793049972 0.17665754590150565
    outer loop
      vertex -20.250696494258992 18.233809023278887 0
      vertex -19.929388369122396 18.584455311703085 0
      vertex -25.452710272600754 22.917723267790894 39
    endloop
  endfacet
  facet normal 0.7139659561319379 -0.6775283942099144 0.17665754590150556
    outer loop
      vertex -19.929388369122396 18.584455311703085 0
      vertex -19.602009559228247 18.929440595007677 0
      vertex -25.048864280456588 23.358443832140573 39
    endloop
  endfacet
  facet normal 0.7020327147500954 -0.6898856274025923 0.17665754590150554
    outer loop
      vertex -19.602009559228247 18.929440595007677 0
      vertex -19.268659787333423 19.268659787333423 0
      vertex -24.637388161598803 23.792049188220656 39
    endloop
  endfacet
  facet normal 0.6898856274025923 -0.7020327147500954 0.17665754590150554
    outer loop
      vertex -19.268659787333423 19.268659787333423 0
      vertex -18.929440595007677 19.602009559228247 0
      vertex -23.792049188220656 24.637388161598803 39
    endloop
  endfacet
  facet normal 0.6775283942099144 -0.7139659561319379 0.17665754590150556
    outer loop
      vertex -18.929440595007677 19.602009559228247 0
      vertex -18.584455311703085 19.929388369122396 0
      vertex -23.358443832140573 25.048864280456588 39
    endloop
  endfacet
  facet normal 0.6649647793049972 -0.725681716567197 0.17665754590150562
    outer loop
      vertex -18.584455311703085 19.929388369122396 0
      vertex -18.233809023278887 20.250696494258992 0
      vertex -22.917723267790894 25.452710272600754 39
    endloop
  endfacet
  facet normal 0.6521986096866468 -0.7371764273217521 0.1766575459015056
    outer loop
      vertex -18.233809023278887 20.250696494258992 0
      vertex -17.877608539991325 20.565836061070538 0
      vertex -22.470021742924875 25.848803122629942 39
    endloop
  endfacet
  facet normal 0.6392337740537876 -0.7484465869953639 0.1766575459015056
    outer loop
      vertex -17.877608539991325 20.565836061070538 0
      vertex -17.515962363958195 20.874711074992153 0
      vertex -22.01547563176397 26.237022176824997 39
    endloop
  endfacet
  facet normal 0.6260742216209622 -0.7594887625882056 0.17665754590150562
    outer loop
      vertex -17.515962363958195 20.874711074992153 0
      vertex -17.14898065610807 21.177227449702457 0
      vertex -21.55422339345693 26.617249179901254 39
    endloop
  endfacet
  facet normal 0.6127239609153139 -0.7702995905466302 0.17665754590150556
    outer loop
      vertex -17.14898065610807 21.177227449702457 0
      vertex -16.77677520262419 21.473293035783172 0
      vertex -21.086405529903796 26.989368311030226 39
    endloop
  endfacet
  facet normal 0.599187058555576 -0.7808757777877184 0.1766575459015056
    outer loop
      vertex -16.77677520262419 21.473293035783172 0
      vertex -16.399459380893315 21.76281764878873 0
      vertex -20.612164542957654 27.353266219119778 39
    endloop
  endfacet
  facet normal 0.5854676380133522 -0.7912141027023747 0.17665754590150565
    outer loop
      vertex -16.399459380893315 21.76281764878873 0
      vertex -16.017148124969893 22.045713096717318 0
      vertex -20.131644891017206 27.70883205734195 39
    endloop
  endfacet
  facet normal 0.5715698783570277 -0.8013114161366914 0.17665754590150562
    outer loop
      vertex -16.017148124969893 22.045713096717318 0
      vertex -15.629957890566004 22.321893206875025 0
      vertex -19.644992945023326 28.05595751689797 39
    endloop
  endfacet
  facet normal 0.5574980129788543 -0.8111646423511608 0.1766575459015056
    outer loop
      vertex -15.629957890566004 22.321893206875025 0
      vertex -15.238006619577853 22.59127385212489 0
      vertex -19.15235694387308 28.39453686001018 39
    endloop
  endfacet
  facet normal 0.5432563283052926 -0.8207707799576623 0.17665754590150562
    outer loop
      vertex -15.238006619577853 22.59127385212489 0
      vertex -14.841413704159487 22.853772976512804 0
      vertex -18.653886949264677 28.724466952130772 39
    endloop
  endfacet
  facet normal 0.5288491624915123 -0.830126902833587 0.1766575459015056
    outer loop
      vertex -14.841413704159487 22.853772976512804 0
      vertex -14.440299950354834 23.109310620262608 0
      vertex -18.149734799987268 29.04564729335759 39
    endloop
  endfacet
  facet normal 0.514280904099749 -0.8392301610132958 0.17665754590150565
    outer loop
      vertex -14.440299950354834 23.109310620262608 0
      vertex -14.034787541298975 23.35780894413256 0
      vertex -17.640054065669354 29.35798004904735 39
    endloop
  endfacet
  facet normal 0.4995559907626481 -0.8480777815561533 0.1766575459015056
    outer loop
      vertex -14.034787541298975 23.35780894413256 0
      vertex -13.625 23.599192253125953 0
      vertex -17.125 29.661370079617022 39
    endloop
  endfacet
  facet normal 0.48467890783145545 -0.8566670693912337 0.17665754590150556
    outer loop
      vertex -13.625 23.599192253125953 0
      vertex -13.211062151712685 23.833387019548535 0
      vertex -16.604729493437045 29.955724969524304 39
    endloop
  endfacet
  facet normal 0.469654187009747 -0.8649954081382576 0.17665754590150565
    outer loop
      vertex -13.211062151712685 23.833387019548535 0
      vertex -12.793100085915524 24.06032190540576 0
      vertex -16.07940102541676 30.24095505541825 39
    endloop
  endfacet
  facet normal 0.4544864049730278 -0.873060260904567 0.17665754590150565
    outer loop
      vertex -12.793100085915524 24.06032190540576 0
      vertex -12.37124111790265 24.279927784133026 0
      vertex -15.549174616079478 30.5169734534516 39
    endloop
  endfacet
  facet normal 0.43918018197464875 -0.8808591710578779 0.17665754590150562
    outer loop
      vertex -12.37124111790265 24.279927784133026 0
      vertex -11.94561375000236 24.4921377616523 0
      vertex -15.014211777525903 30.78369608574647 39
    endloop
  endfacet
  facet normal 0.42374018043840533 -0.8883897629746108 0.17665754590150556
    outer loop
      vertex -11.94561375000236 24.4921377616523 0
      vertex -11.51634763243406 24.696887196748712 0
      vertex -14.474675464618956 31.04104170600526 39
    endloop
  endfacet
  facet normal 0.4081711035383379 -0.8956497427635163 0.17665754590150554
    outer loop
      vertex -11.51634763243406 24.696887196748712 0
      vertex -11.083573523815556 24.894113720760874 0
      vertex -13.930730025346158 31.288931924259078 39
    endloop
  endfacet
  facet normal 0.3924776937660989 -0.9026368989644183 0.17665754590150556
    outer loop
      vertex -11.083573523815556 24.894113720760874 0
      vertex -10.647423251332711 25.083757256579002 0
      vertex -13.382541150757627 31.527291230746084 39
    endloop
  endfacet
  facet normal 0.3766647314863022 -0.9093491032218645 0.17665754590150556
    outer loop
      vertex -10.647423251332711 25.083757256579002 0
      vertex -10.208029670583603 25.265760036944958 0
      vertex -12.830275824494986 31.75604701891247 39
    endloop
  endfacet
  facet normal 0.36073703348047426 -0.9157843109334012 0.17665754590150556
    outer loop
      vertex -10.208029670583603 25.265760036944958 0
      vertex -9.765526625109432 25.440066622048747 0
      vertex -12.274102271926534 31.97512960752916 39
    endloop
  endfacet
  facet normal 0.34469945147971776 -0.921940561872423 0.17665754590150556
    outer loop
      vertex -9.765526625109432 25.440066622048747 0
      vertex -9.320048905624473 25.606623916416005 0
      vertex -11.714189908904153 32.184472261917364 39
    endloop
  endfacet
  facet normal 0.3285568706868472 -0.9278159807852654 0.17665754590150565
    outer loop
      vertex -9.320048905624473 25.606623916416005 0
      vertex -8.87173220895752 25.765381185081385 0
      vertex -11.150709290157616 32.384011214276605 39
    endloop
  endfacet
  facet normal 0.31231420828836315 -0.933408777962405 0.17665754590150554
    outer loop
      vertex -8.87173220895752 25.765381185081385 0
      vertex -8.420713096717316 25.916290069042933 0
      vertex -10.583832057341949 32.573685683109005 39
    endloop
  endfacet
  facet normal 0.29597641195659136 -0.9387172497836392 0.17665754590150567
    outer loop
      vertex -8.420713096717316 25.916290069042933 0
      vertex -7.967128953694577 26.059304599992714 0
      vertex -10.013730886753734 32.75343789173397 39
    endloop
  endfacet
  facet normal 0.2795484583425494 -0.9437397792370318 0.1766575459015057
    outer loop
      vertex -7.967128953694577 26.059304599992714 0
      vertex -7.511117946013227 26.19438121431919 0
      vertex -9.440579436732222 32.923213085887426 39
    endloop
  endfacet
  facet normal 0.2630353515600381 -0.9484748364114594 0.17665754590150556
    outer loop
      vertex -7.511117946013227 26.19438121431919 0
      vertex -7.05281897904369 26.321478766377112 0
      vertex -8.864552294761335 33.08295955040059 39
    endloop
  endfacet
  facet normal 0.24644212166136806 -0.952920978962632 0.1766575459015056
    outer loop
      vertex -7.05281897904369 26.321478766377112 0
      vertex -6.592371655090946 26.440558541020906 0
      vertex -8.28582492428862 33.23262862495288 39
    endloop
  endfacet
  facet normal 0.22977382310509703 -0.957076852552461 0.1766575459015056
    outer loop
      vertex -6.592371655090946 26.440558541020906 0
      vertex -6.129916230870322 26.55158426539766 0
      vertex -7.704573611277376 33.37217471889431 39
    endloop
  endfacet
  facet normal 0.21303553321644284 -0.9609411912615898 0.17665754590150554
    outer loop
      vertex -6.129916230870322 26.55158426539766 0
      vertex -5.665593574783942 26.654522119996205 0
      vertex -7.120975410508257 33.50155532513284 39
    endloop
  endfacet
  facet normal 0.19623235064064556 -0.9645128179750149 0.17665754590150565
    outer loop
      vertex -5.665593574783942 26.654522119996205 0
      vertex -5.199545124010846 26.749340748948843 0
      vertex -6.53520809164666 33.62073103308249 39
    endloop
  endfacet
  facet normal 0.1793693937899049 -0.9677906447406379 0.17665754590150554
    outer loop
      vertex -5.199545124010846 26.749340748948843 0
      vertex -4.731912841423852 26.83601126958267 0
      vertex -5.947450085092364 33.72966554066812 39
    endloop
  endfacet
  facet normal 0.16245179928421938 -0.9707736731006754 0.1766575459015056
    outer loop
      vertex -4.731912841423852 26.83601126958267 0
      vertex -4.2628391723462915 26.914507281217503 0
      vertex -5.357880427627907 33.82832566538347 39
    endloop
  endfacet
  facet normal 0.14548472038677188 -0.97346099439579 0.17665754590150554
    outer loop
      vertex -4.2628391723462915 26.914507281217503 0
      vertex -3.7924670011617834 26.984804873207793 0
      vertex -4.7666787078822415 33.91668135439878 39
    endloop
  endfacet
  facet normal 0.12847332543413614 -0.9758517900418854 0.17665754590150556
    outer loop
      vertex -3.7924670011617834 26.984804873207793 0
      vertex -3.320939607790269 27.046882632226023 0
      vertex -4.174025011626301 33.994705693715275 39
    endloop
  endfacet
  facet normal 0.1114227962620511 -0.977945331779442 0.17665754590150556
    outer loop
      vertex -3.320939607790269 27.046882632226023 0
      vertex -2.848400624043557 27.10072164878545 0
      vertex -3.5800998669171316 34.06237491636336 39
    endloop
  endfacet
  facet normal 0.0943383266268281 -0.9797409818953718 0.17665754590150567
    outer loop
      vertex -2.848400624043557 27.10072164878545 0
      vertex -2.374993989873685 27.146305523000066 0
      vertex -2.985084189107292 34.11966840964229 39
    endloop
  endfacet
  facet normal 0.07722512062343542 -0.9812381934172525 0.17665754590150573
    outer loop
      vertex -2.374993989873685 27.146305523000066 0
      vertex -1.9008639095274145 27.183620369580208 0
      vertex -2.3891592257362917 34.16656872139898 39
    endloop
  endfacet
  facet normal 0.060088391100226214 -0.9824365102799487 0.17665754590150567
    outer loop
      vertex -1.9008639095274145 27.183620369580208 0
      vertex -1.4261548076202195 27.212654822062138 0
      vertex -1.7925065013208263 34.20306156534416 39
    endloop
  endfacet
  facet normal 0.042933358070982496 -0.9833355674645387 0.17665754590150556
    outer loop
      vertex -1.4261548076202195 27.212654822062138 0
      vertex -0.9510112851431514 27.23340003627036 0
      vertex -1.1953077620606583 34.22913582540403 39
    endloop
  endfacet
  facet normal 0.02576524712496533 -0.9839350911094934 0.17665754590150556
    outer loop
      vertex -0.9510112851431514 27.23340003627036 0
      vertex -0.4755780754159757 27.245849693011664 0
      vertex -1.1953077620606583 34.22913582540403 39
    endloop
  endfacet
  facet normal 0.008589287835076342 -0.9842348985941027 0.1766575459015056
    outer loop
      vertex -0.4755780754159757 27.245849693011664 0
      vertex 0 27.25 0
      vertex -0.5977449204769603 34.2447835591064 39
    endloop
  endfacet
  facet normal 0.9842348985941027 -0.008589287835077867 0.17665754590150565
    outer loop
      vertex -27.25 0 0
      vertex -34.2447835591064 0.5977449204769603 39
      vertex -34.25 0 39
    endloop
  endfacet
  facet normal 0.9839350911094932 -0.025765247124967038 0.1766575459015055
    outer loop
      vertex -34.22913582540403 1.1953077620606583 39
      vertex -34.2447835591064 0.5977449204769603 39
      vertex -27.23340003627036 0.9510112851431514 0
    endloop
  endfacet
  facet normal 0.983335567464539 -0.0429333580709756 0.17665754590150562
    outer loop
      vertex -34.20306156534416 1.7925065013208263 39
      vertex -34.22913582540403 1.1953077620606583 39
      vertex -27.212654822062138 1.4261548076202195 0
    endloop
  endfacet
  facet normal 0.9824365102799488 -0.06008839110022191 0.17665754590150567
    outer loop
      vertex -34.16656872139898 2.3891592257362917 39
      vertex -34.20306156534416 1.7925065013208263 39
      vertex -27.183620369580208 1.9008639095274145 0
    endloop
  endfacet
  facet normal 0.9812381934172522 -0.07722512062343989 0.17665754590150567
    outer loop
      vertex -34.11966840964229 2.985084189107292 39
      vertex -34.16656872139898 2.3891592257362917 39
      vertex -27.146305523000066 2.374993989873685 0
    endloop
  endfacet
  facet normal 0.9797409818953713 -0.09433832662683363 0.17665754590150556
    outer loop
      vertex -34.06237491636336 3.5800998669171316 39
      vertex -34.11966840964229 2.985084189107292 39
      vertex -27.10072164878545 2.848400624043557 0
    endloop
  endfacet
  facet normal 0.9779453317794421 -0.11142279626205055 0.17665754590150556
    outer loop
      vertex -33.994705693715275 4.174025011626301 39
      vertex -34.06237491636336 3.5800998669171316 39
      vertex -27.046882632226023 3.320939607790269 0
    endloop
  endfacet
  facet normal 0.9758517900418852 -0.12847332543413847 0.17665754590150556
    outer loop
      vertex -33.91668135439878 4.7666787078822415 39
      vertex -33.994705693715275 4.174025011626301 39
      vertex -26.984804873207793 3.7924670011617834 0
    endloop
  endfacet
  facet normal 0.9734609943957906 -0.14548472038676816 0.17665754590150562
    outer loop
      vertex -33.82832566538347 5.357880427627907 39
      vertex -33.91668135439878 4.7666787078822415 39
      vertex -26.914507281217503 4.2628391723462915 0
    endloop
  endfacet
  facet normal 0.9707736731006743 -0.1624517992842255 0.17665754590150554
    outer loop
      vertex -33.72966554066812 5.947450085092364 39
      vertex -33.82832566538347 5.357880427627907 39
      vertex -26.83601126958267 4.731912841423852 0
    endloop
  endfacet
  facet normal 0.9677906447406398 -0.17936939378989478 0.17665754590150565
    outer loop
      vertex -33.62073103308249 6.53520809164666 39
      vertex -33.72966554066812 5.947450085092364 39
      vertex -26.749340748948843 5.199545124010846 0
    endloop
  endfacet
  facet normal 0.9645128179750131 -0.1962323506406548 0.17665754590150556
    outer loop
      vertex -33.50155532513284 7.120975410508257 39
      vertex -33.62073103308249 6.53520809164666 39
      vertex -26.654522119996205 5.665593574783942 0
    endloop
  endfacet
  facet normal 0.9609411912615906 -0.21303553321643945 0.17665754590150556
    outer loop
      vertex -33.37217471889431 7.704573611277376 39
      vertex -33.50155532513284 7.120975410508257 39
      vertex -26.55158426539766 6.129916230870322 0
    endloop
  endfacet
  facet normal 0.9570768525524612 -0.22977382310509592 0.17665754590150562
    outer loop
      vertex -33.23262862495288 8.28582492428862 39
      vertex -33.37217471889431 7.704573611277376 39
      vertex -26.440558541020906 6.592371655090946 0
    endloop
  endfacet
  facet normal 0.9529209789626314 -0.24644212166137047 0.17665754590150554
    outer loop
      vertex -33.08295955040059 8.864552294761335 39
      vertex -33.23262862495288 8.28582492428862 39
      vertex -26.321478766377112 7.05281897904369 0
    endloop
  endfacet
  facet normal 0.9484748364114618 -0.2630353515600293 0.17665754590150567
    outer loop
      vertex -32.923213085887426 9.440579436732222 39
      vertex -33.08295955040059 8.864552294761335 39
      vertex -26.19438121431919 7.511117946013227 0
    endloop
  endfacet
  facet normal 0.9437397792370321 -0.2795484583425479 0.1766575459015057
    outer loop
      vertex -32.75343789173397 10.013730886753734 39
      vertex -32.923213085887426 9.440579436732222 39
      vertex -26.059304599992714 7.967128953694577 0
    endloop
  endfacet
  facet normal 0.9387172497836362 -0.2959764119566015 0.1766575459015056
    outer loop
      vertex -32.573685683109005 10.583832057341949 39
      vertex -32.75343789173397 10.013730886753734 39
      vertex -25.916290069042933 8.420713096717316 0
    endloop
  endfacet
  facet normal 0.9334087779624072 -0.31231420828835704 0.17665754590150567
    outer loop
      vertex -32.384011214276605 11.150709290157616 39
      vertex -32.573685683109005 10.583832057341949 39
      vertex -25.765381185081385 8.87173220895752 0
    endloop
  endfacet
  facet normal 0.9278159807852638 -0.3285568706868516 0.17665754590150562
    outer loop
      vertex -32.184472261917364 11.714189908904153 39
      vertex -32.384011214276605 11.150709290157616 39
      vertex -25.606623916416005 9.320048905624473 0
    endloop
  endfacet
  facet normal 0.9219405618724235 -0.34469945147971653 0.17665754590150562
    outer loop
      vertex -31.97512960752916 12.274102271926534 39
      vertex -32.184472261917364 11.714189908904153 39
      vertex -25.440066622048747 9.765526625109432 0
    endloop
  endfacet
  facet normal 0.9157843109334007 -0.3607370334804757 0.1766575459015056
    outer loop
      vertex -31.75604701891247 12.830275824494986 39
      vertex -31.97512960752916 12.274102271926534 39
      vertex -25.265760036944958 10.208029670583603 0
    endloop
  endfacet
  facet normal 0.9093491032218642 -0.37666473148630325 0.1766575459015056
    outer loop
      vertex -31.527291230746084 13.382541150757627 39
      vertex -31.75604701891247 12.830275824494986 39
      vertex -25.083757256579002 10.647423251332711 0
    endloop
  endfacet
  facet normal 0.9026368989644183 -0.39247769376609926 0.1766575459015056
    outer loop
      vertex -31.288931924259078 13.930730025346158 39
      vertex -31.527291230746084 13.382541150757627 39
      vertex -24.894113720760874 11.083573523815556 0
    endloop
  endfacet
  facet normal 0.8956497427635162 -0.40817110353833846 0.17665754590150556
    outer loop
      vertex -31.04104170600526 14.474675464618956 39
      vertex -31.288931924259078 13.930730025346158 39
      vertex -24.696887196748712 11.51634763243406 0
    endloop
  endfacet
  facet normal 0.8883897629746119 -0.423740180438403 0.1766575459015056
    outer loop
      vertex -30.78369608574647 15.014211777525903 39
      vertex -31.04104170600526 14.474675464618956 39
      vertex -24.4921377616523 11.94561375000236 0
    endloop
  endfacet
  facet normal 0.8808591710578785 -0.4391801819746478 0.17665754590150562
    outer loop
      vertex -30.5169734534516 15.549174616079478 39
      vertex -30.78369608574647 15.014211777525903 39
      vertex -24.279927784133026 12.37124111790265 0
    endloop
  endfacet
  facet normal 0.8730602609045677 -0.45448640497302634 0.1766575459015056
    outer loop
      vertex -30.24095505541825 16.07940102541676 39
      vertex -30.5169734534516 15.549174616079478 39
      vertex -24.06032190540576 12.793100085915524 0
    endloop
  endfacet
  facet normal 0.864995408138256 -0.46965418700975037 0.1766575459015056
    outer loop
      vertex -29.955724969524304 16.604729493437045 39
      vertex -30.24095505541825 16.07940102541676 39
      vertex -23.833387019548535 13.211062151712685 0
    endloop
  endfacet
  facet normal 0.8566670693912342 -0.48467890783145495 0.17665754590150562
    outer loop
      vertex -29.661370079617022 17.125 39
      vertex -29.955724969524304 16.604729493437045 39
      vertex -23.599192253125953 13.625 0
    endloop
  endfacet
  facet normal 0.8480777815561549 -0.4995559907626453 0.17665754590150562
    outer loop
      vertex -29.35798004904735 17.640054065669354 39
      vertex -29.661370079617022 17.125 39
      vertex -23.35780894413256 14.034787541298975 0
    endloop
  endfacet
  facet normal 0.8392301610132938 -0.5142809040997519 0.1766575459015056
    outer loop
      vertex -29.04564729335759 18.149734799987268 39
      vertex -29.35798004904735 17.640054065669354 39
      vertex -23.109310620262608 14.440299950354834 0
    endloop
  endfacet
  facet normal 0.8301269028335881 -0.5288491624915105 0.17665754590150562
    outer loop
      vertex -28.724466952130772 18.653886949264677 39
      vertex -29.04564729335759 18.149734799987268 39
      vertex -22.853772976512804 14.841413704159487 0
    endloop
  endfacet
  facet normal 0.8207707799576613 -0.5432563283052942 0.17665754590150562
    outer loop
      vertex -28.39453686001018 19.15235694387308 39
      vertex -28.724466952130772 18.653886949264677 39
      vertex -22.59127385212489 15.238006619577853 0
    endloop
  endfacet
  facet normal 0.8111646423511628 -0.5574980129788513 0.17665754590150565
    outer loop
      vertex -28.05595751689797 19.644992945023326 39
      vertex -28.39453686001018 19.15235694387308 39
      vertex -22.321893206875025 15.629957890566004 0
    endloop
  endfacet
  facet normal 0.8013114161366919 -0.5715698783570272 0.17665754590150565
    outer loop
      vertex -27.70883205734195 20.131644891017206 39
      vertex -28.05595751689797 19.644992945023326 39
      vertex -22.045713096717318 16.017148124969893 0
    endloop
  endfacet
  facet normal 0.7912141027023724 -0.5854676380133553 0.1766575459015056
    outer loop
      vertex -27.353266219119778 20.612164542957654 39
      vertex -27.70883205734195 20.131644891017206 39
      vertex -21.76281764878873 16.399459380893315 0
    endloop
  endfacet
  facet normal 0.7808757777877186 -0.5991870585555757 0.17665754590150556
    outer loop
      vertex -26.989368311030226 21.086405529903796 39
      vertex -27.353266219119778 20.612164542957654 39
      vertex -21.473293035783172 16.77677520262419 0
    endloop
  endfacet
  facet normal 0.7702995905466309 -0.6127239609153133 0.1766575459015056
    outer loop
      vertex -26.617249179901254 21.55422339345693 39
      vertex -26.989368311030226 21.086405529903796 39
      vertex -21.177227449702457 17.14898065610807 0
    endloop
  endfacet
  facet normal 0.7594887625882036 -0.6260742216209645 0.17665754590150556
    outer loop
      vertex -26.237022176824997 22.01547563176397 39
      vertex -26.617249179901254 21.55422339345693 39
      vertex -20.874711074992153 17.515962363958195 0
    endloop
  endfacet
  facet normal 0.7484465869953646 -0.6392337740537867 0.1766575459015056
    outer loop
      vertex -25.848803122629942 22.470021742924875 39
      vertex -26.237022176824997 22.01547563176397 39
      vertex -20.565836061070538 17.877608539991325 0
    endloop
  endfacet
  facet normal 0.7371764273217547 -0.6521986096866438 0.17665754590150565
    outer loop
      vertex -25.452710272600754 22.917723267790894 39
      vertex -25.848803122629942 22.470021742924875 39
      vertex -20.250696494258992 18.233809023278887 0
    endloop
  endfacet
  facet normal 0.7256817165671932 -0.6649647793050015 0.17665754590150554
    outer loop
      vertex -25.048864280456588 23.358443832140573 39
      vertex -25.452710272600754 22.917723267790894 39
      vertex -19.929388369122396 18.584455311703085 0
    endloop
  endfacet
  facet normal 0.7139659561319375 -0.677528394209915 0.17665754590150556
    outer loop
      vertex -24.637388161598803 23.792049188220656 39
      vertex -25.048864280456588 23.358443832140573 39
      vertex -19.602009559228247 18.929440595007677 0
    endloop
  endfacet
  facet normal 0.7020327147500933 -0.6898856274025945 0.1766575459015055
    outer loop
      vertex -24.218407255639253 24.218407255639253 39
      vertex -24.637388161598803 23.792049188220656 39
      vertex -19.268659787333423 19.268659787333423 0
    endloop
  endfacet
  facet normal 0.6898856274025944 -0.7020327147500935 0.17665754590150562
    outer loop
      vertex -19.268659787333423 19.268659787333423 0
      vertex -23.792049188220656 24.637388161598803 39
      vertex -24.218407255639253 24.218407255639253 39
    endloop
  endfacet
  facet normal 0.677528394209915 -0.7139659561319375 0.17665754590150556
    outer loop
      vertex -23.358443832140573 25.048864280456588 39
      vertex -23.792049188220656 24.637388161598803 39
      vertex -18.929440595007677 19.602009559228247 0
    endloop
  endfacet
  facet normal 0.6649647793050015 -0.7256817165671932 0.17665754590150554
    outer loop
      vertex -22.917723267790894 25.452710272600754 39
      vertex -23.358443832140573 25.048864280456588 39
      vertex -18.584455311703085 19.929388369122396 0
    endloop
  endfacet
  facet normal 0.6521986096866438 -0.7371764273217547 0.17665754590150565
    outer loop
      vertex -22.470021742924875 25.848803122629942 39
      vertex -22.917723267790894 25.452710272600754 39
      vertex -18.233809023278887 20.250696494258992 0
    endloop
  endfacet
  facet normal 0.6392337740537867 -0.7484465869953646 0.1766575459015056
    outer loop
      vertex -22.01547563176397 26.237022176824997 39
      vertex -22.470021742924875 25.848803122629942 39
      vertex -17.877608539991325 20.565836061070538 0
    endloop
  endfacet
  facet normal 0.6260742216209645 -0.7594887625882036 0.17665754590150556
    outer loop
      vertex -21.55422339345693 26.617249179901254 39
      vertex -22.01547563176397 26.237022176824997 39
      vertex -17.515962363958195 20.874711074992153 0
    endloop
  endfacet
  facet normal 0.6127239609153133 -0.7702995905466309 0.17665754590150562
    outer loop
      vertex -21.086405529903796 26.989368311030226 39
      vertex -21.55422339345693 26.617249179901254 39
      vertex -17.14898065610807 21.177227449702457 0
    endloop
  endfacet
  facet normal 0.5991870585555757 -0.7808757777877186 0.17665754590150556
    outer loop
      vertex -20.612164542957654 27.353266219119778 39
      vertex -21.086405529903796 26.989368311030226 39
      vertex -16.77677520262419 21.473293035783172 0
    endloop
  endfacet
  facet normal 0.5854676380133553 -0.7912141027023724 0.1766575459015056
    outer loop
      vertex -20.131644891017206 27.70883205734195 39
      vertex -20.612164542957654 27.353266219119778 39
      vertex -16.399459380893315 21.76281764878873 0
    endloop
  endfacet
  facet normal 0.5715698783570272 -0.8013114161366919 0.17665754590150565
    outer loop
      vertex -19.644992945023326 28.05595751689797 39
      vertex -20.131644891017206 27.70883205734195 39
      vertex -16.017148124969893 22.045713096717318 0
    endloop
  endfacet
  facet normal 0.5574980129788513 -0.8111646423511628 0.17665754590150565
    outer loop
      vertex -19.15235694387308 28.39453686001018 39
      vertex -19.644992945023326 28.05595751689797 39
      vertex -15.629957890566004 22.321893206875025 0
    endloop
  endfacet
  facet normal 0.5432563283052942 -0.8207707799576613 0.17665754590150562
    outer loop
      vertex -18.653886949264677 28.724466952130772 39
      vertex -19.15235694387308 28.39453686001018 39
      vertex -15.238006619577853 22.59127385212489 0
    endloop
  endfacet
  facet normal 0.5288491624915105 -0.8301269028335881 0.17665754590150562
    outer loop
      vertex -18.149734799987268 29.04564729335759 39
      vertex -18.653886949264677 28.724466952130772 39
      vertex -14.841413704159487 22.853772976512804 0
    endloop
  endfacet
  facet normal 0.5142809040997519 -0.8392301610132938 0.1766575459015056
    outer loop
      vertex -17.640054065669354 29.35798004904735 39
      vertex -18.149734799987268 29.04564729335759 39
      vertex -14.440299950354834 23.109310620262608 0
    endloop
  endfacet
  facet normal 0.4995559907626453 -0.8480777815561549 0.17665754590150562
    outer loop
      vertex -17.125 29.661370079617022 39
      vertex -17.640054065669354 29.35798004904735 39
      vertex -14.034787541298975 23.35780894413256 0
    endloop
  endfacet
  facet normal 0.48467890783145495 -0.8566670693912342 0.17665754590150562
    outer loop
      vertex -16.604729493437045 29.955724969524304 39
      vertex -17.125 29.661370079617022 39
      vertex -13.625 23.599192253125953 0
    endloop
  endfacet
  facet normal 0.46965418700975037 -0.864995408138256 0.1766575459015056
    outer loop
      vertex -16.07940102541676 30.24095505541825 39
      vertex -16.604729493437045 29.955724969524304 39
      vertex -13.211062151712685 23.833387019548535 0
    endloop
  endfacet
  facet normal 0.45448640497302634 -0.8730602609045677 0.17665754590150565
    outer loop
      vertex -15.549174616079478 30.5169734534516 39
      vertex -16.07940102541676 30.24095505541825 39
      vertex -12.793100085915524 24.06032190540576 0
    endloop
  endfacet
  facet normal 0.43918018197464775 -0.8808591710578784 0.17665754590150562
    outer loop
      vertex -15.014211777525903 30.78369608574647 39
      vertex -15.549174616079478 30.5169734534516 39
      vertex -12.37124111790265 24.279927784133026 0
    endloop
  endfacet
  facet normal 0.423740180438403 -0.8883897629746119 0.1766575459015056
    outer loop
      vertex -14.474675464618956 31.04104170600526 39
      vertex -15.014211777525903 30.78369608574647 39
      vertex -11.94561375000236 24.4921377616523 0
    endloop
  endfacet
  facet normal 0.40817110353833846 -0.8956497427635162 0.17665754590150556
    outer loop
      vertex -13.930730025346158 31.288931924259078 39
      vertex -14.474675464618956 31.04104170600526 39
      vertex -11.51634763243406 24.696887196748712 0
    endloop
  endfacet
  facet normal 0.39247769376609926 -0.9026368989644183 0.1766575459015056
    outer loop
      vertex -13.382541150757627 31.527291230746084 39
      vertex -13.930730025346158 31.288931924259078 39
      vertex -11.083573523815556 24.894113720760874 0
    endloop
  endfacet
  facet normal 0.37666473148630325 -0.9093491032218642 0.17665754590150562
    outer loop
      vertex -12.830275824494986 31.75604701891247 39
      vertex -13.382541150757627 31.527291230746084 39
      vertex -10.647423251332711 25.083757256579002 0
    endloop
  endfacet
  facet normal 0.3607370334804757 -0.9157843109334007 0.1766575459015056
    outer loop
      vertex -12.274102271926534 31.97512960752916 39
      vertex -12.830275824494986 31.75604701891247 39
      vertex -10.208029670583603 25.265760036944958 0
    endloop
  endfacet
  facet normal 0.34469945147971653 -0.9219405618724235 0.1766575459015056
    outer loop
      vertex -11.714189908904153 32.184472261917364 39
      vertex -12.274102271926534 31.97512960752916 39
      vertex -9.765526625109432 25.440066622048747 0
    endloop
  endfacet
  facet normal 0.3285568706868516 -0.9278159807852638 0.17665754590150562
    outer loop
      vertex -11.150709290157616 32.384011214276605 39
      vertex -11.714189908904153 32.184472261917364 39
      vertex -9.320048905624473 25.606623916416005 0
    endloop
  endfacet
  facet normal 0.31231420828835704 -0.9334087779624072 0.17665754590150567
    outer loop
      vertex -10.583832057341949 32.573685683109005 39
      vertex -11.150709290157616 32.384011214276605 39
      vertex -8.87173220895752 25.765381185081385 0
    endloop
  endfacet
  facet normal 0.2959764119566015 -0.9387172497836362 0.1766575459015056
    outer loop
      vertex -10.013730886753734 32.75343789173397 39
      vertex -10.583832057341949 32.573685683109005 39
      vertex -8.420713096717316 25.916290069042933 0
    endloop
  endfacet
  facet normal 0.2795484583425479 -0.9437397792370321 0.1766575459015057
    outer loop
      vertex -9.440579436732222 32.923213085887426 39
      vertex -10.013730886753734 32.75343789173397 39
      vertex -7.967128953694577 26.059304599992714 0
    endloop
  endfacet
  facet normal 0.2630353515600293 -0.9484748364114618 0.17665754590150567
    outer loop
      vertex -8.864552294761335 33.08295955040059 39
      vertex -9.440579436732222 32.923213085887426 39
      vertex -7.511117946013227 26.19438121431919 0
    endloop
  endfacet
  facet normal 0.24644212166137047 -0.9529209789626314 0.17665754590150554
    outer loop
      vertex -8.28582492428862 33.23262862495288 39
      vertex -8.864552294761335 33.08295955040059 39
      vertex -7.05281897904369 26.321478766377112 0
    endloop
  endfacet
  facet normal 0.22977382310509592 -0.9570768525524612 0.17665754590150562
    outer loop
      vertex -7.704573611277376 33.37217471889431 39
      vertex -8.28582492428862 33.23262862495288 39
      vertex -6.592371655090946 26.440558541020906 0
    endloop
  endfacet
  facet normal 0.21303553321643945 -0.9609411912615906 0.17665754590150556
    outer loop
      vertex -7.120975410508257 33.50155532513284 39
      vertex -7.704573611277376 33.37217471889431 39
      vertex -6.129916230870322 26.55158426539766 0
    endloop
  endfacet
  facet normal 0.1962323506406548 -0.9645128179750131 0.17665754590150556
    outer loop
      vertex -6.53520809164666 33.62073103308249 39
      vertex -7.120975410508257 33.50155532513284 39
      vertex -5.665593574783942 26.654522119996205 0
    endloop
  endfacet
  facet normal 0.17936939378989478 -0.9677906447406398 0.17665754590150565
    outer loop
      vertex -5.947450085092364 33.72966554066812 39
      vertex -6.53520809164666 33.62073103308249 39
      vertex -5.199545124010846 26.749340748948843 0
    endloop
  endfacet
  facet normal 0.1624517992842255 -0.9707736731006743 0.17665754590150554
    outer loop
      vertex -5.357880427627907 33.82832566538347 39
      vertex -5.947450085092364 33.72966554066812 39
      vertex -4.731912841423852 26.83601126958267 0
    endloop
  endfacet
  facet normal 0.14548472038676816 -0.9734609943957906 0.17665754590150562
    outer loop
      vertex -4.7666787078822415 33.91668135439878 39
      vertex -5.357880427627907 33.82832566538347 39
      vertex -4.2628391723462915 26.914507281217503 0
    endloop
  endfacet
  facet normal 0.12847332543413847 -0.9758517900418852 0.17665754590150556
    outer loop
      vertex -4.174025011626301 33.994705693715275 39
      vertex -4.7666787078822415 33.91668135439878 39
      vertex -3.7924670011617834 26.984804873207793 0
    endloop
  endfacet
  facet normal 0.11142279626205055 -0.9779453317794421 0.17665754590150556
    outer loop
      vertex -3.5800998669171316 34.06237491636336 39
      vertex -4.174025011626301 33.994705693715275 39
      vertex -3.320939607790269 27.046882632226023 0
    endloop
  endfacet
  facet normal 0.09433832662683363 -0.9797409818953713 0.17665754590150556
    outer loop
      vertex -2.985084189107292 34.11966840964229 39
      vertex -3.5800998669171316 34.06237491636336 39
      vertex -2.848400624043557 27.10072164878545 0
    endloop
  endfacet
  facet normal 0.07722512062343989 -0.9812381934172522 0.17665754590150567
    outer loop
      vertex -2.3891592257362917 34.16656872139898 39
      vertex -2.985084189107292 34.11966840964229 39
      vertex -2.374993989873685 27.146305523000066 0
    endloop
  endfacet
  facet normal 0.06008839110022191 -0.9824365102799488 0.17665754590150567
    outer loop
      vertex -1.7925065013208263 34.20306156534416 39
      vertex -2.3891592257362917 34.16656872139898 39
      vertex -1.9008639095274145 27.183620369580208 0
    endloop
  endfacet
  facet normal 0.0429333580709756 -0.983335567464539 0.17665754590150565
    outer loop
      vertex -1.1953077620606583 34.22913582540403 39
      vertex -1.7925065013208263 34.20306156534416 39
      vertex -1.4261548076202195 27.212654822062138 0
    endloop
  endfacet
  facet normal 0.025765247124967038 -0.9839350911094932 0.17665754590150556
    outer loop
      vertex -0.5977449204769603 34.2447835591064 39
      vertex -1.1953077620606583 34.22913582540403 39
      vertex -0.4755780754159757 27.245849693011664 0
    endloop
  endfacet
  facet normal 0.008589287835078167 -0.9842348985941027 0.17665754590150565
    outer loop
      vertex 0 34.25 39
      vertex -0.5977449204769603 34.2447835591064 39
      vertex 0 27.25 0
    endloop
  endfacet
  facet normal -0.008589287835076342 0.9842348985941027 0.1766575459015056
    outer loop
      vertex 0.4755780754159757 -27.245849693011664 0
      vertex 0 -27.25 0
      vertex 0.5977449204769603 -34.2447835591064 39
    endloop
  endfacet
  facet normal -0.02576524712496533 0.9839350911094934 0.17665754590150556
    outer loop
      vertex 0.9510112851431514 -27.23340003627036 0
      vertex 0.4755780754159757 -27.245849693011664 0
      vertex 1.1953077620606583 -34.22913582540403 39
    endloop
  endfacet
  facet normal -0.042933358070982496 0.9833355674645387 0.17665754590150556
    outer loop
      vertex 1.4261548076202195 -27.212654822062138 0
      vertex 0.9510112851431514 -27.23340003627036 0
      vertex 1.1953077620606583 -34.22913582540403 39
    endloop
  endfacet
  facet normal -0.060088391100226214 0.9824365102799487 0.17665754590150567
    outer loop
      vertex 1.9008639095274145 -27.183620369580208 0
      vertex 1.4261548076202195 -27.212654822062138 0
      vertex 1.7925065013208263 -34.20306156534416 39
    endloop
  endfacet
  facet normal -0.07722512062343542 0.9812381934172525 0.17665754590150573
    outer loop
      vertex 2.374993989873685 -27.146305523000066 0
      vertex 1.9008639095274145 -27.183620369580208 0
      vertex 2.3891592257362917 -34.16656872139898 39
    endloop
  endfacet
  facet normal -0.0943383266268281 0.9797409818953718 0.17665754590150567
    outer loop
      vertex 2.848400624043557 -27.10072164878545 0
      vertex 2.374993989873685 -27.146305523000066 0
      vertex 2.985084189107292 -34.11966840964229 39
    endloop
  endfacet
  facet normal -0.1114227962620511 0.977945331779442 0.17665754590150556
    outer loop
      vertex 3.320939607790269 -27.046882632226023 0
      vertex 2.848400624043557 -27.10072164878545 0
      vertex 3.5800998669171316 -34.06237491636336 39
    endloop
  endfacet
  facet normal -0.12847332543413614 0.9758517900418854 0.17665754590150556
    outer loop
      vertex 3.7924670011617834 -26.984804873207793 0
      vertex 3.320939607790269 -27.046882632226023 0
      vertex 4.174025011626301 -33.994705693715275 39
    endloop
  endfacet
  facet normal -0.14548472038677188 0.97346099439579 0.17665754590150554
    outer loop
      vertex 4.2628391723462915 -26.914507281217503 0
      vertex 3.7924670011617834 -26.984804873207793 0
      vertex 4.7666787078822415 -33.91668135439878 39
    endloop
  endfacet
  facet normal -0.16245179928421938 0.9707736731006754 0.1766575459015056
    outer loop
      vertex 4.731912841423852 -26.83601126958267 0
      vertex 4.2628391723462915 -26.914507281217503 0
      vertex 5.357880427627907 -33.82832566538347 39
    endloop
  endfacet
  facet normal -0.1793693937899049 0.9677906447406379 0.17665754590150554
    outer loop
      vertex 5.199545124010846 -26.749340748948843 0
      vertex 4.731912841423852 -26.83601126958267 0
      vertex 5.947450085092364 -33.72966554066812 39
    endloop
  endfacet
  facet normal -0.19623235064064556 0.9645128179750149 0.17665754590150565
    outer loop
      vertex 5.665593574783942 -26.654522119996205 0
      vertex 5.199545124010846 -26.749340748948843 0
      vertex 6.53520809164666 -33.62073103308249 39
    endloop
  endfacet
  facet normal -0.21303553321644284 0.9609411912615898 0.17665754590150554
    outer loop
      vertex 6.129916230870322 -26.55158426539766 0
      vertex 5.665593574783942 -26.654522119996205 0
      vertex 7.120975410508257 -33.50155532513284 39
    endloop
  endfacet
  facet normal -0.22977382310509703 0.957076852552461 0.1766575459015056
    outer loop
      vertex 6.592371655090946 -26.440558541020906 0
      vertex 6.129916230870322 -26.55158426539766 0
      vertex 7.704573611277376 -33.37217471889431 39
    endloop
  endfacet
  facet normal -0.24644212166136806 0.952920978962632 0.1766575459015056
    outer loop
      vertex 7.05281897904369 -26.321478766377112 0
      vertex 6.592371655090946 -26.440558541020906 0
      vertex 8.28582492428862 -33.23262862495288 39
    endloop
  endfacet
  facet normal -0.2630353515600381 0.9484748364114594 0.17665754590150556
    outer loop
      vertex 7.511117946013227 -26.19438121431919 0
      vertex 7.05281897904369 -26.321478766377112 0
      vertex 8.864552294761335 -33.08295955040059 39
    endloop
  endfacet
  facet normal -0.2795484583425494 0.9437397792370318 0.1766575459015057
    outer loop
      vertex 7.967128953694577 -26.059304599992714 0
      vertex 7.511117946013227 -26.19438121431919 0
      vertex 9.440579436732222 -32.923213085887426 39
    endloop
  endfacet
  facet normal -0.29597641195659136 0.9387172497836392 0.17665754590150567
    outer loop
      vertex 8.420713096717316 -25.916290069042933 0
      vertex 7.967128953694577 -26.059304599992714 0
      vertex 10.013730886753734 -32.75343789173397 39
    endloop
  endfacet
  facet normal -0.31231420828836315 0.933408777962405 0.17665754590150554
    outer loop
      vertex 8.87173220895752 -25.765381185081385 0
      vertex 8.420713096717316 -25.916290069042933 0
      vertex 10.583832057341949 -32.573685683109005 39
    endloop
  endfacet
  facet normal -0.3285568706868472 0.9278159807852654 0.17665754590150565
    outer loop
      vertex 9.320048905624473 -25.606623916416005 0
      vertex 8.87173220895752 -25.765381185081385 0
      vertex 11.150709290157616 -32.384011214276605 39
    endloop
  endfacet
  facet normal -0.34469945147971776 0.921940561872423 0.17665754590150556
    outer loop
      vertex 9.765526625109432 -25.440066622048747 0
      vertex 9.320048905624473 -25.606623916416005 0
      vertex 11.714189908904153 -32.184472261917364 39
    endloop
  endfacet
  facet normal -0.36073703348047426 0.9157843109334012 0.17665754590150556
    outer loop
      vertex 10.208029670583603 -25.265760036944958 0
      vertex 9.765526625109432 -25.440066622048747 0
      vertex 12.274102271926534 -31.97512960752916 39
    endloop
  endfacet
  facet normal -0.3766647314863022 0.9093491032218645 0.17665754590150556
    outer loop
      vertex 10.647423251332711 -25.083757256579002 0
      vertex 10.208029670583603 -25.265760036944958 0
      vertex 12.830275824494986 -31.75604701891247 39
    endloop
  endfacet
  facet normal -0.3924776937660989 0.9026368989644183 0.17665754590150556
    outer loop
      vertex 11.083573523815556 -24.894113720760874 0
      vertex 10.647423251332711 -25.083757256579002 0
      vertex 13.382541150757627 -31.527291230746084 39
    endloop
  endfacet
  facet normal -0.4081711035383379 0.8956497427635163 0.17665754590150554
    outer loop
      vertex 11.51634763243406 -24.696887196748712 0
      vertex 11.083573523815556 -24.894113720760874 0
      vertex 13.930730025346158 -31.288931924259078 39
    endloop
  endfacet
  facet normal -0.42374018043840533 0.8883897629746108 0.17665754590150556
    outer loop
      vertex 11.94561375000236 -24.4921377616523 0
      vertex 11.51634763243406 -24.696887196748712 0
      vertex 14.474675464618956 -31.04104170600526 39
    endloop
  endfacet
  facet normal -0.43918018197464875 0.8808591710578779 0.17665754590150562
    outer loop
      vertex 12.37124111790265 -24.279927784133026 0
      vertex 11.94561375000236 -24.4921377616523 0
      vertex 15.014211777525903 -30.78369608574647 39
    endloop
  endfacet
  facet normal -0.4544864049730278 0.873060260904567 0.17665754590150565
    outer loop
      vertex 12.793100085915524 -24.06032190540576 0
      vertex 12.37124111790265 -24.279927784133026 0
      vertex 15.549174616079478 -30.5169734534516 39
    endloop
  endfacet
  facet normal -0.469654187009747 0.8649954081382576 0.17665754590150565
    outer loop
      vertex 13.211062151712685 -23.833387019548535 0
      vertex 12.793100085915524 -24.06032190540576 0
      vertex 16.07940102541676 -30.24095505541825 39
    endloop
  endfacet
  facet normal -0.48467890783145545 0.8566670693912337 0.17665754590150556
    outer loop
      vertex 13.625 -23.599192253125953 0
      vertex 13.211062151712685 -23.833387019548535 0
      vertex 16.604729493437045 -29.955724969524304 39
    endloop
  endfacet
  facet normal -0.4995559907626481 0.8480777815561533 0.1766575459015056
    outer loop
      vertex 14.034787541298975 -23.35780894413256 0
      vertex 13.625 -23.599192253125953 0
      vertex 17.125 -29.661370079617022 39
    endloop
  endfacet
  facet normal -0.514280904099749 0.8392301610132958 0.17665754590150565
    outer loop
      vertex 14.440299950354834 -23.109310620262608 0
      vertex 14.034787541298975 -23.35780894413256 0
      vertex 17.640054065669354 -29.35798004904735 39
    endloop
  endfacet
  facet normal -0.5288491624915123 0.830126902833587 0.1766575459015056
    outer loop
      vertex 14.841413704159487 -22.853772976512804 0
      vertex 14.440299950354834 -23.109310620262608 0
      vertex 18.149734799987268 -29.04564729335759 39
    endloop
  endfacet
  facet normal -0.5432563283052926 0.8207707799576623 0.17665754590150562
    outer loop
      vertex 15.238006619577853 -22.59127385212489 0
      vertex 14.841413704159487 -22.853772976512804 0
      vertex 18.653886949264677 -28.724466952130772 39
    endloop
  endfacet
  facet normal -0.5574980129788543 0.8111646423511608 0.1766575459015056
    outer loop
      vertex 15.629957890566004 -22.321893206875025 0
      vertex 15.238006619577853 -22.59127385212489 0
      vertex 19.15235694387308 -28.39453686001018 39
    endloop
  endfacet
  facet normal -0.5715698783570277 0.8013114161366914 0.17665754590150562
    outer loop
      vertex 16.017148124969893 -22.045713096717318 0
      vertex 15.629957890566004 -22.321893206875025 0
      vertex 19.644992945023326 -28.05595751689797 39
    endloop
  endfacet
  facet normal -0.5854676380133522 0.7912141027023747 0.17665754590150565
    outer loop
      vertex 16.399459380893315 -21.76281764878873 0
      vertex 16.017148124969893 -22.045713096717318 0
      vertex 20.131644891017206 -27.70883205734195 39
    endloop
  endfacet
  facet normal -0.599187058555576 0.7808757777877184 0.1766575459015056
    outer loop
      vertex 16.77677520262419 -21.473293035783172 0
      vertex 16.399459380893315 -21.76281764878873 0
      vertex 20.612164542957654 -27.353266219119778 39
    endloop
  endfacet
  facet normal -0.6127239609153139 0.7702995905466302 0.17665754590150556
    outer loop
      vertex 17.14898065610807 -21.177227449702457 0
      vertex 16.77677520262419 -21.473293035783172 0
      vertex 21.086405529903796 -26.989368311030226 39
    endloop
  endfacet
  facet normal -0.6260742216209622 0.7594887625882056 0.17665754590150562
    outer loop
      vertex 17.515962363958195 -20.874711074992153 0
      vertex 17.14898065610807 -21.177227449702457 0
      vertex 21.55422339345693 -26.617249179901254 39
    endloop
  endfacet
  facet normal -0.6392337740537876 0.7484465869953639 0.1766575459015056
    outer loop
      vertex 17.877608539991325 -20.565836061070538 0
      vertex 17.515962363958195 -20.874711074992153 0
      vertex 22.01547563176397 -26.237022176824997 39
    endloop
  endfacet
  facet normal -0.6521986096866468 0.7371764273217521 0.1766575459015056
    outer loop
      vertex 18.233809023278887 -20.250696494258992 0
      vertex 17.877608539991325 -20.565836061070538 0
      vertex 22.470021742924875 -25.848803122629942 39
    endloop
  endfacet
  facet normal -0.6649647793049972 0.725681716567197 0.17665754590150562
    outer loop
      vertex 18.584455311703085 -19.929388369122396 0
      vertex 18.233809023278887 -20.250696494258992 0
      vertex 22.917723267790894 -25.452710272600754 39
    endloop
  endfacet
  facet normal -0.6775283942099144 0.7139659561319379 0.17665754590150556
    outer loop
      vertex 18.929440595007677 -19.602009559228247 0
      vertex 18.584455311703085 -19.929388369122396 0
      vertex 23.358443832140573 -25.048864280456588 39
    endloop
  endfacet
  facet normal -0.6898856274025923 0.7020327147500954 0.17665754590150554
    outer loop
      vertex 19.268659787333423 -19.268659787333423 0
      vertex 18.929440595007677 -19.602009559228247 0
      vertex 23.792049188220656 -24.637388161598803 39
    endloop
  endfacet
  facet normal -0.7020327147500954 0.6898856274025923 0.17665754590150554
    outer loop
      vertex 19.602009559228247 -18.929440595007677 0
      vertex 19.268659787333423 -19.268659787333423 0
      vertex 24.637388161598803 -23.792049188220656 39
    endloop
  endfacet
  facet normal -0.7139659561319379 0.6775283942099144 0.17665754590150556
    outer loop
      vertex 19.929388369122396 -18.584455311703085 0
      vertex 19.602009559228247 -18.929440595007677 0
      vertex 25.048864280456588 -23.358443832140573 39
    endloop
  endfacet
  facet normal -0.725681716567197 0.6649647793049972 0.17665754590150565
    outer loop
      vertex 20.250696494258992 -18.233809023278887 0
      vertex 19.929388369122396 -18.584455311703085 0
      vertex 25.452710272600754 -22.917723267790894 39
    endloop
  endfacet
  facet normal -0.7371764273217521 0.6521986096866468 0.1766575459015056
    outer loop
      vertex 20.565836061070538 -17.877608539991325 0
      vertex 20.250696494258992 -18.233809023278887 0
      vertex 25.848803122629942 -22.470021742924875 39
    endloop
  endfacet
  facet normal -0.7484465869953639 0.6392337740537876 0.1766575459015056
    outer loop
      vertex 20.874711074992153 -17.515962363958195 0
      vertex 20.565836061070538 -17.877608539991325 0
      vertex 26.237022176824997 -22.01547563176397 39
    endloop
  endfacet
  facet normal -0.7594887625882056 0.6260742216209622 0.17665754590150562
    outer loop
      vertex 21.177227449702457 -17.14898065610807 0
      vertex 20.874711074992153 -17.515962363958195 0
      vertex 26.617249179901254 -21.55422339345693 39
    endloop
  endfacet
  facet normal -0.7702995905466302 0.6127239609153139 0.17665754590150556
    outer loop
      vertex 21.473293035783172 -16.77677520262419 0
      vertex 21.177227449702457 -17.14898065610807 0
      vertex 26.989368311030226 -21.086405529903796 39
    endloop
  endfacet
  facet normal -0.7808757777877184 0.599187058555576 0.1766575459015056
    outer loop
      vertex 21.76281764878873 -16.399459380893315 0
      vertex 21.473293035783172 -16.77677520262419 0
      vertex 27.353266219119778 -20.612164542957654 39
    endloop
  endfacet
  facet normal -0.7912141027023747 0.5854676380133522 0.17665754590150565
    outer loop
      vertex 22.045713096717318 -16.017148124969893 0
      vertex 21.76281764878873 -16.399459380893315 0
      vertex 27.70883205734195 -20.131644891017206 39
    endloop
  endfacet
  facet normal -0.8013114161366914 0.5715698783570277 0.17665754590150562
    outer loop
      vertex 22.321893206875025 -15.629957890566004 0
      vertex 22.045713096717318 -16.017148124969893 0
      vertex 28.05595751689797 -19.644992945023326 39
    endloop
  endfacet
  facet normal -0.8111646423511608 0.5574980129788543 0.1766575459015056
    outer loop
      vertex 22.59127385212489 -15.238006619577853 0
      vertex 22.321893206875025 -15.629957890566004 0
      vertex 28.39453686001018 -19.15235694387308 39
    endloop
  endfacet
  facet normal -0.8207707799576623 0.5432563283052926 0.17665754590150562
    outer loop
      vertex 22.853772976512804 -14.841413704159487 0
      vertex 22.59127385212489 -15.238006619577853 0
      vertex 28.724466952130772 -18.653886949264677 39
    endloop
  endfacet
  facet normal -0.830126902833587 0.5288491624915123 0.17665754590150562
    outer loop
      vertex 23.109310620262608 -14.440299950354834 0
      vertex 22.853772976512804 -14.841413704159487 0
      vertex 29.04564729335759 -18.149734799987268 39
    endloop
  endfacet
  facet normal -0.8392301610132958 0.514280904099749 0.17665754590150565
    outer loop
      vertex 23.35780894413256 -14.034787541298975 0
      vertex 23.109310620262608 -14.440299950354834 0
      vertex 29.35798004904735 -17.640054065669354 39
    endloop
  endfacet
  facet normal -0.8480777815561533 0.4995559907626481 0.1766575459015056
    outer loop
      vertex 23.599192253125953 -13.625 0
      vertex 23.35780894413256 -14.034787541298975 0
      vertex 29.661370079617022 -17.125 39
    endloop
  endfacet
  facet normal -0.8566670693912337 0.48467890783145545 0.17665754590150556
    outer loop
      vertex 23.833387019548535 -13.211062151712685 0
      vertex 23.599192253125953 -13.625 0
      vertex 29.955724969524304 -16.604729493437045 39
    endloop
  endfacet
  facet normal -0.8649954081382576 0.469654187009747 0.17665754590150565
    outer loop
      vertex 24.06032190540576 -12.793100085915524 0
      vertex 23.833387019548535 -13.211062151712685 0
      vertex 30.24095505541825 -16.07940102541676 39
    endloop
  endfacet
  facet normal -0.873060260904567 0.4544864049730278 0.17665754590150565
    outer loop
      vertex 24.279927784133026 -12.37124111790265 0
      vertex 24.06032190540576 -12.793100085915524 0
      vertex 30.5169734534516 -15.549174616079478 39
    endloop
  endfacet
  facet normal -0.8808591710578779 0.43918018197464875 0.17665754590150562
    outer loop
      vertex 24.4921377616523 -11.94561375000236 0
      vertex 24.279927784133026 -12.37124111790265 0
      vertex 30.78369608574647 -15.014211777525903 39
    endloop
  endfacet
  facet normal -0.8883897629746108 0.42374018043840533 0.17665754590150556
    outer loop
      vertex 24.696887196748712 -11.51634763243406 0
      vertex 24.4921377616523 -11.94561375000236 0
      vertex 31.04104170600526 -14.474675464618956 39
    endloop
  endfacet
  facet normal -0.8956497427635163 0.4081711035383379 0.17665754590150554
    outer loop
      vertex 24.894113720760874 -11.083573523815556 0
      vertex 24.696887196748712 -11.51634763243406 0
      vertex 31.288931924259078 -13.930730025346158 39
    endloop
  endfacet
  facet normal -0.9026368989644183 0.3924776937660989 0.17665754590150556
    outer loop
      vertex 25.083757256579002 -10.647423251332711 0
      vertex 24.894113720760874 -11.083573523815556 0
      vertex 31.527291230746084 -13.382541150757627 39
    endloop
  endfacet
  facet normal -0.9093491032218645 0.3766647314863022 0.17665754590150556
    outer loop
      vertex 25.265760036944958 -10.208029670583603 0
      vertex 25.083757256579002 -10.647423251332711 0
      vertex 31.75604701891247 -12.830275824494986 39
    endloop
  endfacet
  facet normal -0.9157843109334012 0.36073703348047426 0.17665754590150556
    outer loop
      vertex 25.440066622048747 -9.765526625109432 0
      vertex 25.265760036944958 -10.208029670583603 0
      vertex 31.97512960752916 -12.274102271926534 39
    endloop
  endfacet
  facet normal -0.921940561872423 0.34469945147971776 0.17665754590150556
    outer loop
      vertex 25.606623916416005 -9.320048905624473 0
      vertex 25.440066622048747 -9.765526625109432 0
      vertex 32.184472261917364 -11.714189908904153 39
    endloop
  endfacet
  facet normal -0.9278159807852654 0.3285568706868472 0.17665754590150567
    outer loop
      vertex 25.765381185081385 -8.87173220895752 0
      vertex 25.606623916416005 -9.320048905624473 0
      vertex 32.384011214276605 -11.150709290157616 39
    endloop
  endfacet
  facet normal -0.933408777962405 0.31231420828836315 0.17665754590150554
    outer loop
      vertex 25.916290069042933 -8.420713096717316 0
      vertex 25.765381185081385 -8.87173220895752 0
      vertex 32.573685683109005 -10.583832057341949 39
    endloop
  endfacet
  facet normal -0.9387172497836392 0.29597641195659136 0.17665754590150567
    outer loop
      vertex 26.059304599992714 -7.967128953694577 0
      vertex 25.916290069042933 -8.420713096717316 0
      vertex 32.75343789173397 -10.013730886753734 39
    endloop
  endfacet
  facet normal -0.9437397792370318 0.2795484583425494 0.1766575459015057
    outer loop
      vertex 26.19438121431919 -7.511117946013227 0
      vertex 26.059304599992714 -7.967128953694577 0
      vertex 32.923213085887426 -9.440579436732222 39
    endloop
  endfacet
  facet normal -0.9484748364114594 0.2630353515600381 0.17665754590150556
    outer loop
      vertex 26.321478766377112 -7.05281897904369 0
      vertex 26.19438121431919 -7.511117946013227 0
      vertex 33.08295955040059 -8.864552294761335 39
    endloop
  endfacet
  facet normal -0.952920978962632 0.24644212166136806 0.1766575459015056
    outer loop
      vertex 26.440558541020906 -6.592371655090946 0
      vertex 26.321478766377112 -7.05281897904369 0
      vertex 33.23262862495288 -8.28582492428862 39
    endloop
  endfacet
  facet normal -0.957076852552461 0.22977382310509703 0.1766575459015056
    outer loop
      vertex 26.55158426539766 -6.129916230870322 0
      vertex 26.440558541020906 -6.592371655090946 0
      vertex 33.37217471889431 -7.704573611277376 39
    endloop
  endfacet
  facet normal -0.9609411912615898 0.21303553321644284 0.17665754590150554
    outer loop
      vertex 26.654522119996205 -5.665593574783942 0
      vertex 26.55158426539766 -6.129916230870322 0
      vertex 33.50155532513284 -7.120975410508257 39
    endloop
  endfacet
  facet normal -0.9645128179750149 0.19623235064064556 0.17665754590150565
    outer loop
      vertex 26.749340748948843 -5.199545124010846 0
      vertex 26.654522119996205 -5.665593574783942 0
      vertex 33.62073103308249 -6.53520809164666 39
    endloop
  endfacet
  facet normal -0.9677906447406379 0.1793693937899049 0.17665754590150554
    outer loop
      vertex 26.83601126958267 -4.731912841423852 0
      vertex 26.749340748948843 -5.199545124010846 0
      vertex 33.72966554066812 -5.947450085092364 39
    endloop
  endfacet
  facet normal -0.9707736731006754 0.16245179928421938 0.1766575459015056
    outer loop
      vertex 26.914507281217503 -4.2628391723462915 0
      vertex 26.83601126958267 -4.731912841423852 0
      vertex 33.82832566538347 -5.357880427627907 39
    endloop
  endfacet
  facet normal -0.97346099439579 0.14548472038677188 0.17665754590150554
    outer loop
      vertex 26.984804873207793 -3.7924670011617834 0
      vertex 26.914507281217503 -4.2628391723462915 0
      vertex 33.91668135439878 -4.7666787078822415 39
    endloop
  endfacet
  facet normal -0.9758517900418854 0.12847332543413614 0.17665754590150556
    outer loop
      vertex 27.046882632226023 -3.320939607790269 0
      vertex 26.984804873207793 -3.7924670011617834 0
      vertex 33.994705693715275 -4.174025011626301 39
    endloop
  endfacet
  facet normal -0.977945331779442 0.1114227962620511 0.17665754590150556
    outer loop
      vertex 27.10072164878545 -2.848400624043557 0
      vertex 27.046882632226023 -3.320939607790269 0
      vertex 34.06237491636336 -3.5800998669171316 39
    endloop
  endfacet
  facet normal -0.9797409818953718 0.0943383266268281 0.17665754590150567
    outer loop
      vertex 27.146305523000066 -2.374993989873685 0
      vertex 27.10072164878545 -2.848400624043557 0
      vertex 34.11966840964229 -2.985084189107292 39
    endloop
  endfacet
  facet normal -0.9812381934172525 0.07722512062343542 0.17665754590150573
    outer loop
      vertex 27.183620369580208 -1.9008639095274145 0
      vertex 27.146305523000066 -2.374993989873685 0
      vertex 34.16656872139898 -2.3891592257362917 39
    endloop
  endfacet
  facet normal -0.9824365102799487 0.060088391100226214 0.17665754590150567
    outer loop
      vertex 27.212654822062138 -1.4261548076202195 0
      vertex 27.183620369580208 -1.9008639095274145 0
      vertex 34.20306156534416 -1.7925065013208263 39
    endloop
  endfacet
  facet normal -0.9833355674645387 0.042933358070982496 0.17665754590150556
    outer loop
      vertex 27.23340003627036 -0.9510112851431514 0
      vertex 27.212654822062138 -1.4261548076202195 0
      vertex 34.22913582540403 -1.1953077620606583 39
    endloop
  endfacet
  facet normal -0.9839350911094934 0.02576524712496533 0.1766575459015056
    outer loop
      vertex 27.245849693011664 -0.4755780754159757 0
      vertex 27.23340003627036 -0.9510112851431514 0
      vertex 34.2447835591064 -0.5977449204769603 39
    endloop
  endfacet
  facet normal -0.9842348985941027 0.008589287835076342 0.17665754590150562
    outer loop
      vertex 27.25 0 0
      vertex 27.245849693011664 -0.4755780754159757 0
      vertex 34.25 0 39
    endloop
  endfacet
  facet normal -0.008589287835077867 0.9842348985941027 0.17665754590150565
    outer loop
      vertex 0 -27.25 0
      vertex 0 -34.25 39
      vertex 0.5977449204769603 -34.2447835591064 39
    endloop
  endfacet
  facet normal -0.025765247124967038 0.9839350911094932 0.17665754590150556
    outer loop
      vertex 0.5977449204769603 -34.2447835591064 39
      vertex 1.1953077620606583 -34.22913582540403 39
      vertex 0.4755780754159757 -27.245849693011664 0
    endloop
  endfacet
  facet normal -0.0429333580709756 0.983335567464539 0.17665754590150565
    outer loop
      vertex 1.1953077620606583 -34.22913582540403 39
      vertex 1.7925065013208263 -34.20306156534416 39
      vertex 1.4261548076202195 -27.212654822062138 0
    endloop
  endfacet
  facet normal -0.06008839110022191 0.9824365102799488 0.17665754590150567
    outer loop
      vertex 1.7925065013208263 -34.20306156534416 39
      vertex 2.3891592257362917 -34.16656872139898 39
      vertex 1.9008639095274145 -27.183620369580208 0
    endloop
  endfacet
  facet normal -0.07722512062343989 0.9812381934172522 0.17665754590150567
    outer loop
      vertex 2.3891592257362917 -34.16656872139898 39
      vertex 2.985084189107292 -34.11966840964229 39
      vertex 2.374993989873685 -27.146305523000066 0
    endloop
  endfacet
  facet normal -0.09433832662683363 0.9797409818953713 0.17665754590150556
    outer loop
      vertex 2.985084189107292 -34.11966840964229 39
      vertex 3.5800998669171316 -34.06237491636336 39
      vertex 2.848400624043557 -27.10072164878545 0
    endloop
  endfacet
  facet normal -0.11142279626205055 0.9779453317794421 0.17665754590150556
    outer loop
      vertex 3.5800998669171316 -34.06237491636336 39
      vertex 4.174025011626301 -33.994705693715275 39
      vertex 3.320939607790269 -27.046882632226023 0
    endloop
  endfacet
  facet normal -0.12847332543413847 0.9758517900418852 0.17665754590150556
    outer loop
      vertex 4.174025011626301 -33.994705693715275 39
      vertex 4.7666787078822415 -33.91668135439878 39
      vertex 3.7924670011617834 -26.984804873207793 0
    endloop
  endfacet
  facet normal -0.14548472038676816 0.9734609943957906 0.17665754590150562
    outer loop
      vertex 4.7666787078822415 -33.91668135439878 39
      vertex 5.357880427627907 -33.82832566538347 39
      vertex 4.2628391723462915 -26.914507281217503 0
    endloop
  endfacet
  facet normal -0.1624517992842255 0.9707736731006743 0.17665754590150554
    outer loop
      vertex 5.357880427627907 -33.82832566538347 39
      vertex 5.947450085092364 -33.72966554066812 39
      vertex 4.731912841423852 -26.83601126958267 0
    endloop
  endfacet
  facet normal -0.17936939378989478 0.9677906447406398 0.17665754590150565
    outer loop
      vertex 5.947450085092364 -33.72966554066812 39
      vertex 6.53520809164666 -33.62073103308249 39
      vertex 5.199545124010846 -26.749340748948843 0
    endloop
  endfacet
  facet normal -0.1962323506406548 0.9645128179750131 0.17665754590150556
    outer loop
      vertex 6.53520809164666 -33.62073103308249 39
      vertex 7.120975410508257 -33.50155532513284 39
      vertex 5.665593574783942 -26.654522119996205 0
    endloop
  endfacet
  facet normal -0.21303553321643945 0.9609411912615906 0.17665754590150556
    outer loop
      vertex 7.120975410508257 -33.50155532513284 39
      vertex 7.704573611277376 -33.37217471889431 39
      vertex 6.129916230870322 -26.55158426539766 0
    endloop
  endfacet
  facet normal -0.22977382310509592 0.9570768525524612 0.17665754590150562
    outer loop
      vertex 7.704573611277376 -33.37217471889431 39
      vertex 8.28582492428862 -33.23262862495288 39
      vertex 6.592371655090946 -26.440558541020906 0
    endloop
  endfacet
  facet normal -0.24644212166137047 0.9529209789626314 0.17665754590150554
    outer loop
      vertex 8.28582492428862 -33.23262862495288 39
      vertex 8.864552294761335 -33.08295955040059 39
      vertex 7.05281897904369 -26.321478766377112 0
    endloop
  endfacet
  facet normal -0.2630353515600293 0.9484748364114618 0.17665754590150567
    outer loop
      vertex 8.864552294761335 -33.08295955040059 39
      vertex 9.440579436732222 -32.923213085887426 39
      vertex 7.511117946013227 -26.19438121431919 0
    endloop
  endfacet
  facet normal -0.2795484583425479 0.9437397792370321 0.1766575459015057
    outer loop
      vertex 9.440579436732222 -32.923213085887426 39
      vertex 10.013730886753734 -32.75343789173397 39
      vertex 7.967128953694577 -26.059304599992714 0
    endloop
  endfacet
  facet normal -0.2959764119566015 0.9387172497836362 0.1766575459015056
    outer loop
      vertex 10.013730886753734 -32.75343789173397 39
      vertex 10.583832057341949 -32.573685683109005 39
      vertex 8.420713096717316 -25.916290069042933 0
    endloop
  endfacet
  facet normal -0.31231420828835704 0.9334087779624072 0.17665754590150567
    outer loop
      vertex 10.583832057341949 -32.573685683109005 39
      vertex 11.150709290157616 -32.384011214276605 39
      vertex 8.87173220895752 -25.765381185081385 0
    endloop
  endfacet
  facet normal -0.3285568706868516 0.9278159807852638 0.17665754590150562
    outer loop
      vertex 11.150709290157616 -32.384011214276605 39
      vertex 11.714189908904153 -32.184472261917364 39
      vertex 9.320048905624473 -25.606623916416005 0
    endloop
  endfacet
  facet normal -0.34469945147971653 0.9219405618724235 0.1766575459015056
    outer loop
      vertex 11.714189908904153 -32.184472261917364 39
      vertex 12.274102271926534 -31.97512960752916 39
      vertex 9.765526625109432 -25.440066622048747 0
    endloop
  endfacet
  facet normal -0.3607370334804757 0.9157843109334007 0.1766575459015056
    outer loop
      vertex 12.274102271926534 -31.97512960752916 39
      vertex 12.830275824494986 -31.75604701891247 39
      vertex 10.208029670583603 -25.265760036944958 0
    endloop
  endfacet
  facet normal -0.37666473148630325 0.9093491032218642 0.17665754590150562
    outer loop
      vertex 12.830275824494986 -31.75604701891247 39
      vertex 13.382541150757627 -31.527291230746084 39
      vertex 10.647423251332711 -25.083757256579002 0
    endloop
  endfacet
  facet normal -0.39247769376609926 0.9026368989644183 0.1766575459015056
    outer loop
      vertex 13.382541150757627 -31.527291230746084 39
      vertex 13.930730025346158 -31.288931924259078 39
      vertex 11.083573523815556 -24.894113720760874 0
    endloop
  endfacet
  facet normal -0.40817110353833846 0.8956497427635162 0.17665754590150556
    outer loop
      vertex 13.930730025346158 -31.288931924259078 39
      vertex 14.474675464618956 -31.04104170600526 39
      vertex 11.51634763243406 -24.696887196748712 0
    endloop
  endfacet
  facet normal -0.423740180438403 0.8883897629746119 0.1766575459015056
    outer loop
      vertex 14.474675464618956 -31.04104170600526 39
      vertex 15.014211777525903 -30.78369608574647 39
      vertex 11.94561375000236 -24.4921377616523 0
    endloop
  endfacet
  facet normal -0.43918018197464775 0.8808591710578784 0.17665754590150562
    outer loop
      vertex 15.014211777525903 -30.78369608574647 39
      vertex 15.549174616079478 -30.5169734534516 39
      vertex 12.37124111790265 -24.279927784133026 0
    endloop
  endfacet
  facet normal -0.45448640497302634 0.8730602609045677 0.17665754590150565
    outer loop
      vertex 15.549174616079478 -30.5169734534516 39
      vertex 16.07940102541676 -30.24095505541825 39
      vertex 12.793100085915524 -24.06032190540576 0
    endloop
  endfacet
  facet normal -0.46965418700975037 0.864995408138256 0.1766575459015056
    outer loop
      vertex 16.07940102541676 -30.24095505541825 39
      vertex 16.604729493437045 -29.955724969524304 39
      vertex 13.211062151712685 -23.833387019548535 0
    endloop
  endfacet
  facet normal -0.48467890783145495 0.8566670693912342 0.17665754590150562
    outer loop
      vertex 16.604729493437045 -29.955724969524304 39
      vertex 17.125 -29.661370079617022 39
      vertex 13.625 -23.599192253125953 0
    endloop
  endfacet
  facet normal -0.4995559907626453 0.8480777815561549 0.17665754590150562
    outer loop
      vertex 17.125 -29.661370079617022 39
      vertex 17.640054065669354 -29.35798004904735 39
      vertex 14.034787541298975 -23.35780894413256 0
    endloop
  endfacet
  facet normal -0.5142809040997519 0.8392301610132938 0.1766575459015056
    outer loop
      vertex 17.640054065669354 -29.35798004904735 39
      vertex 18.149734799987268 -29.04564729335759 39
      vertex 14.440299950354834 -23.109310620262608 0
    endloop
  endfacet
  facet normal -0.5288491624915105 0.8301269028335881 0.17665754590150562
    outer loop
      vertex 18.149734799987268 -29.04564729335759 39
      vertex 18.653886949264677 -28.724466952130772 39
      vertex 14.841413704159487 -22.853772976512804 0
    endloop
  endfacet
  facet normal -0.5432563283052942 0.8207707799576613 0.17665754590150562
    outer loop
      vertex 18.653886949264677 -28.724466952130772 39
      vertex 19.15235694387308 -28.39453686001018 39
      vertex 15.238006619577853 -22.59127385212489 0
    endloop
  endfacet
  facet normal -0.5574980129788513 0.8111646423511628 0.17665754590150565
    outer loop
      vertex 19.15235694387308 -28.39453686001018 39
      vertex 19.644992945023326 -28.05595751689797 39
      vertex 15.629957890566004 -22.321893206875025 0
    endloop
  endfacet
  facet normal -0.5715698783570272 0.8013114161366919 0.17665754590150565
    outer loop
      vertex 19.644992945023326 -28.05595751689797 39
      vertex 20.131644891017206 -27.70883205734195 39
      vertex 16.017148124969893 -22.045713096717318 0
    endloop
  endfacet
  facet normal -0.5854676380133553 0.7912141027023724 0.1766575459015056
    outer loop
      vertex 20.131644891017206 -27.70883205734195 39
      vertex 20.612164542957654 -27.353266219119778 39
      vertex 16.399459380893315 -21.76281764878873 0
    endloop
  endfacet
  facet normal -0.5991870585555757 0.7808757777877186 0.17665754590150556
    outer loop
      vertex 20.612164542957654 -27.353266219119778 39
      vertex 21.086405529903796 -26.989368311030226 39
      vertex 16.77677520262419 -21.473293035783172 0
    endloop
  endfacet
  facet normal -0.6127239609153133 0.7702995905466309 0.17665754590150562
    outer loop
      vertex 21.086405529903796 -26.989368311030226 39
      vertex 21.55422339345693 -26.617249179901254 39
      vertex 17.14898065610807 -21.177227449702457 0
    endloop
  endfacet
  facet normal -0.6260742216209645 0.7594887625882036 0.17665754590150556
    outer loop
      vertex 21.55422339345693 -26.617249179901254 39
      vertex 22.01547563176397 -26.237022176824997 39
      vertex 17.515962363958195 -20.874711074992153 0
    endloop
  endfacet
  facet normal -0.6392337740537867 0.7484465869953646 0.1766575459015056
    outer loop
      vertex 22.01547563176397 -26.237022176824997 39
      vertex 22.470021742924875 -25.848803122629942 39
      vertex 17.877608539991325 -20.565836061070538 0
    endloop
  endfacet
  facet normal -0.6521986096866438 0.7371764273217547 0.17665754590150565
    outer loop
      vertex 22.470021742924875 -25.848803122629942 39
      vertex 22.917723267790894 -25.452710272600754 39
      vertex 18.233809023278887 -20.250696494258992 0
    endloop
  endfacet
  facet normal -0.6649647793050015 0.7256817165671932 0.17665754590150554
    outer loop
      vertex 22.917723267790894 -25.452710272600754 39
      vertex 23.358443832140573 -25.048864280456588 39
      vertex 18.584455311703085 -19.929388369122396 0
    endloop
  endfacet
  facet normal -0.677528394209915 0.7139659561319375 0.17665754590150556
    outer loop
      vertex 23.358443832140573 -25.048864280456588 39
      vertex 23.792049188220656 -24.637388161598803 39
      vertex 18.929440595007677 -19.602009559228247 0
    endloop
  endfacet
  facet normal -0.6898856274025944 0.7020327147500935 0.17665754590150562
    outer loop
      vertex 19.268659787333423 -19.268659787333423 0
      vertex 23.792049188220656 -24.637388161598803 39
      vertex 24.218407255639253 -24.218407255639253 39
    endloop
  endfacet
  facet normal -0.7020327147500933 0.6898856274025945 0.1766575459015055
    outer loop
      vertex 24.218407255639253 -24.218407255639253 39
      vertex 24.637388161598803 -23.792049188220656 39
      vertex 19.268659787333423 -19.268659787333423 0
    endloop
  endfacet
  facet normal -0.7139659561319375 0.677528394209915 0.17665754590150556
    outer loop
      vertex 24.637388161598803 -23.792049188220656 39
      vertex 25.048864280456588 -23.358443832140573 39
      vertex 19.602009559228247 -18.929440595007677 0
    endloop
  endfacet
  facet normal -0.7256817165671932 0.6649647793050015 0.17665754590150554
    outer loop
      vertex 25.048864280456588 -23.358443832140573 39
      vertex 25.452710272600754 -22.917723267790894 39
      vertex 19.929388369122396 -18.584455311703085 0
    endloop
  endfacet
  facet normal -0.7371764273217547 0.6521986096866438 0.17665754590150565
    outer loop
      vertex 25.452710272600754 -22.917723267790894 39
      vertex 25.848803122629942 -22.470021742924875 39
      vertex 20.250696494258992 -18.233809023278887 0
    endloop
  endfacet
  facet normal -0.7484465869953646 0.6392337740537867 0.1766575459015056
    outer loop
      vertex 25.848803122629942 -22.470021742924875 39
      vertex 26.237022176824997 -22.01547563176397 39
      vertex 20.565836061070538 -17.877608539991325 0
    endloop
  endfacet
  facet normal -0.7594887625882036 0.6260742216209645 0.17665754590150556
    outer loop
      vertex 26.237022176824997 -22.01547563176397 39
      vertex 26.617249179901254 -21.55422339345693 39
      vertex 20.874711074992153 -17.515962363958195 0
    endloop
  endfacet
  facet normal -0.7702995905466309 0.6127239609153133 0.1766575459015056
    outer loop
      vertex 26.617249179901254 -21.55422339345693 39
      vertex 26.989368311030226 -21.086405529903796 39
      vertex 21.177227449702457 -17.14898065610807 0
    endloop
  endfacet
  facet normal -0.7808757777877186 0.5991870585555757 0.17665754590150556
    outer loop
      vertex 26.989368311030226 -21.086405529903796 39
      vertex 27.353266219119778 -20.612164542957654 39
      vertex 21.473293035783172 -16.77677520262419 0
    endloop
  endfacet
  facet normal -0.7912141027023724 0.5854676380133553 0.1766575459015056
    outer loop
      vertex 27.353266219119778 -20.612164542957654 39
      vertex 27.70883205734195 -20.131644891017206 39
      vertex 21.76281764878873 -16.399459380893315 0
    endloop
  endfacet
  facet normal -0.8013114161366919 0.5715698783570272 0.17665754590150565
    outer loop
      vertex 27.70883205734195 -20.131644891017206 39
      vertex 28.05595751689797 -19.644992945023326 39
      vertex 22.045713096717318 -16.017148124969893 0
    endloop
  endfacet
  facet normal -0.8111646423511628 0.5574980129788513 0.17665754590150565
    outer loop
      vertex 28.05595751689797 -19.644992945023326 39
      vertex 28.39453686001018 -19.15235694387308 39
      vertex 22.321893206875025 -15.629957890566004 0
    endloop
  endfacet
  facet normal -0.8207707799576613 0.5432563283052942 0.17665754590150562
    outer loop
      vertex 28.39453686001018 -19.15235694387308 39
      vertex 28.724466952130772 -18.653886949264677 39
      vertex 22.59127385212489 -15.238006619577853 0
    endloop
  endfacet
  facet normal -0.8301269028335881 0.5288491624915105 0.17665754590150562
    outer loop
      vertex 28.724466952130772 -18.653886949264677 39
      vertex 29.04564729335759 -18.149734799987268 39
      vertex 22.853772976512804 -14.841413704159487 0
    endloop
  endfacet
  facet normal -0.8392301610132938 0.5142809040997519 0.1766575459015056
    outer loop
      vertex 29.04564729335759 -18.149734799987268 39
      vertex 29.35798004904735 -17.640054065669354 39
      vertex 23.109310620262608 -14.440299950354834 0
    endloop
  endfacet
  facet normal -0.8480777815561549 0.4995559907626453 0.17665754590150562
    outer loop
      vertex 29.35798004904735 -17.640054065669354 39
      vertex 29.661370079617022 -17.125 39
      vertex 23.35780894413256 -14.034787541298975 0
    endloop
  endfacet
  facet normal -0.8566670693912342 0.48467890783145495 0.17665754590150562
    outer loop
      vertex 29.661370079617022 -17.125 39
      vertex 29.955724969524304 -16.604729493437045 39
      vertex 23.599192253125953 -13.625 0
    endloop
  endfacet
  facet normal -0.864995408138256 0.46965418700975037 0.1766575459015056
    outer loop
      vertex 29.955724969524304 -16.604729493437045 39
      vertex 30.24095505541825 -16.07940102541676 39
      vertex 23.833387019548535 -13.211062151712685 0
    endloop
  endfacet
  facet normal -0.8730602609045677 0.45448640497302634 0.1766575459015056
    outer loop
      vertex 30.24095505541825 -16.07940102541676 39
      vertex 30.5169734534516 -15.549174616079478 39
      vertex 24.06032190540576 -12.793100085915524 0
    endloop
  endfacet
  facet normal -0.8808591710578785 0.4391801819746478 0.17665754590150562
    outer loop
      vertex 30.5169734534516 -15.549174616079478 39
      vertex 30.78369608574647 -15.014211777525903 39
      vertex 24.279927784133026 -12.37124111790265 0
    endloop
  endfacet
  facet normal -0.8883897629746119 0.423740180438403 0.1766575459015056
    outer loop
      vertex 30.78369608574647 -15.014211777525903 39
      vertex 31.04104170600526 -14.474675464618956 39
      vertex 24.4921377616523 -11.94561375000236 0
    endloop
  endfacet
  facet normal -0.8956497427635162 0.40817110353833846 0.17665754590150556
    outer loop
      vertex 31.04104170600526 -14.474675464618956 39
      vertex 31.288931924259078 -13.930730025346158 39
      vertex 24.696887196748712 -11.51634763243406 0
    endloop
  endfacet
  facet normal -0.9026368989644183 0.39247769376609926 0.1766575459015056
    outer loop
      vertex 31.288931924259078 -13.930730025346158 39
      vertex 31.527291230746084 -13.382541150757627 39
      vertex 24.894113720760874 -11.083573523815556 0
    endloop
  endfacet
  facet normal -0.9093491032218642 0.37666473148630325 0.1766575459015056
    outer loop
      vertex 31.527291230746084 -13.382541150757627 39
      vertex 31.75604701891247 -12.830275824494986 39
      vertex 25.083757256579002 -10.647423251332711 0
    endloop
  endfacet
  facet normal -0.9157843109334007 0.3607370334804757 0.1766575459015056
    outer loop
      vertex 31.75604701891247 -12.830275824494986 39
      vertex 31.97512960752916 -12.274102271926534 39
      vertex 25.265760036944958 -10.208029670583603 0
    endloop
  endfacet
  facet normal -0.9219405618724235 0.34469945147971653 0.17665754590150562
    outer loop
      vertex 31.97512960752916 -12.274102271926534 39
      vertex 32.184472261917364 -11.714189908904153 39
      vertex 25.440066622048747 -9.765526625109432 0
    endloop
  endfacet
  facet normal -0.9278159807852638 0.3285568706868516 0.17665754590150562
    outer loop
      vertex 32.184472261917364 -11.714189908904153 39
      vertex 32.384011214276605 -11.150709290157616 39
      vertex 25.606623916416005 -9.320048905624473 0
    endloop
  endfacet
  facet normal -0.9334087779624072 0.31231420828835704 0.17665754590150567
    outer loop
      vertex 32.384011214276605 -11.150709290157616 39
      vertex 32.573685683109005 -10.583832057341949 39
      vertex 25.765381185081385 -8.87173220895752 0
    endloop
  endfacet
  facet normal -0.9387172497836362 0.2959764119566015 0.1766575459015056
    outer loop
      vertex 32.573685683109005 -10.583832057341949 39
      vertex 32.75343789173397 -10.013730886753734 39
      vertex 25.916290069042933 -8.420713096717316 0
    endloop
  endfacet
  facet normal -0.9437397792370321 0.2795484583425479 0.1766575459015057
    outer loop
      vertex 32.75343789173397 -10.013730886753734 39
      vertex 32.923213085887426 -9.440579436732222 39
      vertex 26.059304599992714 -7.967128953694577 0
    endloop
  endfacet
  facet normal -0.9484748364114618 0.2630353515600293 0.17665754590150567
    outer loop
      vertex 32.923213085887426 -9.440579436732222 39
      vertex 33.08295955040059 -8.864552294761335 39
      vertex 26.19438121431919 -7.511117946013227 0
    endloop
  endfacet
  facet normal -0.9529209789626314 0.24644212166137047 0.17665754590150554
    outer loop
      vertex 33.08295955040059 -8.864552294761335 39
      vertex 33.23262862495288 -8.28582492428862 39
      vertex 26.321478766377112 -7.05281897904369 0
    endloop
  endfacet
  facet normal -0.9570768525524612 0.22977382310509592 0.17665754590150562
    outer loop
      vertex 33.23262862495288 -8.28582492428862 39
      vertex 33.37217471889431 -7.704573611277376 39
      vertex 26.440558541020906 -6.592371655090946 0
    endloop
  endfacet
  facet normal -0.9609411912615906 0.21303553321643945 0.17665754590150556
    outer loop
      vertex 33.37217471889431 -7.704573611277376 39
      vertex 33.50155532513284 -7.120975410508257 39
      vertex 26.55158426539766 -6.129916230870322 0
    endloop
  endfacet
  facet normal -0.9645128179750131 0.1962323506406548 0.17665754590150556
    outer loop
      vertex 33.50155532513284 -7.120975410508257 39
      vertex 33.62073103308249 -6.53520809164666 39
      vertex 26.654522119996205 -5.665593574783942 0
    endloop
  endfacet
  facet normal -0.9677906447406398 0.17936939378989478 0.17665754590150565
    outer loop
      vertex 33.62073103308249 -6.53520809164666 39
      vertex 33.72966554066812 -5.947450085092364 39
      vertex 26.749340748948843 -5.199545124010846 0
    endloop
  endfacet
  facet normal -0.9707736731006743 0.1624517992842255 0.17665754590150554
    outer loop
      vertex 33.72966554066812 -5.947450085092364 39
      vertex 33.82832566538347 -5.357880427627907 39
      vertex 26.83601126958267 -4.731912841423852 0
    endloop
  endfacet
  facet normal -0.9734609943957906 0.14548472038676816 0.17665754590150562
    outer loop
      vertex 33.82832566538347 -5.357880427627907 39
      vertex 33.91668135439878 -4.7666787078822415 39
      vertex 26.914507281217503 -4.2628391723462915 0
    endloop
  endfacet
  facet normal -0.9758517900418852 0.12847332543413847 0.17665754590150556
    outer loop
      vertex 33.91668135439878 -4.7666787078822415 39
      vertex 33.994705693715275 -4.174025011626301 39
      vertex 26.984804873207793 -3.7924670011617834 0
    endloop
  endfacet
  facet normal -0.9779453317794421 0.11142279626205055 0.17665754590150556
    outer loop
      vertex 33.994705693715275 -4.174025011626301 39
      vertex 34.06237491636336 -3.5800998669171316 39
      vertex 27.046882632226023 -3.320939607790269 0
    endloop
  endfacet
  facet normal -0.9797409818953713 0.09433832662683363 0.17665754590150556
    outer loop
      vertex 34.06237491636336 -3.5800998669171316 39
      vertex 34.11966840964229 -2.985084189107292 39
      vertex 27.10072164878545 -2.848400624043557 0
    endloop
  endfacet
  facet normal -0.9812381934172522 0.07722512062343989 0.17665754590150567
    outer loop
      vertex 34.11966840964229 -2.985084189107292 39
      vertex 34.16656872139898 -2.3891592257362917 39
      vertex 27.146305523000066 -2.374993989873685 0
    endloop
  endfacet
  facet normal -0.9824365102799488 0.06008839110022191 0.17665754590150567
    outer loop
      vertex 34.16656872139898 -2.3891592257362917 39
      vertex 34.20306156534416 -1.7925065013208263 39
      vertex 27.183620369580208 -1.9008639095274145 0
    endloop
  endfacet
  facet normal -0.983335567464539 0.0429333580709756 0.17665754590150562
    outer loop
      vertex 34.20306156534416 -1.7925065013208263 39
      vertex 34.22913582540403 -1.1953077620606583 39
      vertex 27.212654822062138 -1.4261548076202195 0
    endloop
  endfacet
  facet normal -0.9839350911094932 0.025765247124967038 0.1766575459015055
    outer loop
      vertex 34.22913582540403 -1.1953077620606583 39
      vertex 34.2447835591064 -0.5977449204769603 39
      vertex 27.23340003627036 -0.9510112851431514 0
    endloop
  endfacet
  facet normal -0.9842348985941027 0.008589287835078167 0.1766575459015056
    outer loop
      vertex 34.2447835591064 -0.5977449204769603 39
      vertex 34.25 0 39
      vertex 27.245849693011664 -0.4755780754159757 0
    endloop
  endfacet
  facet normal -0.008589287835076342 -0.9842348985941027 0.17665754590150562
    outer loop
      vertex 0 27.25 0
      vertex 0.4755780754159757 27.245849693011664 0
      vertex 0 34.25 39
    endloop
  endfacet
  facet normal -0.02576524712496533 -0.9839350911094934 0.1766575459015056
    outer loop
      vertex 0.4755780754159757 27.245849693011664 0
      vertex 0.9510112851431514 27.23340003627036 0
      vertex 0.5977449204769603 34.2447835591064 39
    endloop
  endfacet
  facet normal -0.042933358070982496 -0.9833355674645387 0.17665754590150556
    outer loop
      vertex 0.9510112851431514 27.23340003627036 0
      vertex 1.4261548076202195 27.212654822062138 0
      vertex 1.1953077620606583 34.22913582540403 39
    endloop
  endfacet
  facet normal -0.060088391100226214 -0.9824365102799487 0.17665754590150567
    outer loop
      vertex 1.4261548076202195 27.212654822062138 0
      vertex 1.9008639095274145 27.183620369580208 0
      vertex 1.7925065013208263 34.20306156534416 39
    endloop
  endfacet
  facet normal -0.07722512062343542 -0.9812381934172525 0.17665754590150573
    outer loop
      vertex 1.9008639095274145 27.183620369580208 0
      vertex 2.374993989873685 27.146305523000066 0
      vertex 2.3891592257362917 34.16656872139898 39
    endloop
  endfacet
  facet normal -0.1114227962620511 -0.977945331779442 0.17665754590150556
    outer loop
      vertex 2.848400624043557 27.10072164878545 0
      vertex 3.320939607790269 27.046882632226023 0
      vertex 3.5800998669171316 34.06237491636336 39
    endloop
  endfacet
  facet normal -0.12847332543413614 -0.9758517900418854 0.17665754590150556
    outer loop
      vertex 3.320939607790269 27.046882632226023 0
      vertex 3.7924670011617834 26.984804873207793 0
      vertex 4.174025011626301 33.994705693715275 39
    endloop
  endfacet
  facet normal -0.14548472038677188 -0.97346099439579 0.17665754590150554
    outer loop
      vertex 3.7924670011617834 26.984804873207793 0
      vertex 4.2628391723462915 26.914507281217503 0
      vertex 4.7666787078822415 33.91668135439878 39
    endloop
  endfacet
  facet normal -0.0943383266268281 -0.9797409818953718 0.17665754590150567
    outer loop
      vertex 2.374993989873685 27.146305523000066 0
      vertex 2.848400624043557 27.10072164878545 0
      vertex 2.985084189107292 34.11966840964229 39
    endloop
  endfacet
  facet normal -0.16245179928421938 -0.9707736731006754 0.1766575459015056
    outer loop
      vertex 4.2628391723462915 26.914507281217503 0
      vertex 4.731912841423852 26.83601126958267 0
      vertex 5.357880427627907 33.82832566538347 39
    endloop
  endfacet
  facet normal -0.1793693937899049 -0.9677906447406379 0.17665754590150554
    outer loop
      vertex 4.731912841423852 26.83601126958267 0
      vertex 5.199545124010846 26.749340748948843 0
      vertex 5.947450085092364 33.72966554066812 39
    endloop
  endfacet
  facet normal -0.19623235064064556 -0.9645128179750149 0.17665754590150565
    outer loop
      vertex 5.199545124010846 26.749340748948843 0
      vertex 5.665593574783942 26.654522119996205 0
      vertex 6.53520809164666 33.62073103308249 39
    endloop
  endfacet
  facet normal -0.21303553321644284 -0.9609411912615898 0.17665754590150554
    outer loop
      vertex 5.665593574783942 26.654522119996205 0
      vertex 6.129916230870322 26.55158426539766 0
      vertex 7.120975410508257 33.50155532513284 39
    endloop
  endfacet
  facet normal -0.22977382310509703 -0.957076852552461 0.1766575459015056
    outer loop
      vertex 6.129916230870322 26.55158426539766 0
      vertex 6.592371655090946 26.440558541020906 0
      vertex 7.704573611277376 33.37217471889431 39
    endloop
  endfacet
  facet normal -0.24644212166136806 -0.952920978962632 0.1766575459015056
    outer loop
      vertex 6.592371655090946 26.440558541020906 0
      vertex 7.05281897904369 26.321478766377112 0
      vertex 8.28582492428862 33.23262862495288 39
    endloop
  endfacet
  facet normal -0.2630353515600381 -0.9484748364114594 0.17665754590150556
    outer loop
      vertex 7.05281897904369 26.321478766377112 0
      vertex 7.511117946013227 26.19438121431919 0
      vertex 8.864552294761335 33.08295955040059 39
    endloop
  endfacet
  facet normal -0.29597641195659136 -0.9387172497836392 0.17665754590150567
    outer loop
      vertex 7.967128953694577 26.059304599992714 0
      vertex 8.420713096717316 25.916290069042933 0
      vertex 10.013730886753734 32.75343789173397 39
    endloop
  endfacet
  facet normal -0.2795484583425494 -0.9437397792370318 0.1766575459015057
    outer loop
      vertex 7.511117946013227 26.19438121431919 0
      vertex 7.967128953694577 26.059304599992714 0
      vertex 9.440579436732222 32.923213085887426 39
    endloop
  endfacet
  facet normal -0.3924776937660989 -0.9026368989644183 0.17665754590150556
    outer loop
      vertex 10.647423251332711 25.083757256579002 0
      vertex 11.083573523815556 24.894113720760874 0
      vertex 13.382541150757627 31.527291230746084 39
    endloop
  endfacet
  facet normal -0.4081711035383379 -0.8956497427635163 0.17665754590150554
    outer loop
      vertex 11.083573523815556 24.894113720760874 0
      vertex 11.51634763243406 24.696887196748712 0
      vertex 13.930730025346158 31.288931924259078 39
    endloop
  endfacet
  facet normal -0.42374018043840533 -0.8883897629746108 0.17665754590150556
    outer loop
      vertex 11.51634763243406 24.696887196748712 0
      vertex 11.94561375000236 24.4921377616523 0
      vertex 14.474675464618956 31.04104170600526 39
    endloop
  endfacet
  facet normal -0.43918018197464875 -0.8808591710578779 0.17665754590150562
    outer loop
      vertex 11.94561375000236 24.4921377616523 0
      vertex 12.37124111790265 24.279927784133026 0
      vertex 15.014211777525903 30.78369608574647 39
    endloop
  endfacet
  facet normal -0.4544864049730278 -0.873060260904567 0.17665754590150565
    outer loop
      vertex 12.37124111790265 24.279927784133026 0
      vertex 12.793100085915524 24.06032190540576 0
      vertex 15.549174616079478 30.5169734534516 39
    endloop
  endfacet
  facet normal -0.469654187009747 -0.8649954081382576 0.17665754590150565
    outer loop
      vertex 12.793100085915524 24.06032190540576 0
      vertex 13.211062151712685 23.833387019548535 0
      vertex 16.07940102541676 30.24095505541825 39
    endloop
  endfacet
  facet normal -0.48467890783145545 -0.8566670693912337 0.17665754590150556
    outer loop
      vertex 13.211062151712685 23.833387019548535 0
      vertex 13.625 23.599192253125953 0
      vertex 16.604729493437045 29.955724969524304 39
    endloop
  endfacet
  facet normal -0.4995559907626481 -0.8480777815561533 0.1766575459015056
    outer loop
      vertex 13.625 23.599192253125953 0
      vertex 14.034787541298975 23.35780894413256 0
      vertex 17.125 29.661370079617022 39
    endloop
  endfacet
  facet normal -0.514280904099749 -0.8392301610132958 0.17665754590150565
    outer loop
      vertex 14.034787541298975 23.35780894413256 0
      vertex 14.440299950354834 23.109310620262608 0
      vertex 17.640054065669354 29.35798004904735 39
    endloop
  endfacet
  facet normal -0.5288491624915123 -0.830126902833587 0.1766575459015056
    outer loop
      vertex 14.440299950354834 23.109310620262608 0
      vertex 14.841413704159487 22.853772976512804 0
      vertex 18.149734799987268 29.04564729335759 39
    endloop
  endfacet
  facet normal -0.5432563283052926 -0.8207707799576623 0.17665754590150562
    outer loop
      vertex 14.841413704159487 22.853772976512804 0
      vertex 15.238006619577853 22.59127385212489 0
      vertex 18.653886949264677 28.724466952130772 39
    endloop
  endfacet
  facet normal -0.5574980129788543 -0.8111646423511608 0.1766575459015056
    outer loop
      vertex 15.238006619577853 22.59127385212489 0
      vertex 15.629957890566004 22.321893206875025 0
      vertex 19.15235694387308 28.39453686001018 39
    endloop
  endfacet
  facet normal -0.599187058555576 -0.7808757777877184 0.1766575459015056
    outer loop
      vertex 16.399459380893315 21.76281764878873 0
      vertex 16.77677520262419 21.473293035783172 0
      vertex 20.612164542957654 27.353266219119778 39
    endloop
  endfacet
  facet normal -0.5715698783570277 -0.8013114161366914 0.17665754590150562
    outer loop
      vertex 15.629957890566004 22.321893206875025 0
      vertex 16.017148124969893 22.045713096717318 0
      vertex 19.644992945023326 28.05595751689797 39
    endloop
  endfacet
  facet normal -0.5854676380133522 -0.7912141027023747 0.17665754590150565
    outer loop
      vertex 16.017148124969893 22.045713096717318 0
      vertex 16.399459380893315 21.76281764878873 0
      vertex 20.131644891017206 27.70883205734195 39
    endloop
  endfacet
  facet normal -0.31231420828836315 -0.933408777962405 0.17665754590150554
    outer loop
      vertex 8.420713096717316 25.916290069042933 0
      vertex 8.87173220895752 25.765381185081385 0
      vertex 10.583832057341949 32.573685683109005 39
    endloop
  endfacet
  facet normal -0.3285568706868472 -0.9278159807852654 0.17665754590150567
    outer loop
      vertex 8.87173220895752 25.765381185081385 0
      vertex 9.320048905624473 25.606623916416005 0
      vertex 11.150709290157616 32.384011214276605 39
    endloop
  endfacet
  facet normal -0.34469945147971776 -0.921940561872423 0.17665754590150556
    outer loop
      vertex 9.320048905624473 25.606623916416005 0
      vertex 9.765526625109432 25.440066622048747 0
      vertex 11.714189908904153 32.184472261917364 39
    endloop
  endfacet
  facet normal -0.36073703348047426 -0.9157843109334012 0.17665754590150556
    outer loop
      vertex 9.765526625109432 25.440066622048747 0
      vertex 10.208029670583603 25.265760036944958 0
      vertex 12.274102271926534 31.97512960752916 39
    endloop
  endfacet
  facet normal -0.3766647314863022 -0.9093491032218645 0.17665754590150556
    outer loop
      vertex 10.208029670583603 25.265760036944958 0
      vertex 10.647423251332711 25.083757256579002 0
      vertex 12.830275824494986 31.75604701891247 39
    endloop
  endfacet
  facet normal -0.9026368989644183 -0.3924776937660989 0.17665754590150556
    outer loop
      vertex 24.894113720760874 11.083573523815556 0
      vertex 25.083757256579002 10.647423251332711 0
      vertex 31.527291230746084 13.382541150757627 39
    endloop
  endfacet
  facet normal -0.8956497427635163 -0.4081711035383379 0.17665754590150554
    outer loop
      vertex 24.696887196748712 11.51634763243406 0
      vertex 24.894113720760874 11.083573523815556 0
      vertex 31.288931924259078 13.930730025346158 39
    endloop
  endfacet
  facet normal -0.873060260904567 -0.4544864049730278 0.17665754590150565
    outer loop
      vertex 24.06032190540576 12.793100085915524 0
      vertex 24.279927784133026 12.37124111790265 0
      vertex 30.5169734534516 15.549174616079478 39
    endloop
  endfacet
  facet normal -0.8808591710578779 -0.43918018197464875 0.17665754590150562
    outer loop
      vertex 24.279927784133026 12.37124111790265 0
      vertex 24.4921377616523 11.94561375000236 0
      vertex 30.78369608574647 15.014211777525903 39
    endloop
  endfacet
  facet normal -0.8883897629746108 -0.42374018043840533 0.17665754590150556
    outer loop
      vertex 24.4921377616523 11.94561375000236 0
      vertex 24.696887196748712 11.51634763243406 0
      vertex 31.04104170600526 14.474675464618956 39
    endloop
  endfacet
  facet normal -0.7808757777877184 -0.599187058555576 0.1766575459015056
    outer loop
      vertex 21.473293035783172 16.77677520262419 0
      vertex 21.76281764878873 16.399459380893315 0
      vertex 27.353266219119778 20.612164542957654 39
    endloop
  endfacet
  facet normal -0.8207707799576623 -0.5432563283052926 0.17665754590150562
    outer loop
      vertex 22.59127385212489 15.238006619577853 0
      vertex 22.853772976512804 14.841413704159487 0
      vertex 28.724466952130772 18.653886949264677 39
    endloop
  endfacet
  facet normal -0.8111646423511608 -0.5574980129788543 0.1766575459015056
    outer loop
      vertex 22.321893206875025 15.629957890566004 0
      vertex 22.59127385212489 15.238006619577853 0
      vertex 28.39453686001018 19.15235694387308 39
    endloop
  endfacet
  facet normal -0.7912141027023747 -0.5854676380133522 0.17665754590150565
    outer loop
      vertex 21.76281764878873 16.399459380893315 0
      vertex 22.045713096717318 16.017148124969893 0
      vertex 27.70883205734195 20.131644891017206 39
    endloop
  endfacet
  facet normal -0.8013114161366914 -0.5715698783570277 0.17665754590150562
    outer loop
      vertex 22.045713096717318 16.017148124969893 0
      vertex 22.321893206875025 15.629957890566004 0
      vertex 28.05595751689797 19.644992945023326 39
    endloop
  endfacet
  facet normal -0.8649954081382576 -0.469654187009747 0.17665754590150562
    outer loop
      vertex 23.833387019548535 13.211062151712685 0
      vertex 24.06032190540576 12.793100085915524 0
      vertex 30.24095505541825 16.07940102541676 39
    endloop
  endfacet
  facet normal -0.8566670693912337 -0.48467890783145545 0.17665754590150556
    outer loop
      vertex 23.599192253125953 13.625 0
      vertex 23.833387019548535 13.211062151712685 0
      vertex 29.955724969524304 16.604729493437045 39
    endloop
  endfacet
  facet normal -0.830126902833587 -0.5288491624915123 0.1766575459015056
    outer loop
      vertex 22.853772976512804 14.841413704159487 0
      vertex 23.109310620262608 14.440299950354834 0
      vertex 29.04564729335759 18.149734799987268 39
    endloop
  endfacet
  facet normal -0.8392301610132958 -0.514280904099749 0.17665754590150565
    outer loop
      vertex 23.109310620262608 14.440299950354834 0
      vertex 23.35780894413256 14.034787541298975 0
      vertex 29.35798004904735 17.640054065669354 39
    endloop
  endfacet
  facet normal -0.8480777815561533 -0.4995559907626481 0.1766575459015056
    outer loop
      vertex 23.35780894413256 14.034787541298975 0
      vertex 23.599192253125953 13.625 0
      vertex 29.661370079617022 17.125 39
    endloop
  endfacet
  facet normal -0.977945331779442 -0.1114227962620511 0.17665754590150556
    outer loop
      vertex 27.046882632226023 3.320939607790269 0
      vertex 27.10072164878545 2.848400624043557 0
      vertex 34.06237491636336 3.5800998669171316 39
    endloop
  endfacet
  facet normal -0.9758517900418854 -0.12847332543413614 0.17665754590150554
    outer loop
      vertex 26.984804873207793 3.7924670011617834 0
      vertex 27.046882632226023 3.320939607790269 0
      vertex 33.994705693715275 4.174025011626301 39
    endloop
  endfacet
  facet normal -0.97346099439579 -0.14548472038677188 0.17665754590150554
    outer loop
      vertex 26.914507281217503 4.2628391723462915 0
      vertex 26.984804873207793 3.7924670011617834 0
      vertex 33.91668135439878 4.7666787078822415 39
    endloop
  endfacet
  facet normal -0.9842348985941027 -0.008589287835076342 0.17665754590150562
    outer loop
      vertex 27.25 0 0
      vertex 34.25 0 39
      vertex 27.245849693011664 0.4755780754159757 0
    endloop
  endfacet
  facet normal -0.9839350911094934 -0.02576524712496533 0.1766575459015056
    outer loop
      vertex 27.23340003627036 0.9510112851431514 0
      vertex 27.245849693011664 0.4755780754159757 0
      vertex 34.2447835591064 0.5977449204769603 39
    endloop
  endfacet
  facet normal -0.9833355674645387 -0.042933358070982496 0.17665754590150556
    outer loop
      vertex 27.212654822062138 1.4261548076202195 0
      vertex 27.23340003627036 0.9510112851431514 0
      vertex 34.22913582540403 1.1953077620606583 39
    endloop
  endfacet
  facet normal -0.9824365102799487 -0.060088391100226214 0.17665754590150567
    outer loop
      vertex 27.183620369580208 1.9008639095274145 0
      vertex 27.212654822062138 1.4261548076202195 0
      vertex 34.20306156534416 1.7925065013208263 39
    endloop
  endfacet
  facet normal -0.9812381934172525 -0.07722512062343542 0.17665754590150576
    outer loop
      vertex 27.146305523000066 2.374993989873685 0
      vertex 27.183620369580208 1.9008639095274145 0
      vertex 34.16656872139898 2.3891592257362917 39
    endloop
  endfacet
  facet normal -0.9797409818953718 -0.0943383266268281 0.17665754590150567
    outer loop
      vertex 27.10072164878545 2.848400624043557 0
      vertex 27.146305523000066 2.374993989873685 0
      vertex 34.11966840964229 2.985084189107292 39
    endloop
  endfacet
  facet normal -0.9707736731006754 -0.16245179928421938 0.1766575459015056
    outer loop
      vertex 26.83601126958267 4.731912841423852 0
      vertex 26.914507281217503 4.2628391723462915 0
      vertex 33.82832566538347 5.357880427627907 39
    endloop
  endfacet
  facet normal -0.9677906447406379 -0.1793693937899049 0.17665754590150554
    outer loop
      vertex 26.749340748948843 5.199545124010846 0
      vertex 26.83601126958267 4.731912841423852 0
      vertex 33.72966554066812 5.947450085092364 39
    endloop
  endfacet
  facet normal -0.9645128179750149 -0.19623235064064556 0.17665754590150565
    outer loop
      vertex 26.654522119996205 5.665593574783942 0
      vertex 26.749340748948843 5.199545124010846 0
      vertex 33.62073103308249 6.53520809164666 39
    endloop
  endfacet
  facet normal -0.9609411912615898 -0.21303553321644284 0.17665754590150556
    outer loop
      vertex 26.55158426539766 6.129916230870322 0
      vertex 26.654522119996205 5.665593574783942 0
      vertex 33.50155532513284 7.120975410508257 39
    endloop
  endfacet
  facet normal -0.9387172497836392 -0.29597641195659136 0.17665754590150567
    outer loop
      vertex 25.916290069042933 8.420713096717316 0
      vertex 26.059304599992714 7.967128953694577 0
      vertex 32.75343789173397 10.013730886753734 39
    endloop
  endfacet
  facet normal -0.957076852552461 -0.22977382310509703 0.1766575459015056
    outer loop
      vertex 26.440558541020906 6.592371655090946 0
      vertex 26.55158426539766 6.129916230870322 0
      vertex 33.37217471889431 7.704573611277376 39
    endloop
  endfacet
  facet normal -0.952920978962632 -0.24644212166136806 0.1766575459015056
    outer loop
      vertex 26.321478766377112 7.05281897904369 0
      vertex 26.440558541020906 6.592371655090946 0
      vertex 33.23262862495288 8.28582492428862 39
    endloop
  endfacet
  facet normal -0.9484748364114594 -0.2630353515600381 0.17665754590150556
    outer loop
      vertex 26.19438121431919 7.511117946013227 0
      vertex 26.321478766377112 7.05281897904369 0
      vertex 33.08295955040059 8.864552294761335 39
    endloop
  endfacet
  facet normal -0.9437397792370318 -0.2795484583425494 0.1766575459015057
    outer loop
      vertex 26.059304599992714 7.967128953694577 0
      vertex 26.19438121431919 7.511117946013227 0
      vertex 32.923213085887426 9.440579436732222 39
    endloop
  endfacet
  facet normal -0.933408777962405 -0.31231420828836315 0.17665754590150554
    outer loop
      vertex 25.765381185081385 8.87173220895752 0
      vertex 25.916290069042933 8.420713096717316 0
      vertex 32.573685683109005 10.583832057341949 39
    endloop
  endfacet
  facet normal -0.9278159807852654 -0.3285568706868472 0.17665754590150567
    outer loop
      vertex 25.606623916416005 9.320048905624473 0
      vertex 25.765381185081385 8.87173220895752 0
      vertex 32.384011214276605 11.150709290157616 39
    endloop
  endfacet
  facet normal -0.921940561872423 -0.34469945147971776 0.17665754590150556
    outer loop
      vertex 25.440066622048747 9.765526625109432 0
      vertex 25.606623916416005 9.320048905624473 0
      vertex 32.184472261917364 11.714189908904153 39
    endloop
  endfacet
  facet normal -0.9157843109334012 -0.36073703348047426 0.17665754590150556
    outer loop
      vertex 25.265760036944958 10.208029670583603 0
      vertex 25.440066622048747 9.765526625109432 0
      vertex 31.97512960752916 12.274102271926534 39
    endloop
  endfacet
  facet normal -0.9093491032218645 -0.3766647314863022 0.17665754590150556
    outer loop
      vertex 25.083757256579002 10.647423251332711 0
      vertex 25.265760036944958 10.208029670583603 0
      vertex 31.75604701891247 12.830275824494986 39
    endloop
  endfacet
  facet normal -0.6392337740537876 -0.7484465869953639 0.1766575459015056
    outer loop
      vertex 17.515962363958195 20.874711074992153 0
      vertex 17.877608539991325 20.565836061070538 0
      vertex 22.01547563176397 26.237022176824997 39
    endloop
  endfacet
  facet normal -0.6521986096866468 -0.7371764273217521 0.1766575459015056
    outer loop
      vertex 17.877608539991325 20.565836061070538 0
      vertex 18.233809023278887 20.250696494258992 0
      vertex 22.470021742924875 25.848803122629942 39
    endloop
  endfacet
  facet normal -0.6649647793049972 -0.725681716567197 0.17665754590150562
    outer loop
      vertex 18.233809023278887 20.250696494258992 0
      vertex 18.584455311703085 19.929388369122396 0
      vertex 22.917723267790894 25.452710272600754 39
    endloop
  endfacet
  facet normal -0.6775283942099144 -0.7139659561319379 0.17665754590150556
    outer loop
      vertex 18.584455311703085 19.929388369122396 0
      vertex 18.929440595007677 19.602009559228247 0
      vertex 23.358443832140573 25.048864280456588 39
    endloop
  endfacet
  facet normal -0.7484465869953639 -0.6392337740537876 0.1766575459015056
    outer loop
      vertex 20.565836061070538 17.877608539991325 0
      vertex 20.874711074992153 17.515962363958195 0
      vertex 26.237022176824997 22.01547563176397 39
    endloop
  endfacet
  facet normal -0.7139659561319379 -0.6775283942099144 0.17665754590150556
    outer loop
      vertex 19.602009559228247 18.929440595007677 0
      vertex 19.929388369122396 18.584455311703085 0
      vertex 25.048864280456588 23.358443832140573 39
    endloop
  endfacet
  facet normal -0.725681716567197 -0.6649647793049972 0.17665754590150565
    outer loop
      vertex 19.929388369122396 18.584455311703085 0
      vertex 20.250696494258992 18.233809023278887 0
      vertex 25.452710272600754 22.917723267790894 39
    endloop
  endfacet
  facet normal -0.7371764273217521 -0.6521986096866468 0.1766575459015056
    outer loop
      vertex 20.250696494258992 18.233809023278887 0
      vertex 20.565836061070538 17.877608539991325 0
      vertex 25.848803122629942 22.470021742924875 39
    endloop
  endfacet
  facet normal -0.6898856274025923 -0.7020327147500954 0.17665754590150554
    outer loop
      vertex 18.929440595007677 19.602009559228247 0
      vertex 19.268659787333423 19.268659787333423 0
      vertex 23.792049188220656 24.637388161598803 39
    endloop
  endfacet
  facet normal -0.7020327147500954 -0.6898856274025923 0.17665754590150554
    outer loop
      vertex 19.268659787333423 19.268659787333423 0
      vertex 19.602009559228247 18.929440595007677 0
      vertex 24.637388161598803 23.792049188220656 39
    endloop
  endfacet
  facet normal -0.6127239609153139 -0.7702995905466302 0.17665754590150556
    outer loop
      vertex 16.77677520262419 21.473293035783172 0
      vertex 17.14898065610807 21.177227449702457 0
      vertex 21.086405529903796 26.989368311030226 39
    endloop
  endfacet
  facet normal -0.6260742216209622 -0.7594887625882056 0.17665754590150562
    outer loop
      vertex 17.14898065610807 21.177227449702457 0
      vertex 17.515962363958195 20.874711074992153 0
      vertex 21.55422339345693 26.617249179901254 39
    endloop
  endfacet
  facet normal -0.7702995905466302 -0.6127239609153139 0.17665754590150556
    outer loop
      vertex 21.177227449702457 17.14898065610807 0
      vertex 21.473293035783172 16.77677520262419 0
      vertex 26.989368311030226 21.086405529903796 39
    endloop
  endfacet
  facet normal -0.7594887625882056 -0.6260742216209622 0.17665754590150562
    outer loop
      vertex 20.874711074992153 17.515962363958195 0
      vertex 21.177227449702457 17.14898065610807 0
      vertex 26.617249179901254 21.55422339345693 39
    endloop
  endfacet
  facet normal -0.11142279626205055 -0.9779453317794421 0.17665754590150556
    outer loop
      vertex 4.174025011626301 33.994705693715275 39
      vertex 3.5800998669171316 34.06237491636336 39
      vertex 3.320939607790269 27.046882632226023 0
    endloop
  endfacet
  facet normal -0.12847332543413847 -0.9758517900418852 0.17665754590150556
    outer loop
      vertex 4.7666787078822415 33.91668135439878 39
      vertex 4.174025011626301 33.994705693715275 39
      vertex 3.7924670011617834 26.984804873207793 0
    endloop
  endfacet
  facet normal -0.008589287835078167 -0.9842348985941027 0.1766575459015056
    outer loop
      vertex 0.5977449204769603 34.2447835591064 39
      vertex 0 34.25 39
      vertex 0.4755780754159757 27.245849693011664 0
    endloop
  endfacet
  facet normal -0.025765247124967038 -0.9839350911094932 0.17665754590150556
    outer loop
      vertex 1.1953077620606583 34.22913582540403 39
      vertex 0.5977449204769603 34.2447835591064 39
      vertex 0.9510112851431514 27.23340003627036 0
    endloop
  endfacet
  facet normal -0.0429333580709756 -0.983335567464539 0.17665754590150565
    outer loop
      vertex 1.7925065013208263 34.20306156534416 39
      vertex 1.1953077620606583 34.22913582540403 39
      vertex 1.4261548076202195 27.212654822062138 0
    endloop
  endfacet
  facet normal -0.06008839110022191 -0.9824365102799488 0.17665754590150567
    outer loop
      vertex 2.3891592257362917 34.16656872139898 39
      vertex 1.7925065013208263 34.20306156534416 39
      vertex 1.9008639095274145 27.183620369580208 0
    endloop
  endfacet
  facet normal -0.07722512062343989 -0.9812381934172522 0.17665754590150567
    outer loop
      vertex 2.985084189107292 34.11966840964229 39
      vertex 2.3891592257362917 34.16656872139898 39
      vertex 2.374993989873685 27.146305523000066 0
    endloop
  endfacet
  facet normal -0.09433832662683363 -0.9797409818953713 0.17665754590150556
    outer loop
      vertex 3.5800998669171316 34.06237491636336 39
      vertex 2.985084189107292 34.11966840964229 39
      vertex 2.848400624043557 27.10072164878545 0
    endloop
  endfacet
  facet normal -0.14548472038676816 -0.9734609943957906 0.17665754590150562
    outer loop
      vertex 5.357880427627907 33.82832566538347 39
      vertex 4.7666787078822415 33.91668135439878 39
      vertex 4.2628391723462915 26.914507281217503 0
    endloop
  endfacet
  facet normal -0.1624517992842255 -0.9707736731006743 0.17665754590150554
    outer loop
      vertex 5.947450085092364 33.72966554066812 39
      vertex 5.357880427627907 33.82832566538347 39
      vertex 4.731912841423852 26.83601126958267 0
    endloop
  endfacet
  facet normal -0.17936939378989478 -0.9677906447406398 0.17665754590150565
    outer loop
      vertex 6.53520809164666 33.62073103308249 39
      vertex 5.947450085092364 33.72966554066812 39
      vertex 5.199545124010846 26.749340748948843 0
    endloop
  endfacet
  facet normal -0.1962323506406548 -0.9645128179750131 0.17665754590150556
    outer loop
      vertex 7.120975410508257 33.50155532513284 39
      vertex 6.53520809164666 33.62073103308249 39
      vertex 5.665593574783942 26.654522119996205 0
    endloop
  endfacet
  facet normal -0.21303553321643945 -0.9609411912615906 0.17665754590150556
    outer loop
      vertex 7.704573611277376 33.37217471889431 39
      vertex 7.120975410508257 33.50155532513284 39
      vertex 6.129916230870322 26.55158426539766 0
    endloop
  endfacet
  facet normal -0.22977382310509592 -0.9570768525524612 0.17665754590150562
    outer loop
      vertex 8.28582492428862 33.23262862495288 39
      vertex 7.704573611277376 33.37217471889431 39
      vertex 6.592371655090946 26.440558541020906 0
    endloop
  endfacet
  facet normal -0.24644212166137047 -0.9529209789626314 0.17665754590150554
    outer loop
      vertex 8.864552294761335 33.08295955040059 39
      vertex 8.28582492428862 33.23262862495288 39
      vertex 7.05281897904369 26.321478766377112 0
    endloop
  endfacet
  facet normal -0.2630353515600293 -0.9484748364114618 0.17665754590150567
    outer loop
      vertex 9.440579436732222 32.923213085887426 39
      vertex 8.864552294761335 33.08295955040059 39
      vertex 7.511117946013227 26.19438121431919 0
    endloop
  endfacet
  facet normal -0.5142809040997519 -0.8392301610132938 0.1766575459015056
    outer loop
      vertex 18.149734799987268 29.04564729335759 39
      vertex 17.640054065669354 29.35798004904735 39
      vertex 14.440299950354834 23.109310620262608 0
    endloop
  endfacet
  facet normal -0.5288491624915105 -0.8301269028335881 0.17665754590150562
    outer loop
      vertex 18.653886949264677 28.724466952130772 39
      vertex 18.149734799987268 29.04564729335759 39
      vertex 14.841413704159487 22.853772976512804 0
    endloop
  endfacet
  facet normal -0.5432563283052942 -0.8207707799576613 0.17665754590150562
    outer loop
      vertex 19.15235694387308 28.39453686001018 39
      vertex 18.653886949264677 28.724466952130772 39
      vertex 15.238006619577853 22.59127385212489 0
    endloop
  endfacet
  facet normal -0.2795484583425479 -0.9437397792370321 0.1766575459015057
    outer loop
      vertex 10.013730886753734 32.75343789173397 39
      vertex 9.440579436732222 32.923213085887426 39
      vertex 7.967128953694577 26.059304599992714 0
    endloop
  endfacet
  facet normal -0.2959764119566015 -0.9387172497836362 0.1766575459015056
    outer loop
      vertex 10.583832057341949 32.573685683109005 39
      vertex 10.013730886753734 32.75343789173397 39
      vertex 8.420713096717316 25.916290069042933 0
    endloop
  endfacet
  facet normal -0.31231420828835704 -0.9334087779624072 0.17665754590150567
    outer loop
      vertex 11.150709290157616 32.384011214276605 39
      vertex 10.583832057341949 32.573685683109005 39
      vertex 8.87173220895752 25.765381185081385 0
    endloop
  endfacet
  facet normal -0.3285568706868516 -0.9278159807852638 0.17665754590150562
    outer loop
      vertex 11.714189908904153 32.184472261917364 39
      vertex 11.150709290157616 32.384011214276605 39
      vertex 9.320048905624473 25.606623916416005 0
    endloop
  endfacet
  facet normal -0.34469945147971653 -0.9219405618724235 0.1766575459015056
    outer loop
      vertex 12.274102271926534 31.97512960752916 39
      vertex 11.714189908904153 32.184472261917364 39
      vertex 9.765526625109432 25.440066622048747 0
    endloop
  endfacet
  facet normal -0.39247769376609926 -0.9026368989644183 0.1766575459015056
    outer loop
      vertex 13.930730025346158 31.288931924259078 39
      vertex 13.382541150757627 31.527291230746084 39
      vertex 11.083573523815556 24.894113720760874 0
    endloop
  endfacet
  facet normal -0.40817110353833846 -0.8956497427635162 0.17665754590150556
    outer loop
      vertex 14.474675464618956 31.04104170600526 39
      vertex 13.930730025346158 31.288931924259078 39
      vertex 11.51634763243406 24.696887196748712 0
    endloop
  endfacet
  facet normal -0.3607370334804757 -0.9157843109334007 0.1766575459015056
    outer loop
      vertex 12.830275824494986 31.75604701891247 39
      vertex 12.274102271926534 31.97512960752916 39
      vertex 10.208029670583603 25.265760036944958 0
    endloop
  endfacet
  facet normal -0.37666473148630325 -0.9093491032218642 0.17665754590150562
    outer loop
      vertex 13.382541150757627 31.527291230746084 39
      vertex 12.830275824494986 31.75604701891247 39
      vertex 10.647423251332711 25.083757256579002 0
    endloop
  endfacet
  facet normal -0.423740180438403 -0.8883897629746119 0.1766575459015056
    outer loop
      vertex 15.014211777525903 30.78369608574647 39
      vertex 14.474675464618956 31.04104170600526 39
      vertex 11.94561375000236 24.4921377616523 0
    endloop
  endfacet
  facet normal -0.43918018197464775 -0.8808591710578784 0.17665754590150562
    outer loop
      vertex 15.549174616079478 30.5169734534516 39
      vertex 15.014211777525903 30.78369608574647 39
      vertex 12.37124111790265 24.279927784133026 0
    endloop
  endfacet
  facet normal -0.45448640497302634 -0.8730602609045677 0.17665754590150565
    outer loop
      vertex 16.07940102541676 30.24095505541825 39
      vertex 15.549174616079478 30.5169734534516 39
      vertex 12.793100085915524 24.06032190540576 0
    endloop
  endfacet
  facet normal -0.48467890783145495 -0.8566670693912342 0.17665754590150562
    outer loop
      vertex 17.125 29.661370079617022 39
      vertex 16.604729493437045 29.955724969524304 39
      vertex 13.625 23.599192253125953 0
    endloop
  endfacet
  facet normal -0.46965418700975037 -0.864995408138256 0.1766575459015056
    outer loop
      vertex 16.604729493437045 29.955724969524304 39
      vertex 16.07940102541676 30.24095505541825 39
      vertex 13.211062151712685 23.833387019548535 0
    endloop
  endfacet
  facet normal -0.4995559907626453 -0.8480777815561549 0.17665754590150562
    outer loop
      vertex 17.640054065669354 29.35798004904735 39
      vertex 17.125 29.661370079617022 39
      vertex 14.034787541298975 23.35780894413256 0
    endloop
  endfacet
  facet normal -0.8392301610132938 -0.5142809040997519 0.1766575459015056
    outer loop
      vertex 29.35798004904735 17.640054065669354 39
      vertex 29.04564729335759 18.149734799987268 39
      vertex 23.109310620262608 14.440299950354834 0
    endloop
  endfacet
  facet normal -0.8207707799576613 -0.5432563283052942 0.17665754590150556
    outer loop
      vertex 28.724466952130772 18.653886949264677 39
      vertex 28.39453686001018 19.15235694387308 39
      vertex 22.59127385212489 15.238006619577853 0
    endloop
  endfacet
  facet normal -0.8301269028335881 -0.5288491624915105 0.17665754590150562
    outer loop
      vertex 29.04564729335759 18.149734799987268 39
      vertex 28.724466952130772 18.653886949264677 39
      vertex 22.853772976512804 14.841413704159487 0
    endloop
  endfacet
  facet normal -0.9779453317794421 -0.11142279626205057 0.1766575459015056
    outer loop
      vertex 27.046882632226023 3.320939607790269 0
      vertex 34.06237491636336 3.5800998669171316 39
      vertex 33.994705693715275 4.174025011626301 39
    endloop
  endfacet
  facet normal -0.9758517900418852 -0.12847332543413847 0.17665754590150556
    outer loop
      vertex 26.984804873207793 3.7924670011617834 0
      vertex 33.994705693715275 4.174025011626301 39
      vertex 33.91668135439878 4.7666787078822415 39
    endloop
  endfacet
  facet normal -0.9734609943957906 -0.14548472038676816 0.17665754590150562
    outer loop
      vertex 33.91668135439878 4.7666787078822415 39
      vertex 33.82832566538347 5.357880427627907 39
      vertex 26.914507281217503 4.2628391723462915 0
    endloop
  endfacet
  facet normal -0.9707736731006745 -0.16245179928422523 0.17665754590150556
    outer loop
      vertex 26.83601126958267 4.731912841423852 0
      vertex 33.82832566538347 5.357880427627907 39
      vertex 33.72966554066812 5.947450085092364 39
    endloop
  endfacet
  facet normal -0.9677906447406398 -0.17936939378989478 0.17665754590150567
    outer loop
      vertex 33.72966554066812 5.947450085092364 39
      vertex 33.62073103308249 6.53520809164666 39
      vertex 26.749340748948843 5.199545124010846 0
    endloop
  endfacet
  facet normal -0.9645128179750131 -0.1962323506406548 0.17665754590150556
    outer loop
      vertex 33.62073103308249 6.53520809164666 39
      vertex 33.50155532513284 7.120975410508257 39
      vertex 26.654522119996205 5.665593574783942 0
    endloop
  endfacet
  facet normal -0.9609411912615906 -0.21303553321643945 0.17665754590150556
    outer loop
      vertex 33.50155532513284 7.120975410508257 39
      vertex 33.37217471889431 7.704573611277376 39
      vertex 26.55158426539766 6.129916230870322 0
    endloop
  endfacet
  facet normal -0.9570768525524612 -0.22977382310509592 0.17665754590150556
    outer loop
      vertex 33.37217471889431 7.704573611277376 39
      vertex 33.23262862495288 8.28582492428862 39
      vertex 26.440558541020906 6.592371655090946 0
    endloop
  endfacet
  facet normal -0.9529209789626314 -0.24644212166137047 0.1766575459015056
    outer loop
      vertex 33.23262862495288 8.28582492428862 39
      vertex 33.08295955040059 8.864552294761335 39
      vertex 26.321478766377112 7.05281897904369 0
    endloop
  endfacet
  facet normal -0.9484748364114617 -0.2630353515600294 0.17665754590150567
    outer loop
      vertex 26.19438121431919 7.511117946013227 0
      vertex 33.08295955040059 8.864552294761335 39
      vertex 32.923213085887426 9.440579436732222 39
    endloop
  endfacet
  facet normal -0.9842348985941027 -0.008589287835078768 0.1766575459015056
    outer loop
      vertex 27.245849693011664 0.4755780754159757 0
      vertex 34.25 0 39
      vertex 34.2447835591064 0.5977449204769603 39
    endloop
  endfacet
  facet normal -0.9839350911094932 -0.02576524712496824 0.17665754590150556
    outer loop
      vertex 27.23340003627036 0.9510112851431514 0
      vertex 34.2447835591064 0.5977449204769603 39
      vertex 34.22913582540403 1.1953077620606583 39
    endloop
  endfacet
  facet normal -0.9833355674645391 -0.042933358070974856 0.17665754590150565
    outer loop
      vertex 27.212654822062138 1.4261548076202195 0
      vertex 34.22913582540403 1.1953077620606583 39
      vertex 34.20306156534416 1.7925065013208263 39
    endloop
  endfacet
  facet normal -0.9824365102799488 -0.06008839110022146 0.17665754590150567
    outer loop
      vertex 27.183620369580208 1.9008639095274145 0
      vertex 34.20306156534416 1.7925065013208263 39
      vertex 34.16656872139898 2.3891592257362917 39
    endloop
  endfacet
  facet normal -0.9812381934172522 -0.07722512062343989 0.17665754590150567
    outer loop
      vertex 34.16656872139898 2.3891592257362917 39
      vertex 34.11966840964229 2.985084189107292 39
      vertex 27.146305523000066 2.374993989873685 0
    endloop
  endfacet
  facet normal -0.9797409818953713 -0.09433832662683363 0.17665754590150562
    outer loop
      vertex 34.11966840964229 2.985084189107292 39
      vertex 34.06237491636336 3.5800998669171316 39
      vertex 27.10072164878545 2.848400624043557 0
    endloop
  endfacet
  facet normal -0.9026368989644183 -0.39247769376609926 0.1766575459015056
    outer loop
      vertex 31.527291230746084 13.382541150757627 39
      vertex 31.288931924259078 13.930730025346158 39
      vertex 24.894113720760874 11.083573523815556 0
    endloop
  endfacet
  facet normal -0.8956497427635162 -0.40817110353833846 0.17665754590150556
    outer loop
      vertex 31.288931924259078 13.930730025346158 39
      vertex 31.04104170600526 14.474675464618956 39
      vertex 24.696887196748712 11.51634763243406 0
    endloop
  endfacet
  facet normal -0.9437397792370321 -0.2795484583425479 0.1766575459015057
    outer loop
      vertex 32.923213085887426 9.440579436732222 39
      vertex 32.75343789173397 10.013730886753734 39
      vertex 26.059304599992714 7.967128953694577 0
    endloop
  endfacet
  facet normal -0.9387172497836362 -0.2959764119566015 0.1766575459015056
    outer loop
      vertex 32.75343789173397 10.013730886753734 39
      vertex 32.573685683109005 10.583832057341949 39
      vertex 25.916290069042933 8.420713096717316 0
    endloop
  endfacet
  facet normal -0.9219405618724235 -0.34469945147971653 0.1766575459015056
    outer loop
      vertex 32.184472261917364 11.714189908904153 39
      vertex 31.97512960752916 12.274102271926534 39
      vertex 25.440066622048747 9.765526625109432 0
    endloop
  endfacet
  facet normal -0.9334087779624073 -0.3123142082883564 0.17665754590150565
    outer loop
      vertex 25.765381185081385 8.87173220895752 0
      vertex 32.573685683109005 10.583832057341949 39
      vertex 32.384011214276605 11.150709290157616 39
    endloop
  endfacet
  facet normal -0.9278159807852638 -0.3285568706868516 0.17665754590150562
    outer loop
      vertex 32.384011214276605 11.150709290157616 39
      vertex 32.184472261917364 11.714189908904153 39
      vertex 25.606623916416005 9.320048905624473 0
    endloop
  endfacet
  facet normal -0.9157843109334008 -0.3607370334804753 0.17665754590150562
    outer loop
      vertex 25.265760036944958 10.208029670583603 0
      vertex 31.97512960752916 12.274102271926534 39
      vertex 31.75604701891247 12.830275824494986 39
    endloop
  endfacet
  facet normal -0.9093491032218642 -0.37666473148630325 0.17665754590150562
    outer loop
      vertex 31.75604701891247 12.830275824494986 39
      vertex 31.527291230746084 13.382541150757627 39
      vertex 25.083757256579002 10.647423251332711 0
    endloop
  endfacet
  facet normal -0.8566670693912342 -0.48467890783145495 0.17665754590150562
    outer loop
      vertex 29.955724969524304 16.604729493437045 39
      vertex 29.661370079617022 17.125 39
      vertex 23.599192253125953 13.625 0
    endloop
  endfacet
  facet normal -0.8730602609045677 -0.45448640497302634 0.17665754590150565
    outer loop
      vertex 30.5169734534516 15.549174616079478 39
      vertex 30.24095505541825 16.07940102541676 39
      vertex 24.06032190540576 12.793100085915524 0
    endloop
  endfacet
  facet normal -0.864995408138256 -0.46965418700975037 0.1766575459015056
    outer loop
      vertex 30.24095505541825 16.07940102541676 39
      vertex 29.955724969524304 16.604729493437045 39
      vertex 23.833387019548535 13.211062151712685 0
    endloop
  endfacet
  facet normal -0.888389762974612 -0.42374018043840284 0.1766575459015056
    outer loop
      vertex 24.4921377616523 11.94561375000236 0
      vertex 31.04104170600526 14.474675464618956 39
      vertex 30.78369608574647 15.014211777525903 39
    endloop
  endfacet
  facet normal -0.8808591710578784 -0.43918018197464775 0.17665754590150562
    outer loop
      vertex 30.78369608574647 15.014211777525903 39
      vertex 30.5169734534516 15.549174616079478 39
      vertex 24.279927784133026 12.37124111790265 0
    endloop
  endfacet
  facet normal -0.8480777815561549 -0.4995559907626453 0.17665754590150562
    outer loop
      vertex 29.661370079617022 17.125 39
      vertex 29.35798004904735 17.640054065669354 39
      vertex 23.35780894413256 14.034787541298975 0
    endloop
  endfacet
  facet normal -0.6260742216209645 -0.7594887625882036 0.17665754590150556
    outer loop
      vertex 22.01547563176397 26.237022176824997 39
      vertex 21.55422339345693 26.617249179901254 39
      vertex 17.515962363958195 20.874711074992153 0
    endloop
  endfacet
  facet normal -0.5715698783570272 -0.8013114161366919 0.17665754590150565
    outer loop
      vertex 20.131644891017206 27.70883205734195 39
      vertex 19.644992945023326 28.05595751689797 39
      vertex 16.017148124969893 22.045713096717318 0
    endloop
  endfacet
  facet normal -0.5854676380133553 -0.7912141027023724 0.1766575459015056
    outer loop
      vertex 20.612164542957654 27.353266219119778 39
      vertex 20.131644891017206 27.70883205734195 39
      vertex 16.399459380893315 21.76281764878873 0
    endloop
  endfacet
  facet normal -0.5574980129788513 -0.8111646423511628 0.17665754590150565
    outer loop
      vertex 19.644992945023326 28.05595751689797 39
      vertex 19.15235694387308 28.39453686001018 39
      vertex 15.629957890566004 22.321893206875025 0
    endloop
  endfacet
  facet normal -0.5991870585555757 -0.7808757777877186 0.17665754590150556
    outer loop
      vertex 21.086405529903796 26.989368311030226 39
      vertex 20.612164542957654 27.353266219119778 39
      vertex 16.77677520262419 21.473293035783172 0
    endloop
  endfacet
  facet normal -0.6127239609153133 -0.7702995905466309 0.17665754590150562
    outer loop
      vertex 21.55422339345693 26.617249179901254 39
      vertex 21.086405529903796 26.989368311030226 39
      vertex 17.14898065610807 21.177227449702457 0
    endloop
  endfacet
  facet normal -0.6392337740537867 -0.7484465869953646 0.1766575459015056
    outer loop
      vertex 22.470021742924875 25.848803122629942 39
      vertex 22.01547563176397 26.237022176824997 39
      vertex 17.877608539991325 20.565836061070538 0
    endloop
  endfacet
  facet normal -0.6521986096866438 -0.7371764273217547 0.17665754590150565
    outer loop
      vertex 22.917723267790894 25.452710272600754 39
      vertex 22.470021742924875 25.848803122629942 39
      vertex 18.233809023278887 20.250696494258992 0
    endloop
  endfacet
  facet normal -0.677528394209915 -0.7139659561319375 0.17665754590150556
    outer loop
      vertex 23.792049188220656 24.637388161598803 39
      vertex 23.358443832140573 25.048864280456588 39
      vertex 18.929440595007677 19.602009559228247 0
    endloop
  endfacet
  facet normal -0.6649647793050015 -0.7256817165671932 0.17665754590150554
    outer loop
      vertex 23.358443832140573 25.048864280456588 39
      vertex 22.917723267790894 25.452710272600754 39
      vertex 18.584455311703085 19.929388369122396 0
    endloop
  endfacet
  facet normal -0.6898856274025945 -0.7020327147500933 0.1766575459015055
    outer loop
      vertex 24.218407255639253 24.218407255639253 39
      vertex 23.792049188220656 24.637388161598803 39
      vertex 19.268659787333423 19.268659787333423 0
    endloop
  endfacet
  facet normal -0.7594887625882036 -0.6260742216209645 0.17665754590150556
    outer loop
      vertex 26.617249179901254 21.55422339345693 39
      vertex 26.237022176824997 22.01547563176397 39
      vertex 20.874711074992153 17.515962363958195 0
    endloop
  endfacet
  facet normal -0.7139659561319375 -0.677528394209915 0.17665754590150556
    outer loop
      vertex 25.048864280456588 23.358443832140573 39
      vertex 24.637388161598803 23.792049188220656 39
      vertex 19.602009559228247 18.929440595007677 0
    endloop
  endfacet
  facet normal -0.7020327147500933 -0.6898856274025945 0.1766575459015055
    outer loop
      vertex 24.637388161598803 23.792049188220656 39
      vertex 24.218407255639253 24.218407255639253 39
      vertex 19.268659787333423 19.268659787333423 0
    endloop
  endfacet
  facet normal -0.7256817165671932 -0.6649647793050015 0.17665754590150554
    outer loop
      vertex 25.452710272600754 22.917723267790894 39
      vertex 25.048864280456588 23.358443832140573 39
      vertex 19.929388369122396 18.584455311703085 0
    endloop
  endfacet
  facet normal -0.7484465869953646 -0.6392337740537867 0.1766575459015056
    outer loop
      vertex 26.237022176824997 22.01547563176397 39
      vertex 25.848803122629942 22.470021742924875 39
      vertex 20.565836061070538 17.877608539991325 0
    endloop
  endfacet
  facet normal -0.7371764273217547 -0.6521986096866438 0.17665754590150562
    outer loop
      vertex 25.848803122629942 22.470021742924875 39
      vertex 25.452710272600754 22.917723267790894 39
      vertex 20.250696494258992 18.233809023278887 0
    endloop
  endfacet
  facet normal -0.8013114161366919 -0.5715698783570272 0.17665754590150567
    outer loop
      vertex 28.05595751689797 19.644992945023326 39
      vertex 27.70883205734195 20.131644891017206 39
      vertex 22.045713096717318 16.017148124969893 0
    endloop
  endfacet
  facet normal -0.7912141027023724 -0.5854676380133553 0.1766575459015056
    outer loop
      vertex 27.70883205734195 20.131644891017206 39
      vertex 27.353266219119778 20.612164542957654 39
      vertex 21.76281764878873 16.399459380893315 0
    endloop
  endfacet
  facet normal -0.7808757777877188 -0.5991870585555756 0.17665754590150548
    outer loop
      vertex 21.473293035783172 16.77677520262419 0
      vertex 27.353266219119778 20.612164542957654 39
      vertex 26.989368311030226 21.086405529903796 39
    endloop
  endfacet
  facet normal -0.7702995905466309 -0.6127239609153133 0.17665754590150562
    outer loop
      vertex 26.989368311030226 21.086405529903796 39
      vertex 26.617249179901254 21.55422339345693 39
      vertex 21.177227449702457 17.14898065610807 0
    endloop
  endfacet
  facet normal -0.8111646423511628 -0.5574980129788513 0.17665754590150565
    outer loop
      vertex 28.39453686001018 19.15235694387308 39
      vertex 28.05595751689797 19.644992945023326 39
      vertex 22.321893206875025 15.629957890566004 0
    endloop
  endfacet
endsolid OpenSCAD_Model
